tree
version=v4
num_class=1
num_tree_per_iteration=1
label_index=0
max_feature_idx=46
objective=binary sigmoid:1
feature_names=amount amount_log hour_of_day day_of_week is_weekend is_night merchant_category_idx pi_type_idx cust_age_days cust_txn_count_prev cust_amount_sum_prev cust_amount_mean_prev cust_amount_std_prev cust_amount_max_prev cust_days_since_last_txn cust_amount_to_mean_ratio cust_amount_zscore cust_is_first_txn cust_decline_rate_prev velocity_txn_count_1h velocity_amount_sum_1h velocity_txn_count_24h velocity_amount_sum_24h velocity_txn_count_7d velocity_amount_sum_7d merchant_age_days merchant_txn_count_prev merchant_amount_mean_prev merchant_amount_std_prev merchant_decline_rate_prev merchant_velocity_txn_count_1h merchant_velocity_txn_count_24h merchant_velocity_txn_count_7d amount_to_merchant_mean_ratio device_txn_count_prev device_distinct_cust_prev device_distinct_merchants_prev device_velocity_count_24h device_velocity_count_7d device_is_new_for_cust device_age_days pi_txn_count_prev pi_distinct_cust_prev pi_distinct_merchants_prev pi_velocity_count_1h pi_velocity_count_24h pi_age_days
feature_infos=[10:40599.769999999997] [2.3978999999999999:10.611499999999999] [0:23] [0:6] [0:1] [0:1] [0:9] [0:3] [0:141.78] [0:19] [0:79330.690000000002] [10:40599.769999999997] [0:26313.779999999999] [0:40599.769999999997] [-1:129.916481] [0.0074999999999999997:120.4255] [-1087.5625:1393.8041000000001] [0:1] [0:1] [0:17] [0:13485.48] [0:17] [0:29256.740000000002] [0:17] [0:39109.870000000003] [0:141.44999999999999] [0:230] [33.920000000000002:23344.439999999999] [0:20177.549999999999] [0:1] [0:17] [0:18] [0:27] [0.0048999999999999998:64.799000000000007] [0:23] [0:8] [0:18] [0:17] [0:23] [0:1] [0:140.62] [0:23] [0:8] [0:15] [0:17] [0:17] [0:139.77000000000001]
tree_sizes=2638 2849 3433 3179 3415 3315 3414 3115 3441 2669 3321 2773 3426 3220 3230 3415 2791 2669 3442 3379 3394 3390 3518 3410 3415 3518 3509 3491 3504 3520 3396 3516 3400 3514 3467 3473 3468 3479 3466 3473 3410 3419 3427 3414 3438 3429 3442 3431 3442 3431 3416 3453 3414 3431 3439 3435 3459 3451 3457 3409 3425 3409 3414 3424 3414 3421 3411 3418 3434 3426 3453 3419 3429 3432 3402 3417 3445 3421 3429 3423 3461 3436 3433 3448 3446 3439 3444 3237 3147 3137 3247 3148 3140 3241 3142 3251 3149 3153 3358 3252 3250 3159 3252 3040 3155 3076 3145 2920 2920 3056 2931 2931 2925 2595 2929 3035 2702 3044 3046 2807 3056 2705 2604 2602 2594 2613 2605 2606 2598 2713 2601 2604 3488 2604 2719 2609 2610 3500 2615 2722 2612 2730 3546 2409 2957 3519 2421 2519 3202 2978

Tree=0
num_leaves=24
num_cat=0
split_feature=46 40 7 37 8 16 8 0 35 23 0 45 22 33 8 31 32 20 0 0 0 0 0
split_gain=1.71807e+06 112307 72490.7 33871.3 29882.4 18344.9 16196.7 11539.8 7581.37 7227.82 4915.68 1317.83 6851.18 10748.2 1292.3 0.805674 0.0487853 1.13687e-13 3.55271e-15 1.77636e-15 4.44089e-16 2.22045e-16 2.22045e-16
threshold=1.9750000000000003 0.49500000000000005 1.5000000000000002 1.0000000180025095e-35 12.115 0.15540000000000001 1.0000000180025095e-35 228.72500000000005 4.5000000000000009 1.0000000180025095e-35 228.72500000000005 1.5000000000000002 261.59000000000009 1.9615500000000001 20.575000000000003 1.0000000180025095e-35 1.5000000000000002 2320.2850000000003 7373.4350000000004 3917.4200000000005 5695.46 5875.4250000000011 5183.6950000000006
decision_type=2 2 2 2 2 2 2 2 2 2 2 2 2 2 2 2 2 2 2 2 2 2 2
left_child=2 5 3 4 6 20 -1 -8 17 14 -11 12 -5 -14 -6 -13 -17 -3 19 -4 -2 22 -21
right_child=1 8 18 11 9 -7 7 -9 -10 10 -12 15 13 -15 -16 16 -18 -19 -20 21 -22 -23 -24
leaf_value=-0.11111605927186652 -4.5067395267467836 -4.5067395267467836 -4.5067395267467836 -0.098361215998227891 -1.1303464297655843 -0.12940996167795138 -0.098361215998227891 -4.1994901910298594 -0.098361215998227891 -0.098361215998229667 -4.5067395267467836 -0.10910704577232799 -4.5067395267467836 -0.31718522583841313 -0.14293328211985745 -0.10091810296399206 -0.098361215998227891 -4.5067395267467836 -4.5067395267467836 -4.5067395267467836 -4.5067395267467836 -4.5067395267467836 -4.5067395267467836
leaf_weight=3.9200792210176614 2.4612223329022558 500.33133995998651 8.2796880323439783 31.2698974609375 3.8275739206001225 17.714079744182527 1.9543685913085926 14.020528456196187 0.97718429565429588 0.97718429565429632 1.792042067274451 18.611869771033525 2.4385382561013094 4.1128938738256693 24.679132236167789 19.555027951486409 405.5314826965332 0.44233949761837621 0.43099745921790678 0.80528472643345661 0.30623503681272257 0.45368153601884831 0.23818280640989542
leaf_count=5 217 44113 730 32 82 29 2 1151 1 1 158 23 215 22 47 21 415 39 38 71 27 40 21
internal_value=-2.30255 -4.35001 -0.333028 -0.253048 -1.4761 -0.720873 -2.99105 -3.69776 -4.49815 -0.512418 -2.95114 -0.123075 -0.406388 -1.8766 -0.275513 -0.0989247 -0.0984788 -4.50674 -4.50674 -4.50674 -4.50674 -4.50674 -4.50674
internal_weight=1065.13 522.232 542.898 532.691 51.1709 20.4815 19.895 15.9749 501.751 31.2759 2.76923 481.52 37.8213 6.55143 28.5067 443.698 425.087 500.774 10.2078 9.77684 2.76746 1.49715 1.04347
internal_count=47500 44426 3074 2174 1446 273 1158 1153 44153 288 159 728 269 237 129 459 436 44152 900 862 244 132 92
is_linear=0
shrinkage=1


Tree=1
num_leaves=26
num_cat=0
split_feature=46 40 33 0 2 0 1 37 40 23 25 34 40 16 8 34 8 32 33 46 46 23 31 2 8
split_gain=2371.11 2062.13 10.3852 58.4989 140.251 8.67153 382.661 17.1513 112.164 14.3654 5.31505 55.8377 1.17803 0.899714 0.66164 0.894698 0.516383 0.341299 0.201602 0.0653938 0.0449283 0.00956576 0.000630083 3.63798e-12 5.68434e-14
threshold=2.1150000000000007 0.49500000000000005 3.1867500000000004 7595.3300000000008 19.500000000000004 228.72500000000005 7.8228500000000007 1.0000000180025095e-35 1.4350000000000003 1.0000000180025095e-35 80.625000000000014 1.5000000000000002 20.815000000000001 0.26835000000000003 24.235000000000003 7.5000000000000009 9.8750000000000018 1.5000000000000002 7.0453500000000009 0.63500000000000012 0.015000000000000001 1.5000000000000002 1.5000000000000002 20.500000000000004 33.095000000000006
decision_type=2 2 2 2 2 2 2 2 2 2 2 2 2 2 2 2 2 2 2 2 2 2 2 2 2
left_child=2 10 5 4 14 9 12 8 -8 -1 11 13 16 -2 15 -4 -7 -9 19 -5 -14 -12 -11 -24 -3
right_child=1 24 3 18 -6 6 7 17 -10 22 21 -13 20 -15 -16 -17 -18 -19 -20 -21 -22 -23 23 -25 -26
leaf_value=0.11473584089385114 -0.050551718866241852 -0.050551718866241852 0.091636598379594481 0.1046726636984537 0.1978652634819468 -0.052064801549813279 0.1017289784014561 0.10663275617415933 -0.060657396893663965 0.10522265069543463 0.10638026519859332 0.10690782889171452 -0.089974501315862612 -0.093930683652587443 0.10629750089980439 0.1057640877466773 -0.065048403583687173 0.10503622024907489 0.10665864528130953 0.10553206687735615 -0.079401031085690535 0.10690782889171452 0.10516806157634484 0.10516806157634484 -0.050551718866241852
leaf_weight=417.83284367900342 2.2993000885471693 150.73909125104547 23.43851091247052 387.86319404561073 60.629874260164797 15.858701757155361 110.913285006769 387.15223598945886 11.761628395877777 580.1190242767334 172.10054633766413 42.898128509521484 2.7727101054042569 2.4895623326301575 64.422564338892698 21.475015640258789 14.809607149101792 2473.011571560055 300.22817487549037 515.60469430405647 1.575573982670903 171.59251403808594 5221.3357830047607 730.55727005004883 323.94223641883582
leaf_count=22 213 13964 77 33 25 1190 289 63 467 27 33 2 20 10 7 1 472 196 19 35 41 8 243 34 30009
internal_value=0.0992483 0.0195053 0.105338 0.109413 0.136872 0.104776 0.102538 0.104467 0.08616 0.105748 0.104473 0.0888306 -0.0617878 -0.0731029 0.10305 0.0983915 -0.0583345 0.105252 0.105536 0.105163 -0.0861433 0.106644 0.105173 0.105168 -0.0505517
internal_weight=12207.4 866.061 11341.4 1373.66 169.966 9967.7 3017.86 2982.84 122.675 6949.84 391.38 47.687 35.0166 4.78886 109.336 44.9135 30.6683 2860.16 1203.7 903.468 4.34828 343.693 6532.01 5951.89 474.681
internal_count=47500 44239 3261 197 110 3064 2738 1015 756 326 266 225 1723 223 85 78 1662 259 87 68 61 41 304 277 43973
is_linear=0
shrinkage=0.05


Tree=2
num_leaves=31
num_cat=0
split_feature=46 40 33 41 2 0 1 37 40 23 25 34 40 8 25 16 8 1 22 35 46 23 31 2 0 2 8 46 0 8
split_gain=2054.07 1875.78 8.59522 51.9192 227.164 7.53973 341.089 15.445 99.81 11.0845 4.61222 50.0752 0.965607 0.859896 0.844926 0.722841 0.443957 0.307721 0.138472 0.198513 0.0319424 0.00914475 0.000457296 3.63798e-12 1.13687e-13 7.10543e-15 7.10543e-15 7.10543e-15 4.44089e-16 1.11022e-16
threshold=2.1150000000000007 0.49500000000000005 3.1867500000000004 1.0000000180025095e-35 19.500000000000004 228.72500000000005 7.8228500000000007 1.0000000180025095e-35 1.4350000000000003 1.0000000180025095e-35 80.625000000000014 1.5000000000000002 20.815000000000001 30.405000000000005 92.315000000000012 0.26835000000000003 9.8750000000000018 8.5276500000000013 5711.7450000000008 2.5000000000000004 0.015000000000000001 1.5000000000000002 1.5000000000000002 18.500000000000004 6087.1250000000009 2.5000000000000004 130.11500000000004 56.585000000000008 1210.5900000000001 70.445000000000007
decision_type=2 2 2 2 2 2 2 2 2 2 2 2 2 2 2 2 2 2 2 2 2 2 2 2 2 2 2 2 2 2
left_child=2 10 5 4 13 9 12 8 -8 -1 11 15 16 14 -4 28 -7 -9 19 -5 -14 -12 -11 -24 -3 29 27 -27 -2 -26
right_child=1 24 3 18 -6 6 7 17 -10 22 21 -13 20 -15 -16 -17 -18 -19 -20 -21 -22 -23 23 -25 25 26 -28 -29 -30 -31
leaf_value=0.10803041879666647 -0.050524522862504945 -0.050524522862504972 0.087074336993822124 0.098104980247518472 0.23212246257920885 -0.052021540392649668 0.095916504169243258 0.098787477698132162 -0.060202861183736883 0.099707259047187788 0.10062310069447911 0.10113785906818627 -0.086691509572509012 0.10187415476045325 0.10078735857685404 -0.089992116345670614 -0.064328084664786012 0.099997504456319788 0.10030198004720559 0.099767945058338248 -0.07767200773317133 0.10113785906818627 0.099660810392451504 0.099660810392451504 -0.050524522862504972 -0.050524522862504966 -0.050524522862504972 -0.050524522862504972 -0.050524522862504945 -0.05052452286250473
leaf_weight=421.47117291763425 0.69861524924635832 419.14860204048455 23.445413627661765 281.39432813040912 40.907849876210093 15.097494751214983 111.72891441453248 692.74738923367113 11.270345389842985 581.54658126831055 172.82649590820074 43.072528839111328 2.7347712703049174 107.65849685668945 21.564829812385142 2.4690817296504974 14.241083138622342 2175.2990106418729 409.25947917345911 495.39212608337402 1.5312439221888778 172.29011535644531 4889.2944488525391 1076.9371032714844 0.52396143693476815 22.48924677353353 0.33903387095779081 9.0614507328718883 1.4896942814812062 0.20547507330775261
leaf_count=22 68 40798 80 37 28 1190 289 128 467 27 33 2 20 5 3 10 472 131 21 23 41 8 227 50 51 2189 33 882 145 20
internal_value=0.0941901 0.0189596 0.0997768 0.103476 0.127485 0.0992661 0.0971814 0.0989612 0.0816114 0.100171 0.0988653 0.0842973 -0.0612271 0.0994478 0.0936444 -0.071448 -0.0579952 0.0997052 0.0995577 0.0991655 -0.083454 0.10088 0.0996649 0.0996608 -0.0505245 -0.0505245 -0.0505245 -0.0505245 -0.0505245 -0.0505245
internal_weight=12218.1 844.614 11373.5 1379.62 193.577 9993.9 3024.65 2991.05 122.999 6969.25 392.847 47.7299 33.6046 152.669 45.0102 4.65739 29.3386 2868.05 1186.05 776.786 4.26602 345.117 6547.78 5966.23 451.768 32.6192 31.8897 31.5507 2.18831 0.729437
internal_count=47500 44239 3261 197 116 3064 2738 1015 756 326 266 225 1723 88 83 223 1662 259 81 60 61 41 304 277 43973 3175 3104 3071 213 71
is_linear=0
shrinkage=0.05


Tree=3
num_leaves=29
num_cat=0
split_feature=46 40 33 41 2 37 6 2 28 0 25 34 6 8 25 40 16 31 0 10 11 22 35 33 34 18 0 0
split_gain=1796.8 1714.86 7.11191 42.0725 179.559 7.25691 130.215 113.147 73.4937 17.7663 4.04165 45.1943 1.19328 0.811972 0.815472 0.684982 0.584104 0.233387 2.5738 5.00216 0.818432 0.108883 0.169163 0.0610565 0.0713663 0.0094991 5.68434e-14 4.44089e-16
threshold=2.1150000000000007 0.49500000000000005 3.1867500000000004 1.0000000180025095e-35 19.500000000000004 1.0000000180025095e-35 3.5000000000000004 2.5000000000000004 3073.9400000000001 228.72500000000005 80.625000000000014 1.5000000000000002 2.5000000000000004 30.405000000000005 92.315000000000012 12.755000000000001 0.26835000000000003 1.0000000180025095e-35 3441.0650000000005 276.68000000000006 6448.2100000000009 5711.7450000000008 2.5000000000000004 2.6437500000000003 1.5000000000000002 0.13395000000000004 4215.5050000000001 2041.9300000000001
decision_type=2 2 2 2 2 2 2 2 2 2 2 2 2 2 2 2 2 2 2 2 2 2 2 2 2 2 2 2
left_child=2 10 5 4 13 6 8 -8 9 -1 11 16 -10 14 -4 -9 27 18 19 -7 -20 22 -5 24 -19 -12 -3 -2
right_child=1 26 3 21 -6 17 7 15 12 -11 25 -13 -14 -15 -16 -17 -18 23 20 -21 -22 -23 -24 -25 -26 -27 -28 -29
leaf_value=0.095888067426011442 -0.050498676583936787 -0.050498676583936808 0.082420251288460769 0.093504943923011841 0.21034151584541294 0.095431247621319798 0.094288501178207709 -0.052959753454986672 0.15576479684468991 0.072542631079659844 0.095700645879877033 0.096218832578948754 0.1737940451884907 0.096849792589737763 0.095885748795365988 -0.069512264777223276 -0.0865503311858557 0.094267622268360801 0.093784554683852425 0.067524811603949589 0.099884465738607611 0.095494573158152782 0.095042388690287499 0.095553844148430489 0.094943565717038589 0.096225625994632996 -0.050498676583936808 -0.050498676583936766
leaf_weight=408.46503639221191 1.0559777766466134 356.3533893302083 23.528336262330413 280.49357107281685 42.830219341441989 42.979248046875 21.975675235502422 16.141136143356565 19.109733673743904 101.80755732581019 172.6036789054051 43.011455535888672 17.6579261533916 107.58100318908691 21.534176411107183 10.199683046899734 2.4396294355392456 409.84562252368778 151.62234507501125 25.63604649156332 86.280377597548068 408.38340933155268 494.04668235778809 386.59975242614746 8269.5097340121865 172.06165966298431 73.595784489065409 1.0266450606286524
leaf_count=19 108 36446 80 37 28 2 38 1242 47 802 32 2 2 5 3 113 10 142 47 176 13 21 23 18 403 9 7527 105
internal_value=0.0898467 0.0184703 0.0950186 0.0983849 0.119874 0.0945531 0.0892003 0.0105186 0.0961497 0.0912303 0.0940778 0.0804101 0.164423 0.0944896 0.0888551 -0.0593692 -0.0699475 0.0948932 0.0935362 0.0850048 0.0959968 0.0948339 0.0944856 0.094939 0.0949116 0.0959627 -0.0504987 -0.0504987
internal_weight=12168.4 822.148 11346.2 1378.4 195.474 9967.83 595.357 48.3165 547.04 510.273 392.199 47.5337 36.7677 152.644 45.0625 26.3408 4.52225 9372.47 306.518 68.6153 237.903 1182.92 774.54 9065.96 8679.36 344.665 429.949 2.08262
internal_count=47500 44239 3261 197 116 3064 2263 1393 870 821 266 225 49 88 83 1355 223 801 238 178 60 81 60 563 545 41 43973 213
is_linear=0
shrinkage=0.05


Tree=4
num_leaves=31
num_cat=0
split_feature=46 40 33 0 27 37 32 6 8 28 3 9 16 34 40 16 31 0 0 2 15 40 31 16 34 25 0 8 8 13
split_gain=1584.05 1574.38 6.13251 36.0139 102.176 7.99803 119.552 76.0498 89.3438 53.2553 6.41824 3.63325 37.5226 2.55521 0.536718 0.454724 0.295012 2.37531 5.10205 0.714942 0.185772 0.183197 0.138784 0.050039 0.0729348 8.77072e-06 5.68434e-14 5.68434e-14 3.55271e-15 3.55271e-15
threshold=2.1150000000000007 0.49500000000000005 3.1867500000000004 7595.3300000000008 1634.2300000000002 1.0000000180025095e-35 4.5000000000000009 3.5000000000000004 46.955000000000005 3073.9400000000001 1.5000000000000002 2.5000000000000004 17.956950000000003 2.5000000000000004 22.075000000000003 0.42730000000000007 1.0000000180025095e-35 3441.0650000000005 56.430000000000007 9.5000000000000018 2.8879000000000006 12.295000000000002 1.0000000180025095e-35 2.4583500000000007 1.5000000000000002 80.625000000000014 8890.9000000000015 9.8750000000000018 6.705000000000001 3412.8450000000007
decision_type=2 2 2 2 2 2 2 2 2 2 2 2 2 2 2 2 2 2 2 2 2 2 2 2 2 2 2 2 2 2
left_child=2 11 5 4 10 6 7 9 -9 -1 -4 12 15 -12 21 25 17 18 -7 -19 22 -8 -5 24 -18 -2 27 28 -3 -30
right_child=1 26 3 20 -6 16 14 8 -10 -11 13 -13 -14 -15 -16 -17 23 19 -20 -21 -22 -23 -24 -25 -26 -27 -28 -29 29 -31
leaf_value=0.088864499202438496 -0.050474122391656252 -0.050474122391656252 0.10866494115850672 0.092038484738428933 0.17998941225351253 0.091653807341124868 -0.051397096944218845 -0.058462228339080671 0.090805998741080612 0.14985364145483257 0.0708543215896663 0.091737819543711185 0.09088184648443115 0.090117391926643808 -0.084549928144004916 -0.083519918571064042 0.090185428337524687 0.094673401643052657 0.063437300813749181 0.089153461464671083 0.089661464459778115 -0.064043402830262858 0.090783674845738668 0.091422059962472352 0.090871126652100426 -0.050746777122555958 -0.050474122391656266 -0.050474122391656266 -0.050474122391656273 -0.050474122391656079
leaf_weight=502.06964856851846 1.9354660212993615 16.283968929201368 42.203710282221437 342.25031035486609 45.159319071099162 42.719829559326172 6.3757110023871046 18.584843893535435 21.764355845749378 38.540548104792833 23.576427430845797 342.5474229734391 43.004308417439461 63.805686950683594 2.1004347987473002 1.9221303462982176 407.02785544097424 107.2138741184026 25.633546364493668 129.52968655433506 234.6984876897186 5.1988359335809946 618.69602258689702 384.0297751640901 8209.4304516548291 0.34798010997474182 7.1463360786437979 372.00029134377837 13.259803270921108 0.48386650532484132
leaf_count=593 208 1750 23 36 7 2 503 1036 37 24 77 23 3 3 24 8 142 15 176 45 15 46 36 20 401 24 768 39978 1425 52
internal_value=0.0860638 0.0180294 0.0908865 0.0940213 0.115224 0.0904525 0.0848306 0.0882703 0.022053 0.0932125 0.0926533 0.0899457 0.076942 0.0849201 -0.061297 -0.0656 0.0908118 0.0892827 0.0810722 0.0916533 0.0909226 -0.0570773 0.0912306 0.0908636 0.0908387 -0.0505157 -0.0504741 -0.0504741 -0.0504741 -0.0504741
internal_weight=12069.5 798.932 11270.6 1370.39 174.745 9900.22 594.634 580.959 40.3492 540.61 129.586 389.757 47.2099 87.3821 13.675 4.20558 9305.59 305.097 68.3534 236.744 1195.64 11.5745 960.946 9000.49 8616.46 2.28345 409.174 402.028 30.0276 13.7437
internal_count=47500 44239 3261 197 110 3064 2263 1690 1073 617 103 266 243 80 573 240 801 238 178 60 87 549 72 563 543 232 43973 43205 3227 1477
is_linear=0
shrinkage=0.05


Tree=5
num_leaves=30
num_cat=0
split_feature=46 40 33 33 37 32 6 2 28 25 34 3 0 35 40 16 31 2 9 8 27 40 33 37 23 10 0 8 46
split_gain=1406.83 1450.67 5.48689 32.2823 8.4852 107.989 66.7601 82.1442 37.8406 3.24589 37.9094 1.13951 0.580658 2.4719 0.441639 0.420672 0.359899 2.31225 2.51858 1.15064 0.158688 0.154544 0.0406081 0.0761065 0.0088984 2.2944e-08 5.68434e-14 3.55271e-15 1.77636e-15
threshold=2.1150000000000007 0.49500000000000005 3.1867500000000004 3.3803000000000005 1.0000000180025095e-35 4.5000000000000009 3.5000000000000004 2.5000000000000004 3073.9400000000001 80.625000000000014 1.5000000000000002 1.0000000180025095e-35 8890.9000000000015 1.5000000000000002 22.075000000000003 0.26835000000000003 1.0000000180025095e-35 15.500000000000002 1.0000000180025095e-35 21.325000000000003 1393.8550000000002 6.9350000000000014 2.6437500000000003 1.5000000000000002 1.5000000000000002 3892.7450000000003 7839.8900000000003 25.295000000000005 114.84500000000001
decision_type=2 2 2 2 2 2 2 2 2 2 2 2 2 2 2 2 2 2 2 2 2 2 2 2 2 2 2 2 2
left_child=2 9 4 -4 5 6 8 -8 -1 10 15 -5 13 -13 21 25 17 19 -19 -6 -14 -7 23 -18 -11 -2 -3 -28 -29
right_child=1 26 3 11 16 14 7 -9 -10 24 -12 12 20 -15 -16 -17 22 18 -20 -21 -22 -23 -24 -25 -26 -27 27 28 -30
leaf_value=0.085110962574601351 -0.050450784819083438 -0.050450784819083438 0.11209984599163847 0.090882805471469541 0.080063902915567017 -0.050615813324317409 0.086964809255312178 -0.058155547937827179 0.1353841101630231 0.087794352049216443 0.088299259956044263 0.074082865911167819 0.088906189632588895 0.087491780992125068 -0.081903150362229782 -0.082048000621364317 0.086679485435100082 0.087817497856267884 0.064243336882927091 0.088922517520132055 0.087094389761291732 -0.062430090279321837 0.087814559777087298 0.087323038506477227 0.088306547584476217 -0.050468993975909565 -0.050450784819083438 -0.050450784819083452 -0.050450784819083022
leaf_weight=498.09697889257222 1.7002176046371449 378.08588983118534 150.57506981678307 211.0077328691259 44.289360420778394 5.3780187079682928 21.598431213758886 17.77737610321492 40.471875163726509 169.89842751249671 42.321552276611328 44.795119342394173 148.25246696919203 147.68942070007324 2.0608942285180083 2.375881165266037 487.26571436040103 21.124479293823242 24.435365420766175 212.68398681376129 653.96933506429195 5.7038959749042988 379.92697525024414 8033.8434248417616 169.29046821594238 0.19258856400847424 2.9311043079942456 8.1645866222679579 0.21252720057964403
leaf_count=593 192 42696 29 25 73 469 29 1044 24 33 2 82 9 7 24 10 163 1 94 70 45 80 18 382 8 21 331 922 24
internal_value=0.0827631 0.0176307 0.0872909 0.0902715 0.0868782 0.0810711 0.0842939 0.0214459 0.0888888 0.0863502 0.0739753 0.0875454 0.0868375 0.0843713 -0.0606492 -0.0680381 0.0872511 0.0855552 0.0751738 0.0873957 0.0874292 -0.0566967 0.0873088 0.0872862 0.08805 -0.0504526 -0.0504508 -0.0504508 -0.0504508
internal_weight=11926.1 775.173 11150.9 1356.29 9794.66 591.087 577.945 39.3758 538.569 385.779 46.5902 1205.71 994.706 192.485 13.1428 4.26869 9203.57 302.533 45.5598 256.973 802.222 11.0819 8901.04 8521.11 339.189 1.89281 389.394 11.3082 8.37711
internal_count=47500 44239 3261 197 3064 2263 1690 1073 617 266 225 168 143 89 573 223 801 238 95 143 54 549 563 545 41 213 43973 1277 946
is_linear=0
shrinkage=0.05


Tree=6
num_leaves=31
num_cat=0
split_feature=46 40 33 0 27 37 32 6 8 28 3 9 4 34 31 0 10 8 16 40 15 40 31 8 16 34 25 8 10 10
split_gain=1257.33 1340.75 5.03565 30.6768 95.5258 8.92044 97.995 59.0097 75.9891 27.5711 4.47085 2.97341 31.9632 2.40515 0.432567 2.32008 5.38718 0.513058 0.398388 0.364358 0.132229 0.130959 0.0975578 0.0369957 0.0336176 0.0807366 9.85419e-06 5.68434e-14 1.77636e-15 1.77636e-15
threshold=2.1150000000000007 0.49500000000000005 3.1867500000000004 7595.3300000000008 1634.2300000000002 1.0000000180025095e-35 4.5000000000000009 3.5000000000000004 46.955000000000005 3073.9400000000001 1.5000000000000002 2.5000000000000004 1.0000000180025095e-35 2.5000000000000004 1.0000000180025095e-35 3441.0650000000005 276.68000000000006 34.715000000000011 0.42730000000000007 22.075000000000003 2.7635000000000005 6.9350000000000014 1.0000000180025095e-35 100.47500000000001 2.4583500000000007 1.5000000000000002 80.625000000000014 120.69500000000001 28129.990000000002 12799.500000000002
decision_type=2 2 2 2 2 2 2 2 2 2 2 2 2 2 2 2 2 2 2 2 2 2 2 2 2 2 2 2 2 2
left_child=2 11 5 4 10 6 7 9 -9 -1 -4 12 18 -12 15 16 -7 -17 26 21 22 -8 -5 -14 25 -16 -2 -3 29 -29
right_child=1 27 3 20 -6 14 19 8 -10 -11 13 -13 23 -15 24 17 -18 -19 -20 -21 -22 -23 -24 -25 -26 -27 -28 28 -30 -31
leaf_value=0.08177474339897628 -0.050428602668646211 -0.050428603415079126 0.098053790717613304 0.085057433067126154 0.17010427910720455 0.085120792434286691 -0.050585455305805264 -0.057850405062335145 0.083774650130636855 0.12400776840236882 0.064489085260346857 0.084826681012469207 0.082205289618172681 0.083345484505216894 0.083467170899883369 0.08152714497659129 0.055936077037493009 0.086409308493246947 -0.083354841358299805 -0.079518838169611555 0.083077705719846351 -0.061703843535292506 0.083985757280520254 0.085165053590464793 0.084647108029800966 0.084197570815239473 -0.050774944105967959 -0.050428603415079147 -0.050428603415078946 -0.050428603415079078
leaf_weight=492.6325818290934 1.407312432304024 360.01971240714192 42.494032829999924 334.40591352060437 44.174747671931982 41.760366439819336 5.1187223261222226 17.035042690113187 21.33140070643276 41.934235556982458 23.256979515776038 334.57126686815172 21.3511973451823 61.973695755004883 397.12410737480968 84.912454964593053 25.447652100585401 146.92309871315956 2.0906957983970642 2.0176474992185822 249.10057489015162 5.4879494542255998 581.87614865414798 20.885446548461914 374.65989408269525 8001.2892283946276 0.24047017097473133 8.1152329724281973 0.48876792564988214 1.9382176361978061
leaf_count=593 167 42722 23 36 7 2 469 1036 37 24 77 23 50 3 142 42 176 18 9 24 16 80 35 1 20 401 16 963 58 230
internal_value=0.0798564 0.0172679 0.0841321 0.0870077 0.106726 0.0837339 0.0777526 0.0807889 0.0208919 0.0850877 0.0848054 0.0831883 0.0712656 0.0782001 0.08412 0.0822499 0.0740703 0.0846212 -0.0688645 -0.060043 0.0840992 -0.0563382 0.0843769 0.0836689 0.0841837 0.084163 -0.0504791 -0.0504286 -0.0504286 -0.0504286
internal_weight=11746.1 751.108 10995 1337.28 171.899 9657.67 585.558 572.933 38.3664 534.567 127.725 380.546 45.9751 85.2307 9072.12 299.044 67.208 231.836 3.73848 12.6243 1165.38 10.6067 916.282 42.2366 8773.07 8398.41 1.64778 370.562 10.5422 10.0535
internal_count=47500 44239 3261 197 110 3064 2263 1690 1073 617 103 266 243 80 801 238 178 60 192 573 87 549 71 51 563 543 183 43973 1251 1193
is_linear=0
shrinkage=0.05


Tree=7
num_leaves=28
num_cat=0
split_feature=46 40 33 33 37 32 25 6 9 16 3 37 0 31 25 0 40 16 40 8 8 33 37 25 0 1 1
split_gain=1129.91 1242.35 4.64282 29.8222 9.32645 89.2735 54.4897 35.9515 2.73086 29.2261 0.815454 0.67656 1.7618 0.505204 3.12579 1.13806 0.301349 0.25384 0.111063 0.0797069 0.0548049 0.0281931 0.0873344 1.49184e-05 5.68434e-14 7.10543e-15 8.88178e-16
threshold=2.1150000000000007 0.49500000000000005 3.1867500000000004 3.3803000000000005 1.0000000180025095e-35 4.5000000000000009 6.7700000000000005 3.5000000000000004 2.5000000000000004 17.956950000000003 1.0000000180025095e-35 1.0000000180025095e-35 10278.095000000003 1.0000000180025095e-35 19.625000000000004 3441.0650000000005 22.075000000000003 0.42730000000000007 6.9350000000000014 0.065000000000000016 15.505000000000001 2.6437500000000003 1.5000000000000002 80.625000000000014 4498.9250000000011 9.0481500000000015 9.0965000000000007
decision_type=2 2 2 2 2 2 2 2 2 2 2 2 2 2 2 2 2 2 2 2 2 2 2 2 2 2 2
left_child=2 8 4 -4 5 6 20 -8 9 17 -5 12 -12 14 -6 -16 18 23 -7 -13 -1 22 -15 -2 -3 -26 -27
right_child=1 24 3 10 13 16 7 -9 -10 -11 11 19 -14 21 15 -17 -18 -19 -20 -21 -22 -23 -24 -25 25 26 -28
leaf_value=-0.052046533672072653 -0.050420157290200232 -0.050407523551018345 0.10548122803490181 0.084323180831926081 0.061797073574158534 -0.050556608876630521 0.082704627175946788 0.029217250458988112 0.081963402272376307 0.081167592591765605 0.068980408716376368 0.082121093516436469 0.081617698472332578 0.080738412308918373 0.073439711147650646 0.082246043929912555 -0.077363753461612686 -0.076133476850573881 -0.061026141771265044 0.081050539120984297 -0.065682582406479437 0.081845602307175094 0.081438551888309382 -0.050774582950506846 -0.050407523551018345 -0.050407523551018345 -0.050407523551018331
leaf_weight=6.9863445120863608 1.7137876711785791 299.23251434415579 145.31988849304616 205.59432403557003 23.445777293294668 4.871787400916217 525.03664175886661 33.415732466150075 329.08352060988545 41.342464059591293 41.346749458462 245.88202667236328 82.829754743725061 472.45151079166681 43.739382008090615 227.53882084786892 1.9713321919552971 1.8034572601318357 5.2767972373403609 593.64390205405653 0.82373597333207715 368.27701950073242 7780.6555022150278 0.35911511629819859 46.02281716838479 1.3312053754925717 6.0465593561530113
leaf_count=511 208 37314 29 25 69 469 402 748 23 3 76 12 16 163 126 43 24 8 80 39 29 18 382 24 5739 166 754
internal_value=0.0772764 0.0169357 0.0813344 0.0841193 0.0809489 0.0747961 0.0776699 0.0795041 0.0803803 0.068859 0.0814644 0.0808546 0.0774099 0.081348 0.0793124 0.0808262 -0.0594751 -0.062416 -0.0560003 0.0813641 -0.0534847 0.0814176 0.0813985 -0.0504816 -0.0504075 -0.0504075 -0.0504075
internal_weight=11536 726.935 10809.1 1314.62 9494.49 578.382 566.262 558.452 374.302 45.2188 1169.3 963.702 124.177 8916.11 294.724 271.278 12.1199 3.87636 10.1486 839.526 7.81008 8621.38 8253.11 2.0729 352.633 53.4006 7.37776
internal_count=47500 44239 3261 197 3064 2263 1690 1150 266 243 168 143 92 801 238 169 573 240 549 51 540 563 545 232 43973 6659 920
is_linear=0
shrinkage=0.05


Tree=8
num_leaves=31
num_cat=0
split_feature=46 40 33 33 37 32 25 6 25 34 3 0 35 31 25 0 16 40 40 8 8 37 6 23 46 3 0 0 2 8
split_gain=1020.15 1154.01 4.35372 28.8685 9.68625 81.6114 49.6454 34.3361 2.5224 30.4648 0.683713 0.66672 2.76971 0.588928 3.03607 1.14531 0.287004 0.249818 0.0942606 0.085143 0.0471731 0.0284323 0.324012 0.00825539 0.00201278 3.17876e-07 1.13687e-13 3.55271e-15 1.77636e-15 1.77636e-15
threshold=2.1150000000000007 0.49500000000000005 3.1867500000000004 3.3803000000000005 1.0000000180025095e-35 4.5000000000000009 6.7700000000000005 3.5000000000000004 80.625000000000014 1.5000000000000002 1.0000000180025095e-35 8890.9000000000015 1.5000000000000002 1.0000000180025095e-35 19.625000000000004 3441.0650000000005 0.26835000000000003 22.075000000000003 6.9350000000000014 1.0000000180025095e-35 15.505000000000001 1.5000000000000002 3.5000000000000004 1.5000000000000002 1.5550000000000004 4.5000000000000009 5974.7850000000008 7595.3300000000008 8.5000000000000018 120.69500000000001
decision_type=2 2 2 2 2 2 2 2 2 2 2 2 2 2 2 2 2 2 2 2 2 2 2 2 2 2 2 2 2 2
left_child=2 8 4 -4 5 6 20 -8 9 16 -5 12 -12 14 -6 -16 25 18 -7 -13 -1 22 -15 -10 -23 -2 -3 29 -29 -28
right_child=1 26 3 10 13 17 7 -9 23 -11 11 19 -14 21 15 -17 -18 -19 -20 -21 -22 24 -24 -25 -26 -27 27 28 -30 -31
leaf_value=-0.051984272684813829 -0.050394273328942134 -0.050387495836076483 0.10286201644707493 0.081577898191875636 0.059317751912771888 -0.050529197782226337 0.079796574753350058 0.027619254623504969 0.079175872551531787 0.079676078265489253 0.064484331252192842 0.079968881565499431 0.079051252130788507 0.079063839365721325 0.070716316568055465 0.079612694271170972 -0.077675418710485833 -0.075409680295835613 -0.060393112056700754 0.078727915593917439 -0.064885986241220495 0.078984397942427967 0.075198516138302959 0.079681508038482812 0.07888612444957592 -0.050446830216130223 -0.050387495836076483 -0.050387495836076483 -0.050387495836076483 -0.050387495836076185
leaf_weight=6.6533761303871861 1.3200164223089808 310.03109351871535 141.66063244640827 201.97823793627322 23.210443086922169 4.6366380387917143 517.16000798624009 33.577358261216432 161.78970225714147 40.275035858154297 42.532603017985821 181.37701797485352 140.17852783203125 442.56575288437307 43.167140648700297 223.4156129937619 2.2524567842483521 1.9225307884626079 5.0707207662053406 580.89024784043431 0.79293766478076566 7385.2185859680176 61.785165632143617 161.1076545715332 560.58142502605915 0.36787838768213976 14.186324435751885 2.0069947964511803 9.0505544813349825 0.28998403903096992
leaf_count=511 171 40627 29 25 69 469 402 748 33 2 82 9 7 71 126 43 10 24 80 45 29 369 94 8 29 42 1859 263 1186 38
internal_value=0.0749755 0.0166332 0.0788436 0.0815675 0.0784665 0.0721502 0.0748815 0.0766154 0.0778945 0.0666944 0.0789374 0.078373 0.0756603 0.0788783 0.076662 0.0781721 -0.0659941 -0.0589429 -0.0556817 0.0790232 -0.0533581 0.0789544 0.0785903 0.0794282 0.0789775 -0.0504057 -0.0503875 -0.0503875 -0.0503875 -0.0503875
internal_weight=11301.1 702.678 10598.4 1288.62 9309.76 569.814 558.184 550.737 367.113 44.2154 1146.96 944.978 182.711 8739.94 289.793 266.583 3.94035 11.6299 9.70736 762.267 7.44631 8450.15 504.351 322.897 7945.8 1.68789 335.565 25.5339 11.0575 14.4763
internal_count=47500 44239 3261 197 3064 2263 1690 1150 266 225 168 143 89 801 238 169 223 573 549 54 540 563 165 41 398 213 43973 3346 1449 1897
is_linear=0
shrinkage=0.05


Tree=9
num_leaves=24
num_cat=0
split_feature=46 40 33 33 37 0 33 25 9 16 40 31 25 0 3 37 0 16 32 37 22 46 25
split_gain=924.935 1074.12 4.12743 28.2628 10.0744 77.7907 176.833 40.2355 2.31313 25.0161 1.16822 0.679074 2.97771 1.16741 0.578271 0.674388 1.5639 0.174295 0.0664389 0.0383056 0.405569 0.0019166 2.07447e-05
threshold=2.1150000000000007 0.49500000000000005 3.1867500000000004 3.3803000000000005 1.0000000180025095e-35 228.72500000000005 1.3844500000000004 63.115000000000002 2.5000000000000004 17.956950000000003 11.645000000000001 1.0000000180025095e-35 19.625000000000004 3441.0650000000005 1.0000000180025095e-35 1.0000000180025095e-35 10278.095000000003 0.42730000000000007 2.5000000000000004 1.5000000000000002 94.230000000000018 1.5550000000000004 80.625000000000014
decision_type=2 2 2 2 2 2 2 2 2 2 2 2 2 2 2 2 2 2 2 2 2 2 2
left_child=2 8 4 -4 5 -1 10 -8 9 17 -7 12 -6 -14 -5 16 -16 22 -17 20 -13 -21 -2
right_child=1 -3 3 14 11 6 7 -9 -10 -11 -12 19 13 -15 15 18 -18 -19 -20 21 -22 -23 -24
leaf_value=0.080641228607791868 -0.050379863429026367 -0.050368455329680886 0.10068193208073853 0.079124889581358729 0.056997527402429908 -0.051892335764539055 -0.055860193814234883 0.077137059264650976 0.077153022924506737 0.076321544501982808 -0.070433057230556026 0.076868735305378133 0.068201031891514149 0.077253526014661303 0.064545191586413572 0.076178618294328038 0.07668473748771909 -0.072407783550907046 0.077089463891391943 0.076783163737832894 0.072564665336922296 0.076686185140591001 -0.050796892043901212
leaf_weight=417.45197254512459 1.5518985847011202 319.31689107604325 137.59358869493008 197.93003877811134 22.95406330563128 20.790247454307973 6.0239683082327238 101.5868409043178 315.88383611757308 39.70691242814064 14.367036079522221 430.94841194152832 42.537216066382825 218.84184865653515 39.783134199678898 373.28299699351192 79.6412448361516 1.7095757722854612 431.78382784500718 7221.2358169555664 62.695210711099207 548.14422523975372 0.36913617514073838
leaf_count=23 208 43973 29 25 69 1657 339 78 23 3 166 22 126 43 76 26 16 8 25 369 143 29 24
internal_value=0.0729104 0.0163553 0.0766118 0.079294 0.0762408 0.0697452 0.0378855 0.069692 0.0756669 0.0648346 -0.059469 0.0766665 0.074264 0.0757803 0.0766721 0.076147 0.0726408 -0.0607947 0.0766671 0.0767492 0.0763221 0.0767763 -0.05046
internal_weight=11046.1 678.538 10367.6 1260.01 9107.58 560.22 142.768 107.611 359.221 43.3375 35.1573 8547.36 284.333 261.379 1122.42 924.491 119.424 3.63061 805.067 8263.02 493.644 7769.38 1.92103
internal_count=47500 44239 3261 197 3064 2263 2240 417 266 243 1823 801 238 169 168 143 92 240 51 563 165 398 232
is_linear=0
shrinkage=0.05


Tree=10
num_leaves=30
num_cat=0
split_feature=46 40 33 33 37 0 33 25 25 34 40 31 25 0 46 8 34 33 16 27 37 22 18 37 10 0 8 11 11
split_gain=842.201 1001.6 3.88949 27.9274 9.59468 70.9305 163.958 37.0313 2.14258 26.4954 0.993683 0.7763 2.94434 1.2027 0.528439 1.04098 1.34807 0.528785 0.221543 0.17217 0.0493198 0.482314 0.00858294 0.00192351 5.23536e-07 5.68434e-14 5.68434e-14 1.77636e-15 1.77636e-15
threshold=2.1150000000000007 0.49500000000000005 3.1867500000000004 3.3803000000000005 1.0000000180025095e-35 228.72500000000005 1.3844500000000004 63.115000000000002 80.625000000000014 1.5000000000000002 11.645000000000001 1.0000000180025095e-35 19.625000000000004 3441.0650000000005 0.36500000000000005 36.32500000000001 2.5000000000000004 7.0453500000000009 0.26835000000000003 1505.9700000000003 1.5000000000000002 94.230000000000018 0.13395000000000004 2.5000000000000004 4575.0600000000004 6189.670000000001 7.0850000000000009 6118.3900000000003 1939.2100000000003
decision_type=2 2 2 2 2 2 2 2 2 2 2 2 2 2 2 2 2 2 2 2 2 2 2 2 2 2 2 2 2
left_child=2 8 4 -4 5 -1 10 -8 9 18 -7 12 -6 -14 15 16 -5 19 24 -16 21 -13 -10 -22 -2 26 27 28 -3
right_child=1 25 3 14 11 6 7 -9 22 -11 -12 20 13 -15 17 -17 -18 -19 -20 -21 23 -23 -24 -25 -26 -27 -28 -29 -30
leaf_value=0.078340800829330176 -0.050361465088348968 -0.050350355048778085 0.098873127462688559 0.061612433691431934 0.054814984006132286 -0.051832309325083259 -0.055639027243477218 0.074837492468960459 0.07484727546302182 0.075368598788738514 -0.069277715522924915 0.0748807549805596 0.065861176600449448 0.075128310845063162 0.071839042742551637 0.074801962584245527 0.074656979823043146 0.077250400703288938 -0.07522509373327671 0.074723212053809926 0.074701715762569565 0.070144892948615992 0.075374673407430121 0.07480350211510832 -0.050466856920631568 -0.050350355048778064 -0.050350355048778064 -0.050350355048777787 -0.050350355048778044
leaf_weight=408.45201134588569 1.4066848969086998 8.1398894852027244 133.21518043428659 41.232869438827038 22.681590157561004 19.798623071983457 5.7523806104436508 99.525116317439824 154.61351413652301 38.476978302001953 13.888448971789328 420.53355598449707 41.863200058229268 213.90568775311112 57.072278978303075 171.90984697639942 38.113590240478516 233.66170513629913 2.1549890041351318 554.17283132486045 496.68948632478714 61.64187384955585 153.96167357638478 7084.3231258392334 0.12860778626054514 20.722859563771635 270.59259103611112 0.32476638862863261 4.0699447426013657
leaf_count=23 198 1178 29 57 69 1657 339 78 32 2 166 22 126 43 34 10 2 20 10 45 27 143 9 371 15 2999 39160 47 589
internal_value=0.071064 0.0160997 0.0746198 0.0772558 0.0742552 0.0678427 0.0369863 0.0677082 0.0736658 0.0630943 -0.0590247 0.074676 0.0720804 0.0736115 0.0746286 0.0726155 0.0678783 0.0752273 -0.0648846 0.0744539 0.0747656 0.0742753 0.0751104 0.0747968 -0.0503703 -0.0503504 -0.0503504 -0.0503504 -0.0503504
internal_weight=10773 654.592 10118.4 1229.38 8889.06 547.417 138.965 105.277 350.742 42.1673 33.6871 8341.64 278.45 255.769 1096.16 251.256 79.3465 844.907 3.69028 611.245 8063.19 482.175 308.575 7581.01 1.53529 303.85 283.127 12.5346 12.2098
internal_count=47500 44239 3261 197 3064 2263 2240 417 266 225 1823 801 238 169 168 69 59 99 223 79 563 165 41 398 213 43973 40974 1814 1767
is_linear=0
shrinkage=0.05


Tree=11
num_leaves=25
num_cat=0
split_feature=46 40 26 25 33 0 3 37 32 0 9 16 22 34 11 8 40 16 33 40 37 46 33 25
split_gain=769.465 935.446 3.75562 39.7545 4.21012 29.174 96.1055 8.19516 65.0565 31.9195 1.99389 21.6248 1.38374 0.454169 3.69899 0.448626 0.144982 0.12069 0.108557 0.0905844 0.0796018 0.0115734 0.000473029 2.66317e-05
threshold=2.1150000000000007 0.49500000000000005 1.0000000180025095e-35 7.5850000000000009 3.1867500000000004 8123.295000000001 3.5000000000000004 1.0000000180025095e-35 4.5000000000000009 228.72500000000005 2.5000000000000004 17.956950000000003 1413.5650000000003 1.5000000000000002 1383.8950000000002 21.685000000000006 12.295000000000002 0.42730000000000007 7.0453500000000009 18.015000000000004 3.5000000000000004 1.5550000000000004 3.1867500000000004 80.625000000000014
decision_type=2 2 2 2 2 2 2 2 2 2 2 2 2 2 2 2 2 2 2 2 2 2 2 2
left_child=2 10 3 12 7 6 -6 8 9 -4 11 17 19 14 -9 -5 -10 23 20 22 -7 -15 -1 -2
right_child=1 -3 4 15 5 18 -8 13 16 -11 -12 -13 -14 21 -16 -17 -18 -19 -20 -21 -22 -23 -24 -25
leaf_value=-0.050620363891438619 -0.050343458144831869 -0.050333152832170894 0.076717927235118222 0.064054478487622732 0.1557669922501399 0.07160920489206013 0.070087778673424778 0.072819840665606705 -0.051006751193276335 0.046849655730138731 0.073269574870584067 0.072389305674819091 -0.11110487315218245 0.073022808120833962 0.057885513760996279 0.072495194276247718 -0.062909572416893156 -0.06933226239095959 0.073498180645418229 -0.076539945936733841 0.072695565112419688 0.072782670370759181 -0.051832346446596324 -0.050816310846129968
leaf_weight=2.4447594922967251 1.4051983491517597 289.12741013709456 342.5453636161983 19.921675180550665 46.842304889112711 259.73459159582853 108.63205701299012 450.05890080332756 4.5760909700766188 121.06222437089309 300.61720047611743 37.814045548439026 1.4033133946359155 7088.4338269606233 45.669543903321028 75.03633664175868 5.8020211821421981 1.6086884737014768 262.31328311935067 0.3843749165534972 480.6933708190918 539.96382837928832 1.2003555744886396 0.37784177809953678
leaf_count=226 208 43973 20 81 36 38 29 126 503 1373 23 3 15 406 203 11 70 8 17 2 26 42 37 24
internal_value=0.0693933 0.0158638 0.0728199 0.0631984 0.0729189 0.0757488 0.0959018 0.0725377 0.0661469 0.0689184 0.0718558 0.0615413 -0.0683454 0.0729105 0.071444 0.0707244 -0.0576612 -0.0594025 0.0726241 -0.0534539 0.0723145 0.0730058 -0.0510195 -0.0504437
internal_weight=10487.7 630.95 9856.72 100.391 9756.33 1158.22 155.474 8598.11 473.986 463.608 341.823 41.2058 5.4328 8124.13 495.728 94.958 10.3781 3.39173 1002.74 4.02949 740.428 7628.4 3.64512 1.78304
internal_count=47500 44239 3261 372 2889 146 65 2743 1966 1393 266 243 280 777 329 92 573 240 81 265 64 448 263 232
is_linear=0
shrinkage=0.05


Tree=12
num_leaves=31
num_cat=0
split_feature=46 40 26 25 33 0 3 37 32 6 25 8 20 22 34 11 8 16 40 33 37 40 46 23 33 0 2 2 2 8
split_gain=704.416 874.931 3.56223 36.8714 3.90016 26.2291 85.1003 8.82982 59.9184 32.6464 1.84721 1.85028 21.3457 1.12649 0.524743 3.96352 0.476806 0.174335 0.123003 0.0926746 0.0799208 0.0766304 0.0114518 0.00916903 0.000405873 5.68434e-14 4.44089e-16 2.22045e-16 2.22045e-16 1.11022e-16
threshold=2.1150000000000007 0.49500000000000005 1.0000000180025095e-35 7.5850000000000009 3.1867500000000004 8123.295000000001 3.5000000000000004 1.0000000180025095e-35 4.5000000000000009 3.5000000000000004 80.625000000000014 112.11500000000002 2988.5100000000007 1413.5650000000003 1.5000000000000002 1383.8950000000002 21.685000000000006 0.26835000000000003 12.295000000000002 7.0453500000000009 3.5000000000000004 18.015000000000004 1.5550000000000004 1.5000000000000002 3.1867500000000004 10278.095000000003 13.500000000000002 9.5000000000000018 18.500000000000004 66.02500000000002
decision_type=2 2 2 2 2 2 2 2 2 2 2 2 2 2 2 2 2 2 2 2 2 2 2 2 2 2 2 2 2 2
left_child=2 10 3 13 7 6 -6 8 9 -4 11 12 17 21 15 -9 -5 -2 -10 20 -7 24 -16 -12 -1 -3 27 29 -28 -27
right_child=1 25 4 16 5 19 -8 14 18 -11 23 -13 -14 -15 22 -17 -18 -19 -20 -21 -22 -23 -24 -25 -26 26 28 -29 -30 -31
leaf_value=-0.050589817593884527 -0.050336518614914817 -0.050316797293868523 0.070616877303517442 0.062039530310323276 0.14990213513138889 0.070001167508186399 0.068570152899211298 0.07113662928016469 -0.050964239869898981 0.01927952960577085 0.071313021048903885 0.071864707695950422 0.071784351942334276 -0.10564130172226437 0.071399647987791887 0.055584384401557566 0.070831569185570126 -0.073294123681177339 -0.062174483427476307 0.071826666979865464 0.071105085853900546 -0.074790920059325569 0.071157408462615729 0.071872787974092286 -0.051740114618905333 -0.050316797293868482 -0.050316797293868482 -0.050316797293868454 -0.050316797293868433 -0.050316797293868315
leaf_weight=2.326895899605006 1.3849948267452448 272.32326134154573 420.94934225361794 19.549793880432844 46.255313804373145 252.59709751605988 105.56246220506728 437.97899740189314 4.3564519155770522 33.4267133991234 146.70339857973158 18.237602233886719 18.249575458467007 1.4021059721708296 6892.0757338758558 45.194394351914525 73.010158137883991 2.0522867441177368 5.5826457650400698 255.1776538901031 467.21486854553223 0.37395988404750813 525.05975614115596 145.9218864440918 1.1437975745648143 0.41918024467304282 0.85712975403293945 0.71323205810040236 0.55682151904329658 0.24400044092908502
leaf_count=226 212 43527 503 81 36 38 29 126 503 890 33 1 2 15 406 203 11 10 70 17 26 2 42 8 37 67 137 114 89 39
internal_value=0.0678507 0.0156458 0.0711588 0.0616655 0.0712567 0.0740182 0.0933501 0.0708847 0.0641837 0.0668402 0.0702157 0.060127 0.0502561 -0.0672771 0.0712785 0.0696819 0.0689746 -0.0640437 -0.0572609 0.0710079 0.0707177 -0.053286 0.0713825 0.0715922 -0.0509689 -0.0503168 -0.0503168 -0.0503168 -0.0503168 -0.0503168
internal_weight=10196.9 607.663 9589.24 97.8067 9491.43 1126.81 151.818 8364.62 464.315 454.376 332.55 39.9245 21.6869 5.24676 7900.31 483.173 92.56 3.43728 9.9391 974.99 719.812 3.84465 7417.14 292.625 3.47069 275.114 2.79036 1.37641 1.41395 0.663181
internal_count=47500 44239 3261 372 2889 146 65 2743 1966 1393 266 225 224 280 777 329 92 222 573 81 64 265 448 41 263 43973 446 220 226 106
is_linear=0
shrinkage=0.05


Tree=13
num_leaves=29
num_cat=0
split_feature=46 40 26 25 33 0 3 37 32 0 9 16 22 34 22 8 40 16 33 37 40 22 33 25 0 2 8 8
split_gain=646.613 819.363 3.39748 34.2436 3.63314 23.743 76.193 9.4568 55.2844 33.1325 1.74367 18.8437 0.919141 0.602558 4.30077 0.510405 0.10528 0.084127 0.0800089 0.081141 0.0648966 0.0117697 0.000348303 3.23206e-05 5.68434e-14 2.22045e-16 1.11022e-16 1.11022e-16
threshold=2.1150000000000007 0.49500000000000005 1.0000000180025095e-35 7.5850000000000009 3.1867500000000004 8123.295000000001 3.5000000000000004 1.0000000180025095e-35 4.5000000000000009 228.72500000000005 2.5000000000000004 17.956950000000003 1413.5650000000003 1.5000000000000002 261.59000000000009 21.685000000000006 22.075000000000003 0.42730000000000007 7.0453500000000009 3.5000000000000004 18.015000000000004 915.09500000000014 3.1867500000000004 80.625000000000014 14820.630000000003 19.500000000000004 12.495000000000003 93.565000000000012
decision_type=2 2 2 2 2 2 2 2 2 2 2 2 2 2 2 2 2 2 2 2 2 2 2 2 2 2 2 2
left_child=2 10 3 12 7 6 -6 8 9 -4 11 17 20 14 -9 -5 -10 23 19 -7 22 -15 -1 -2 -3 26 -26 -28
right_child=1 24 4 15 5 18 -8 13 16 -11 -12 -13 -14 21 -16 -17 -18 -19 -20 -21 -22 -23 -24 -25 25 -27 27 -29
leaf_value=-0.050560790405841355 -0.050310566384891779 -0.05030125187018647 0.073178763052553927 0.060118261590292002 0.14494431068041813 0.068528413679842901 0.067170028650405236 0.069989908188018257 -0.054449955847184817 0.042368369664387673 0.07008026113584151 0.069139931379578509 -0.10079502467299682 0.069938263625478447 0.056222405905244147 0.06931245833413871 -0.068251429428798235 -0.066762580327360599 0.070306564376686795 0.069657262159915051 -0.073183715263471699 0.069780603073070047 -0.051652660089685082 -0.050833214202450273 -0.050301251870186518 -0.050301251870186171 -0.050301251870186393 -0.050301251870186074
leaf_weight=2.2146505224518478 1.2722738813608878 260.75108235375956 325.47748525068164 19.175445254892111 45.465217927470803 245.30932768434286 102.45365418307483 404.31365776062012 7.83795926440507 119.21770573267713 284.10793715622276 35.766111135482788 1.396177959628403 5707.1149058956653 65.982571262866259 70.932497402653098 1.6774951093830166 1.5043005943298338 247.84599049016833 453.42911148071289 0.36333361268043507 1493.5233604554087 1.0898095369338987 0.38540974259376515 0.13096787314861902 0.16668638400733471 0.60126159945502877 0.12501478800550103
leaf_count=226 208 43801 20 81 36 38 29 23 549 1373 23 3 15 332 306 11 24 8 17 26 2 116 37 24 22 28 101 21
internal_value=0.0664426 0.0154436 0.0696445 0.0602459 0.0697415 0.0724459 0.0910752 0.0693772 0.0623672 0.0649188 0.0687205 0.0587965 -0.0662689 0.0697923 0.0680583 0.0673559 -0.056883 -0.0582012 0.0695347 0.069261 -0.0531263 0.0699056 -0.0509209 -0.0504321 -0.0503013 -0.0503013 -0.0503013 -0.0503013
internal_weight=9899.63 584.811 9314.82 95.1719 9219.65 1094.5 147.919 8125.15 454.211 444.695 323.036 38.9281 5.06397 7670.93 470.296 90.1079 9.51545 3.16198 946.584 698.738 3.66779 7200.64 3.30446 1.65768 261.775 1.02393 0.857244 0.726276
internal_count=47500 44239 3261 372 2889 146 65 2743 1966 1393 266 243 280 777 329 92 573 240 81 64 265 448 263 232 43973 172 144 122
is_linear=0
shrinkage=0.05


Tree=14
num_leaves=29
num_cat=0
split_feature=46 40 26 25 33 25 11 37 33 33 9 15 22 34 22 8 33 0 16 40 37 33 25 0 27 0 2 2
split_gain=594.945 768.221 3.25626 31.8413 3.39717 21.8627 33.5185 10.1474 52.6656 139.912 1.6173 17.3469 0.751834 0.684482 4.74778 0.549381 0.403325 0.630775 0.0698274 0.0550142 0.0140971 0.000298945 2.57161e-05 2.84217e-14 2.84217e-14 8.88178e-16 1.11022e-16 1.11022e-16
threshold=2.1150000000000007 0.49500000000000005 1.0000000180025095e-35 7.5850000000000009 3.1867500000000004 30.545000000000005 2196.4500000000003 1.0000000180025095e-35 0.15285000000000001 1.3844500000000004 2.5000000000000004 3.9774500000000006 1413.5650000000003 1.5000000000000002 261.59000000000009 21.685000000000006 7.0453500000000009 9416.635000000002 0.42730000000000007 18.015000000000004 2.5000000000000004 3.1867500000000004 80.625000000000014 8472.3900000000012 2142.2800000000002 14820.630000000003 16.500000000000004 14.500000000000002
decision_type=2 2 2 2 2 2 2 2 2 2 2 2 2 2 2 2 2 2 2 2 2 2 2 2 2 2 2 2
left_child=2 10 3 12 7 6 -6 8 -4 -10 11 18 19 14 -9 -5 17 -7 22 21 -15 -1 -2 24 -3 -25 27 -27
right_child=1 23 4 15 5 16 -8 13 9 -11 -12 -13 -14 20 -16 -17 -18 -19 -20 -21 -22 -23 -24 25 -26 26 -28 -29
leaf_value=-0.050533202657133326 -0.050295370986746649 -0.050286473026016548 0.071595769958742075 0.058276257497286814 0.11200823027283782 0.064676126325362557 0.066407123247768651 0.06863866235256276 -0.059545211977804019 0.062974286058439702 0.068685607419701644 0.06759985612317547 -0.096489095220126178 0.06832564223591947 0.054067371806693937 0.067920159591798521 0.069795377146257831 0.068228470984276923 -0.065680007766260443 -0.071703531093710041 0.068579313857240573 -0.051569727156497214 -0.05079023515998618 -0.050286473026016548 -0.050286473026016548 -0.050286473026016458 -0.050286473026016368 -0.050286473026016167
leaf_weight=2.107761821243912 1.2049184795469039 136.90221535181627 316.27380382828414 18.802058159373701 76.34020178206265 165.71817264147103 85.350189607590437 391.97236633300781 30.665900012012571 97.029646603856236 275.59866992942989 34.750941836740822 1.3858098313212392 599.09350850246847 65.202007595449686 68.820793413557112 226.08893481642008 508.13654915802181 1.4539177417755125 0.35256557911634434 6381.5937557220459 1.0382839515805242 0.3356601446866988 4.3332448485307387 106.86971314670518 0.54944411804899562 0.2888829899020493 0.13594493642449379
leaf_count=226 207 24169 21 81 12 51 29 23 1616 329 23 6 15 73 306 11 15 39 8 2 375 37 22 765 18867 97 51 24
internal_value=0.0651519 0.015256 0.0682576 0.0589249 0.0683541 0.0710093 0.0879371 0.0679965 0.0606534 0.0335514 0.0673562 0.0576498 -0.0653203 0.0684348 0.0665605 0.0658508 0.067968 0.0673549 -0.0578205 -0.0529742 0.0685575 -0.0508753 -0.0504032 -0.0502865 -0.0502865 -0.0502865 -0.0502865 -0.0502865
internal_weight=9598.4 562.424 9035.97 92.5073 8943.47 1061.63 161.69 7881.83 443.969 127.696 313.344 37.7454 4.88442 7437.86 457.174 87.6229 899.944 673.855 2.9945 3.49861 6980.69 3.14605 1.54058 249.079 243.772 5.30752 0.974272 0.685389
internal_count=47500 44239 3261 372 2889 146 41 2743 1966 1945 266 243 280 777 329 92 105 90 237 265 448 263 229 43973 43036 937 172 121
is_linear=0
shrinkage=0.05


Tree=15
num_leaves=31
num_cat=0
split_feature=46 40 29 35 46 45 11 40 11 33 8 25 8 20 38 22 10 40 10 34 0 35 14 28 14 33 23 9 23 0
split_gain=549.05 721.005 3.21321 24.7638 393.987 10.2142 44.9483 24.3911 13.4768 5.17744 29.3579 1.53689 1.55069 18.0148 0.960291 5.5463 74.2275 0.599834 0.172658 0.144044 0.714617 2.27239 0.0579229 0.0522573 0.0335412 0.0222986 0.00960996 0.0011004 0.000143005 2.84217e-14
threshold=2.1150000000000007 0.49500000000000005 0.14145000000000002 1.0000000180025095e-35 1.0950000000000004 1.0000000180025095e-35 3316.1300000000006 0.93500000000000016 654.0200000000001 0.19380000000000003 30.405000000000005 80.625000000000014 112.11500000000002 2988.5100000000007 1.5000000000000002 280.68000000000001 5704.3300000000008 13.105000000000002 8699.2000000000025 2.5000000000000004 367.99000000000007 1.5000000000000002 1.6789410000000002 427.92000000000007 9.8550695000000008 3.1867500000000004 1.5000000000000002 1.5000000000000002 2.5000000000000004 4498.9250000000011
decision_type=2 2 2 2 2 2 2 2 2 2 2 2 2 2 2 2 2 2 2 2 2 2 2 2 2 2 2 2 2 2
left_child=2 11 5 4 9 6 7 22 -9 -4 -11 12 13 18 15 -7 -17 24 -2 20 -5 -22 -1 -16 -8 -25 -13 -21 -29 -3
right_child=1 29 3 19 -6 14 17 8 -10 10 -12 26 -14 -15 23 16 -18 -19 -20 27 21 -23 -24 25 -26 -27 -28 28 -30 -31
leaf_value=-0.052247292592015063 -0.058163282149903045 -0.0502724241807921 0.072376597469939088 0.067403980909465713 0.40057034124016888 0.067403547621338752 -0.051423757575984254 -0.057169763770375116 0.062772645423539733 -0.058976253485048147 0.067724860525771258 0.067118655496772928 0.067712016387071208 0.067608925320923885 0.066240881358955658 -0.080592258809220108 0.069700681667875172 -0.083083041751751574 -0.089290968867943729 0.067249385130509751 0.047151085160663325 0.067388835584238013 -0.075786128592885096 0.067325809168782405 -0.066823880369531463 0.066976497703364404 0.067718418029826921 0.067377567467296368 0.067343956238327646 -0.0502724241807921
leaf_weight=4.3109272760339072 2.566243731416765 201.10698064975441 87.42970085144043 280.52806282043457 9.4363909428939206 363.02578926086426 4.8460808130912474 2.3538956432603291 462.06138417730108 5.2948579615913323 33.487825695890933 134.00281387381256 16.641477584838867 16.656810270622373 132.42919178493321 9.2335276366211456 74.504816519096494 2.3229099893942475 0.53906462574377645 312.06697940826416 19.272970003075898 49.484560012817383 0.27821548003703345 2309.3529547639191 0.38139212690293778 569.54539775848389 133.15473556518555 346.29289985541254 3673.850743830204 35.889247578568757
leaf_count=333 215 37314 5 17 76 22 298 132 1220 198 6 33 1 2 14 281 35 26 7 19 134 3 5 153 3 35 8 22 224 6659
internal_value=0.0639849 0.0150813 0.0670055 0.0678713 0.0889318 0.0659454 0.0590829 0.0610312 0.0621647 0.0656318 0.0504268 0.0661043 0.0564665 0.0469967 0.0668911 0.0647279 0.0531284 -0.0619418 -0.0635669 0.0672611 0.0662843 0.0617161 -0.0536743 0.067212 -0.0525473 0.0672567 0.0674176 0.0673398 0.0673469 -0.0502724
internal_weight=9292.35 540.557 8751.79 4817.14 135.649 3934.65 476.555 469.004 464.415 126.212 38.7827 303.561 36.4036 19.7621 3458.09 446.764 83.7383 7.55038 3.10531 4681.5 349.286 68.7575 4.58914 3011.33 5.22747 2878.9 267.158 4332.21 4020.14 236.996
internal_count=47500 44239 3261 704 285 2557 2017 1690 1352 209 204 266 225 224 540 338 316 327 222 419 154 137 338 202 301 188 41 265 246 43973
is_linear=0
shrinkage=0.05


Tree=16
num_leaves=25
num_cat=0
split_feature=46 40 26 25 33 25 11 45 0 33 9 25 34 22 8 22 33 0 16 40 37 33 3 10
split_gain=506.878 677.333 3.16306 28.9147 2.66821 16.3663 24.8387 11.0539 51.1233 128.767 1.446 13.4939 0.794772 5.28196 0.631237 0.605936 0.330601 0.578098 0.0446223 0.0396314 0.0154689 0.000257524 9.82646e-08 5.68434e-14
threshold=2.1150000000000007 0.49500000000000005 1.0000000180025095e-35 7.5850000000000009 3.1867500000000004 30.545000000000005 2196.4500000000003 1.0000000180025095e-35 228.72500000000005 1.3844500000000004 2.5000000000000004 80.625000000000014 1.5000000000000002 261.59000000000009 21.685000000000006 1413.5650000000003 7.0453500000000009 9416.635000000002 0.42730000000000007 18.015000000000004 2.5000000000000004 3.1867500000000004 4.5000000000000009 2476.2200000000007
decision_type=2 2 2 2 2 2 2 2 2 2 2 2 2 2 2 2 2 2 2 2 2 2 2 2
left_child=2 10 3 15 7 6 -6 8 -4 -10 11 18 13 -9 -5 19 17 -7 22 21 -14 -1 -2 -3
right_child=1 23 4 14 5 16 -8 12 9 -11 -12 -13 20 -15 -16 -17 -18 -19 -20 -21 -22 -23 -24 -25
leaf_value=-0.050512131199199006 -0.050257084090208584 -0.050259066440037831 0.068896640077974539 0.054918056131720849 0.10414490463815849 0.062374257091702939 0.063990766759292203 0.06626794981682102 -0.059446068211164806 0.059700704044685741 0.066253052252592232 0.063889453896754655 0.065943727346309669 0.050576492715879898 0.065523304839486457 -0.092237491983528125 0.067304266690942624 0.065888412959788839 -0.063853570700562259 -0.068814963796983347 0.066218282005454807 -0.05149621316209281 -0.05029344391014761 -0.050259066440037831
leaf_weight=2.0295129511505365 0.84980809455737405 134.8269658125937 297.98696718830615 17.920881157740951 74.227357603609562 155.21288231387734 80.044147400185466 367.03181457519531 30.021906299749389 92.684874758590013 258.33890408463776 32.950869493186474 561.21698104031384 62.807409367989749 64.643101472407579 1.3580915564671157 212.46950063854456 475.7352935988456 1.3590998649597166 0.34109702706336964 5974.9551954269409 0.98865905962884415 0.23782352637499571 90.669237126596272
leaf_count=226 167 26292 20 81 12 51 29 23 1604 325 23 27 67 329 11 15 15 39 8 2 375 37 41 17681
internal_value=0.0628725 0.0149187 0.0658117 0.0563424 0.0659102 0.0683372 0.0833108 0.0655824 0.0577117 0.0305498 0.0649545 0.0554772 0.0660577 0.0639751 0.0632214 -0.0640542 0.0655984 0.0650239 -0.0578131 -0.0526602 0.0661947 -0.0508345 -0.050265 -0.0502591
internal_weight=8990.91 519.233 8471.68 87.2813 8384.39 997.689 154.272 7386.71 420.694 122.707 293.737 35.3976 6966.01 429.839 82.564 4.71736 843.418 630.948 2.44673 3.35927 6536.17 3.01817 1.08763 225.496
internal_count=47500 44239 3261 372 2889 146 41 2743 1949 1929 266 243 794 352 92 280 105 90 216 265 442 263 208 43973
is_linear=0
shrinkage=0.05


Tree=17
num_leaves=24
num_cat=0
split_feature=46 40 26 25 33 25 11 37 0 33 9 25 34 22 8 22 33 0 16 40 37 33 3
split_gain=469.601 636.748 3.08064 26.9642 2.4828 15.3093 23.5395 10.8856 48.3808 119.492 1.38016 12.5941 0.856036 5.57122 0.682538 0.498414 0.297247 0.570876 0.037561 0.0336495 0.0221598 0.000221097 8.45075e-08
threshold=2.1150000000000007 0.49500000000000005 1.0000000180025095e-35 7.5850000000000009 3.1867500000000004 30.545000000000005 2196.4500000000003 1.0000000180025095e-35 228.72500000000005 1.3844500000000004 2.5000000000000004 80.625000000000014 1.5000000000000002 261.59000000000009 21.685000000000006 1413.5650000000003 7.0453500000000009 9416.635000000002 0.42730000000000007 18.015000000000004 2.5000000000000004 3.1867500000000004 4.5000000000000009
decision_type=2 2 2 2 2 2 2 2 2 2 2 2 2 2 2 2 2 2 2 2 2 2 2
left_child=2 10 3 15 7 6 -6 8 -4 -10 11 18 13 -9 -5 19 17 -7 22 21 -14 -1 -2
right_child=1 -3 4 14 5 16 -8 12 9 -11 -12 -13 20 -15 -16 -17 -18 -19 -20 -21 -22 -23 -24
leaf_value=-0.050486955226528255 -0.050244483026603497 -0.050246365596849155 0.067673041269917536 0.053270080653833318 0.10262009143097486 0.061302795530126936 0.062856879546913658 0.065224857835397526 -0.059133675880930915 0.057950080137795346 0.065171902825994998 0.062685365245981381 0.064844895260279187 0.048959724034888671 0.064426461224083229 -0.088847338262553407 0.066178353724384242 0.064853865734696328 -0.062996623164055285 -0.067654004381671268 0.065179121801177214 -0.051421348536398098 -0.050279050609550284
leaf_weight=1.9314708546735344 0.80856011249124937 214.55146002210677 288.44805913697928 17.5607954794541 71.629620905965567 150.15791381709278 77.478864464908838 354.57225894927979 28.68006762675941 90.725324254948646 249.71207377035171 31.930556586012244 542.55077834427357 61.827302986755967 62.510556462220848 1.3398718098178504 205.45787405595183 459.56791077181697 1.3099538087844846 0.32988720387220372 5771.852614402771 0.94177622906863678 0.22628786275163293
leaf_count=226 167 43973 20 81 12 51 29 23 1617 329 23 27 73 306 11 15 15 39 8 2 375 37 41
internal_value=0.0618788 0.0147648 0.0647475 0.0552565 0.0648467 0.067228 0.0819586 0.064525 0.0565932 0.0298276 0.0638805 0.0544722 0.0650056 0.0628098 0.0619797 -0.0632409 0.0645336 0.0639793 -0.057372 -0.0525297 0.0651504 -0.0507932 -0.050252
internal_weight=8686.1 498.539 8187.56 84.6144 8102.95 964.292 149.108 7138.66 407.853 119.405 283.987 34.2754 6730.8 416.4 80.0714 4.54301 815.184 609.726 2.3448 3.20313 6314.4 2.87325 1.03485
internal_count=47500 44239 3261 372 2889 146 41 2743 1966 1946 266 243 777 329 92 280 105 90 216 265 448 263 208
is_linear=0
shrinkage=0.05


Tree=18
num_leaves=31
num_cat=0
split_feature=46 40 26 25 29 34 46 45 11 11 33 9 15 45 22 8 40 22 34 0 16 40 31 9 33 25 0 10 10 13
split_gain=435.784 599.047 3.0123 25.1635 2.39528 15.4689 161.528 9.05407 36.9348 11.4313 4.30463 1.32271 13.7068 0.892498 5.01275 0.739094 0.596691 0.411039 0.179316 0.8433 0.0363511 0.028594 0.0215996 0.000547583 0.000189846 4.99619e-05 2.84217e-14 3.55271e-15 1.77636e-15 1.11022e-16
threshold=2.1150000000000007 0.49500000000000005 1.0000000180025095e-35 7.5850000000000009 0.14145000000000002 1.0000000180025095e-35 1.0950000000000004 1.0000000180025095e-35 3316.1300000000006 654.0200000000001 0.19380000000000003 2.5000000000000004 3.9774500000000006 1.5000000000000002 280.68000000000001 21.685000000000006 13.105000000000002 1413.5650000000003 2.5000000000000004 367.99000000000007 0.42730000000000007 18.015000000000004 1.5000000000000002 1.5000000000000002 3.1867500000000004 80.625000000000014 5695.46 2630.6350000000007 1762.3350000000003 2189.6400000000008
decision_type=2 2 2 2 2 2 2 2 2 2 2 2 2 2 2 2 2 2 2 2 2 2 2 2 2 2 2 2 2 2
left_child=2 11 3 17 7 6 10 8 9 -4 -6 12 20 14 -9 -5 -10 21 19 -7 25 24 -15 -20 -1 -2 -3 28 -28 -30
right_child=1 26 4 15 5 18 -8 13 16 -11 -12 -13 -14 22 -16 -17 -18 -19 23 -21 -22 -23 -24 -25 -26 -27 27 -29 29 -31
leaf_value=-0.050463025464693181 -0.050239574702427403 -0.050234290560619191 -0.055976245388697533 0.051662805583498728 0.068360760217554759 0.064262142779441755 0.23989410549419934 0.064305134616640391 -0.052578913798992981 0.058340987508260445 0.047360422329108476 0.064173487627046763 0.062950020049105146 0.063908423367976613 0.050178370849763912 0.063408209739314991 -0.085250832360941817 -0.085810334241767913 0.064147866385225447 0.057781326628273955 -0.062203134793394503 -0.066578376989007024 0.064212805649425664 0.064220284078684159 -0.051350319246457991 -0.050911612785474583 -0.050234290560619177 -0.050234290560619191 -0.050234290560618913 -0.050234290560618948
leaf_weight=1.8381211753003297 0.97943836636841231 186.22087963391095 2.1995947957038871 17.210793272592127 79.780227661132812 252.91561794281006 14.342725076247005 327.78155136108398 4.4101670696400097 376.66048006038181 35.154247186146677 241.13472883403301 30.539188669994473 856.02772329002619 77.677088499302045 60.392411013133824 2.0456867530010641 1.3184659546241162 281.29610538482666 62.624013466993347 1.2615569829940794 0.31873872876167286 1826.2921657562256 3624.3047310723923 0.89705314673483361 0.3853793703019619 8.690369613468647 8.6903696134686452 0.32496040221303779 0.20890311570838094
leaf_count=226 207 40114 138 81 5 17 76 22 253 1257 204 23 6 62 305 11 25 15 19 137 8 2 123 246 37 22 1872 1872 70 45
internal_value=0.0609583 0.0146206 0.0637626 0.0542278 0.0638625 0.0646442 0.081681 0.0628833 0.0556565 0.0576773 0.0619375 0.0628858 0.0535237 0.0637852 0.0615988 0.0608033 -0.0629318 -0.0624786 0.0641224 0.0629759 -0.0560848 -0.0524056 0.0641157 0.0642151 -0.050754 -0.0504293 -0.0502343 -0.0502343 -0.0502343 -0.0502343
internal_weight=8383.92 478.436 7905.49 81.9756 7823.51 4350.42 129.277 3473.09 385.316 378.86 114.934 274.3 33.1656 3087.78 405.459 77.6032 6.45585 4.37238 4221.14 315.54 2.62637 3.05391 2682.32 3905.6 2.73517 1.36482 204.135 17.9146 9.22423 0.533864
internal_count=47500 44239 3261 372 2889 704 285 2185 1673 1395 209 266 243 512 327 92 278 280 419 154 237 265 185 265 263 229 43973 3859 1987 115
is_linear=0
shrinkage=0.05


Tree=19
num_leaves=30
num_cat=0
split_feature=7 40 46 40 33 29 45 46 37 0 16 27 34 9 16 40 18 34 16 40 12 33 46 33 46 8 0 0 8
split_gain=406.871 215.989 75.8092 286.521 58.5603 2.15626 10.3147 104.777 7.27673 13.5247 0.770532 0.94819 0.642474 0.379978 0.44481 0.0674143 0.138253 0.0568978 0.0102899 0.00324979 0.0033208 0.000669924 0.000375134 0.000179344 4.81672e-05 2.11802e-05 1.42109e-14 1.42109e-14 1.11022e-16
threshold=1.5000000000000002 42.775000000000013 2.1150000000000007 0.49500000000000005 0.07690000000000001 0.14145000000000002 1.0000000180025095e-35 1.0950000000000004 1.0000000180025095e-35 228.72500000000005 34.379650000000005 7979.3650000000007 1.5000000000000002 2.5000000000000004 34.379650000000005 1.0000000180025095e-35 0.32290000000000002 2.5000000000000004 3.7760500000000001 2.4750000000000005 892.29500000000019 3.1867500000000004 2.1150000000000007 2.3617000000000004 3.4550000000000005 2.5550000000000002 11856.775000000001 1864.1000000000001 51.205000000000005
decision_type=2 2 2 2 2 2 2 2 2 2 2 2 2 2 2 2 2 2 2 2 2 2 2 2 2 2 2 2 2
left_child=1 2 5 13 -3 8 7 -7 9 -1 15 -12 -10 14 -4 16 18 -8 25 20 21 -17 23 -21 -6 -2 -5 -24 -28
right_child=10 4 3 26 24 6 17 -9 12 -11 11 -13 -14 -15 -16 19 -18 -19 -20 22 -22 -23 27 -25 -26 -27 28 -29 -30
leaf_value=0.064889914528422382 -0.050912662793529774 0.063325132242014567 0.051847326708815734 -0.050222816671783438 -0.050975457411217166 0.061329132495295147 0.062585683308876955 0.19457229891074038 0.060978908452250694 0.046874271325371739 -0.050222816671783438 -0.20281625760962785 0.063189399614198546 0.063445713345186769 0.063863358733084796 -0.05089130106146901 -0.09338261207727161 0.063331653868687707 -0.061467191658006674 -0.050664362449420131 -0.056298907740209139 -0.052156368659600771 -0.050222816671783438 -0.051847319505706146 -0.050222816671783438 -0.050396816929705712 -0.050222816671783438 -0.050222816671783438 -0.050222816671782945
leaf_weight=207.9076309800148 0.38784587243571766 14.314452171325682 16.24793652491644 70.828896701335907 0.21340615605004032 125.65645242575556 274.23391833947971 16.717110884608701 375.65408147824928 208.79860092047602 0.22526027262210746 0.18575222790241241 2630.6419938318431 232.3424962842837 14.642673492431642 8.2429626854136533 0.27305311243981112 3765.6438999176025 0.30350807309150696 2.2313103126361962 0.31150011625140983 1.1986773954704411 34.049636110663414 0.3741162884980439 54.69407756626606 0.40865397499874234 0.39751812815666099 33.590281829237938 0.10158796608448029
leaf_count=15 33 1 158 16036 21 150 61 89 205 1298 51 1 206 19 1 706 4 263 2 234 13 35 7709 16 12383 72 90 7605 23
internal_value=0.0600611 0.0611941 0.0619608 0.0386667 -0.0267445 0.0629855 0.0637472 0.0769742 0.0620549 0.0558628 -0.0508977 -0.119186 0.0629132 0.062753 0.0575431 -0.0505528 -0.0615379 0.063281 -0.0536332 -0.0503642 -0.0512195 -0.0510519 -0.0502455 -0.0508342 -0.0502257 -0.050648 -0.0502228 -0.0502228 -0.0502228
internal_weight=8090.82 8009.04 7939.81 334.561 69.2219 7605.25 4182.25 142.374 3423 416.706 81.7826 0.411013 3006.3 263.233 30.8906 81.3715 1.37306 4039.88 1.10001 79.9985 9.75314 9.44164 70.2453 2.60543 54.9075 0.7965 71.328 67.6399 0.499106
internal_count=47500 31019 18614 16327 12405 2287 563 239 1724 1313 16481 52 411 178 159 16429 111 324 107 16318 754 741 15564 250 12404 105 16149 15314 113
is_linear=0
shrinkage=0.05


Tree=20
num_leaves=30
num_cat=0
split_feature=7 40 46 40 33 45 25 25 14 16 27 9 8 40 18 31 16 31 40 12 33 46 33 46 8 0 25 1 25
split_gain=381.173 201.676 70.2299 269.03 55.4503 2.43811 15.2236 113.707 36.2741 0.608786 0.648951 0.415752 0.497119 0.0575189 0.113464 0.0539465 0.00871383 0.00739805 0.002802 0.00287896 0.000574664 0.000322879 0.000154026 4.14999e-05 1.82194e-05 1.42109e-14 1.42109e-14 8.88178e-16 4.44089e-16
threshold=1.5000000000000002 42.775000000000013 2.1150000000000007 0.49500000000000005 0.07690000000000001 1.5000000000000002 28.775000000000002 29.365000000000006 0.0071935000000000011 34.379650000000005 7979.3650000000007 2.5000000000000004 100.47500000000001 1.0000000180025095e-35 0.32290000000000002 1.0000000180025095e-35 3.7760500000000001 1.5000000000000002 2.4750000000000005 892.29500000000019 3.1867500000000004 2.1150000000000007 2.3617000000000004 3.4550000000000005 2.5550000000000002 4743.3600000000015 111.65500000000002 8.5120500000000021 117.00500000000001
decision_type=2 2 2 2 2 2 2 2 2 2 2 2 2 2 2 2 2 2 2 2 2 2 2 2 2 2 2 2 2
left_child=1 2 5 11 -3 6 8 -8 -1 13 -11 12 -4 14 16 -7 24 -17 19 20 -15 22 -20 -6 -2 -25 -5 -27 -28
right_child=9 4 3 26 23 15 7 -9 -10 10 -12 -13 -14 18 -16 17 -18 -19 21 -21 -22 -23 -24 25 -26 27 28 -29 -30
leaf_value=0.050693012882422755 -0.050867848306400822 0.062507481105152349 0.050232749436649071 -0.050211901711203558 -0.050927873142837678 0.061759781611293856 0.19193236619159426 0.060053331693695734 -0.073752140653562767 -0.050211901711203558 -0.17476351147270219 0.062597063388381044 0.063123994922563029 -0.050847538383840901 -0.08979270173375227 0.062351602250453955 -0.060783556223433177 0.062515276057413013 -0.05063183915957508 -0.055996430562179095 -0.052047747773962406 -0.050211901711203558 -0.051754988891886934 -0.050211901711203558 -0.050377454853190701 -0.050211901711203558 -0.050211901711203537 -0.050211901711203544 -0.050211901711203537
leaf_weight=168.20578478556126 0.36924723675474413 13.789903640747069 15.813394818454981 63.968094379641116 0.20318309939466317 261.33963216841221 16.656184243038297 873.76775516220368 6.0669290032237759 0.2143195909447958 0.20424717664718628 223.93098516296595 14.188370704650879 7.8475268380716408 0.26985065918415774 795.75657507777214 0.29187026619911194 5214.4199419021606 2.1238170263823117 0.29786821315065104 1.1425367021001873 64.354710112325847 0.35648926813155402 45.078553962055594 0.38886930234730244 0.73120801616459985 1.44140430772677 6.2278751721605659 2.4541694335639477
leaf_count=654 33 1 158 15222 21 23 12 954 207 51 1 19 1 706 4 59 2 378 234 13 35 15314 16 10727 72 174 343 1482 584
internal_value=0.0592248 0.0603344 0.0610846 0.0382224 -0.0266737 0.0620875 0.0598752 0.0625202 0.0463607 -0.050851 -0.110989 0.0618565 0.0563292 -0.050526 -0.0608746 0.062463 -0.0534425 0.0624936 -0.0503466 -0.0511603 -0.0510001 -0.0502335 -0.0507933 -0.0502147 -0.0506163 -0.0502119 -0.0502119 -0.0502119 -0.0502119
internal_weight=7801.9 7724.04 7658.01 321.796 66.0307 7336.21 1064.7 890.424 174.273 77.8614 0.418567 253.933 30.0018 77.4428 1.31984 6271.52 1.04999 6010.18 76.1229 9.28793 8.99006 66.835 2.48031 52.2408 0.758117 52.0376 67.8637 6.95908 3.89557
internal_count=47500 31019 18614 16327 12405 2287 1827 966 861 16481 52 178 159 16429 111 460 107 437 16318 754 741 15564 250 12404 105 12383 16149 1656 927
is_linear=0
shrinkage=0.05


Tree=21
num_leaves=30
num_cat=0
split_feature=7 40 46 40 33 45 25 25 14 16 27 9 16 31 40 18 16 31 40 12 33 46 33 46 8 0 0 0 11
split_gain=357.426 188.513 65.1753 252.788 52.5227 3.40203 14.6773 82.2692 33.7305 0.486667 0.461436 0.455296 0.538807 0.054586 0.0490823 0.0933834 0.0073861 0.00662281 0.00241571 0.0024948 0.000493034 0.000277902 0.000132296 3.5754e-05 1.56726e-05 1.42109e-14 1.42109e-14 7.10543e-15 3.55271e-15
threshold=1.5000000000000002 42.775000000000013 2.1150000000000007 0.49500000000000005 0.07690000000000001 1.5000000000000002 28.775000000000002 29.365000000000006 0.0071935000000000011 34.379650000000005 7979.3650000000007 2.5000000000000004 34.379650000000005 1.0000000180025095e-35 1.0000000180025095e-35 0.32290000000000002 3.7760500000000001 1.5000000000000002 2.4750000000000005 892.29500000000019 3.1867500000000004 2.1150000000000007 2.3617000000000004 3.4550000000000005 2.5550000000000002 14820.630000000003 2624.5650000000005 7163.2500000000009 472.18500000000006
decision_type=2 2 2 2 2 2 2 2 2 2 2 2 2 2 2 2 2 2 2 2 2 2 2 2 2 2 2 2 2
left_child=1 2 5 11 -3 6 8 -8 -1 14 -11 12 -4 -7 15 16 24 -15 19 20 -16 22 -20 -6 -2 -5 -25 -23 -28
right_child=9 4 3 25 23 13 7 -9 -10 10 -12 -13 -14 17 18 -17 -18 -19 21 -21 -22 27 -24 26 -26 -27 28 -29 -30
leaf_value=0.049364072321048259 -0.050825247668495666 0.061749605774582453 0.048744886152294303 -0.050201524143531129 -0.05088261377926856 0.060983740577658735 0.16640655304708188 0.058979755262614064 -0.07314016398265101 -0.050201524143531129 -0.15475837861806524 0.061809520436525656 0.062368506616704567 0.061598998751535641 -0.050805938255551734 -0.086592326804541889 -0.060147614237597159 0.061756842328580953 -0.050600913196760314 -0.055707958020004215 -0.051944765098900482 -0.050201524143531129 -0.051667376870557516 -0.050201524143531129 -0.05035904345656126 -0.050201524143531129 -0.050201524143529921 -0.050201524143531129 -0.050201524143531129
leaf_weight=164.20038456330076 0.35152580705471226 13.274256706237791 15.436361601110548 64.295045802369714 0.19344132347032328 251.67690148949623 18.205379941500723 845.8985366045963 5.8181229634210458 0.2039081733673801 0.2187008261680603 215.65468199551105 13.697519302368164 765.95983457565308 7.470756505383175 0.26593098510056723 0.28049638867378235 5019.4735040664673 2.0214408307801928 0.28477116464637298 1.08891479158774 58.749543126672506 0.33966358145698894 32.561336547136307 0.37003575405105948 0.27187756448984046 0.14793338067829864 2.4788836762309066 16.800434205681086
leaf_count=654 33 1 158 16081 21 23 12 954 207 51 1 19 1 59 706 4 2 378 234 13 35 14694 16 8144 72 68 37 620 4202
internal_value=0.058445 0.0595329 0.0602679 0.0378041 -0.0266068 0.0612507 0.0586008 0.0612431 0.0451719 -0.0508072 -0.10431 0.0610169 0.0551501 0.0617046 -0.0505005 -0.0602527 -0.0532626 0.0617359 -0.0503297 -0.051104 -0.0509508 -0.0502221 -0.0507543 -0.0502042 -0.0505862 -0.0502015 -0.0502015 -0.0502015 -0.0502015
internal_weight=7517.69 7443.57 7380.59 309.355 62.9774 7071.23 1034.12 864.104 170.019 74.1246 0.422609 244.789 29.1339 6037.11 73.702 1.26799 1.00206 5785.43 72.434 8.84444 8.55967 63.5895 2.3611 49.7031 0.721562 64.5669 49.5097 61.2284 16.9484
internal_count=47500 31019 18614 16327 12405 2287 1827 966 861 16481 52 178 159 460 16429 111 107 437 16318 754 741 15564 250 12404 105 16149 12383 15314 4239
is_linear=0
shrinkage=0.05


Tree=22
num_leaves=31
num_cat=0
split_feature=7 40 7 46 40 33 22 45 25 25 16 27 46 31 40 18 26 16 40 12 46 33 46 33 46 8 0 0 0 0
split_gain=335.426 176.373 61.7266 52.6372 226.822 49.7645 4.12653 2.7681 11.8844 0.932543 0.392581 0.337393 0.157922 0.0568146 0.0418911 0.077063 0.0152006 0.00626616 0.00208251 0.00216101 0.000539751 0.000423067 0.000239191 0.000113643 3.08019e-05 1.34823e-05 7.10543e-15 7.10543e-15 8.88178e-16 2.77556e-17
threshold=1.5000000000000002 42.775000000000013 1.0000000180025095e-35 1.9750000000000003 2.0250000000000004 0.07690000000000001 3105.3100000000004 1.5000000000000002 28.775000000000002 80.625000000000014 34.379650000000005 7979.3650000000007 1.0000000180025095e-35 1.0000000180025095e-35 1.0000000180025095e-35 0.32290000000000002 126.50000000000001 3.7760500000000001 2.4750000000000005 892.29500000000019 2.1150000000000007 3.1867500000000004 2.1150000000000007 2.3617000000000004 3.4550000000000005 2.5550000000000002 11856.775000000001 5603.1800000000012 6306.170000000001 3966.1300000000006
decision_type=2 2 2 2 2 2 2 2 2 2 2 2 2 2 2 2 2 2 2 2 2 2 2 2 2 2 2 2 2 2
left_child=1 2 6 7 9 -3 12 8 -4 -5 14 29 -1 -9 15 17 -14 25 19 21 -6 -16 23 -20 -7 -2 -24 -26 -29 -12
right_child=10 5 3 4 20 24 -8 13 -10 -11 11 -13 16 -15 18 -17 -18 -19 22 -21 -22 -23 26 -25 27 -27 -28 28 -30 -31
leaf_value=-0.07046012069533647 -0.050784751931848275 0.061046017598252539 0.045822672979398321 0.051476393163183601 -0.051317380978345234 -0.050839559461543372 -0.1554515825691922 0.060259099433451195 0.060571252353076602 0.061142500730549804 -0.050191657099878745 -0.13973834728451268 -0.051064588036564301 0.061041407003936725 -0.050766392515380156 -0.083728315610014509 -0.062797707808475531 -0.05955525534757429 -0.050571506530338053 -0.055432918836625315 -0.050191657099878745 -0.051847111645205668 -0.050191657099878745 -0.051584234239427373 -0.050191657099878745 -0.050341528768057989 -0.050191657099878745 -0.050191657099878745 -0.050191657099878717 -0.050191657099878141
leaf_weight=1.296804599929599 0.33464160910807439 12.768691062927244 163.31659842422232 28.128096525091678 1.0853326877113421 0.18415897665545244 1.1442395490594197 242.20818242430687 834.62341784872115 220.98042206233367 0.1103140851482739 0.22978246212005615 7.0169459888711572 5552.1504802703857 7.1117995143867994 0.26139029720798135 0.28734438680112351 0.26940283179283142 1.9239439121447497 0.27219279319979328 56.2982227653265 1.0377094829455016 57.895875032991171 0.32360561378300179 42.836100443266332 0.35210827854461968 0.35756979323923488 1.2705139461904753 2.9974999688565731 0.083686547353863716
leaf_count=29 33 1 759 202 81 21 16 23 829 44 29 1 1373 435 706 4 23 2 234 13 14800 35 15220 16 11261 72 94 334 788 22
internal_value=0.0577139 0.0587817 0.0595026 0.0596752 0.0394067 -0.0265434 -0.066248 0.0605898 0.0581576 0.0600511 -0.050766 -0.0987454 -0.0543809 0.0610087 -0.0504761 -0.0596697 -0.0515262 -0.0530927 -0.0503137 -0.0510504 -0.0502129 -0.050904 -0.0502112 -0.0507173 -0.0501942 -0.0505575 -0.0501917 -0.0501917 -0.0501917 -0.0501917
internal_weight=7239.16 7168.59 7108.54 7098.79 306.492 60.057 9.74533 6792.3 997.94 249.109 70.564 0.423783 8.60109 5794.36 70.1402 1.21754 7.30429 0.956153 68.9227 8.4217 57.3836 8.14951 60.501 2.24755 47.2883 0.68675 58.2534 47.1041 4.26801 0.194001
internal_count=47500 31019 18614 17173 15127 12405 1441 2046 1588 246 16481 52 1425 458 16429 111 1396 107 16318 754 14881 741 15564 250 12404 105 15314 12383 1122 51
is_linear=0
shrinkage=0.05


Tree=23
num_leaves=30
num_cat=0
split_feature=7 40 7 46 40 33 45 25 22 25 16 27 46 31 40 18 26 16 40 12 46 33 46 33 46 8 0 0 8
split_gain=315.086 165.207 57.9866 49.1163 213.286 47.1641 3.55793 12.1014 3.32316 1.00271 0.318991 0.252037 0.139724 0.0580772 0.0357619 0.0637565 0.0131132 0.00532038 0.00179513 0.00187115 0.000465496 0.000363084 0.000205872 9.76301e-05 2.65347e-05 1.15984e-05 7.10543e-15 7.10543e-15 2.22045e-16
threshold=1.5000000000000002 42.775000000000013 1.0000000180025095e-35 1.9750000000000003 2.0250000000000004 0.07690000000000001 1.5000000000000002 28.775000000000002 3105.3100000000004 80.625000000000014 34.379650000000005 7979.3650000000007 1.0000000180025095e-35 1.0000000180025095e-35 1.0000000180025095e-35 0.32290000000000002 126.50000000000001 3.7760500000000001 2.4750000000000005 892.29500000000019 2.1150000000000007 3.1867500000000004 2.1150000000000007 2.3617000000000004 3.4550000000000005 2.5550000000000002 544.8850000000001 7163.2500000000009 68.055000000000021
decision_type=2 2 2 2 2 2 2 2 2 2 2 2 2 2 2 2 2 2 2 2 2 2 2 2 2 2 2 2 2
left_child=1 2 8 6 9 -3 7 -4 12 -5 14 -12 -1 -8 15 17 -14 25 19 21 -6 -16 23 -20 -7 -2 -24 -26 -29
right_child=10 5 3 4 20 24 13 -9 -10 -11 11 -13 16 -15 18 -17 -18 -19 22 -21 -22 -23 26 -25 27 -27 -28 28 -30
leaf_value=-0.069631390718791736 -0.050746254876107968 0.060391872047488818 0.044499568946458845 0.050284899461758972 -0.051253525273731129 -0.050798608464655837 0.059581091550676181 0.059557545026764108 -0.14428492677925775 0.060451941130082537 -0.05018227522455574 -0.12803518826947444 -0.051020317563878842 0.060387616218812938 -0.050728798852584446 -0.0811558466872878 -0.062138756704240974 -0.059002805725680799 -0.050543543838281906 -0.055170747611922803 -0.05018227522455574 -0.051754495590576967 -0.05018227522455574 -0.051505322976012513 -0.05018227522455574 -0.050324868621250678 -0.05018227522455574 -0.05018227522455574 -0.050182275224555706
leaf_weight=1.2478691102005521 0.31855633715167531 12.274169921874998 159.85323043097742 27.374196805525571 1.0336541866417963 0.17531509744003315 232.95073126256466 807.08880658168346 1.1704343787860114 212.54323794879019 0.18457274464890261 0.2380136102437973 6.6803714667912573 5337.0937938690186 6.7698398660868389 0.25631999270990491 0.27615550509653974 0.25860238075256348 1.8310990103054785 0.26011709007434536 53.562286682426929 0.98882163502275933 2.4609699286520472 0.30828289594501246 42.994592282921076 0.33504383661784232 52.961520493961871 0.64781414298340578 1.1725797895342109
leaf_count=29 33 1 759 202 81 21 23 829 16 44 51 1 1373 435 706 4 23 2 234 13 14800 35 680 16 11880 72 14634 179 324
internal_value=0.0570401 0.0580895 0.0587975 0.058968 0.0389942 -0.0264835 0.0598679 0.0570682 -0.0654691 0.0592919 -0.0507271 -0.0940314 -0.0542253 0.0603539 -0.050453 -0.0591231 -0.0514617 -0.0529322 -0.0502985 -0.0509994 -0.0502026 -0.0508595 -0.0502009 -0.0506821 -0.0501847 -0.0505302 -0.0501823 -0.0501823 -0.0501823
internal_weight=6965.31 6898.14 6840.87 6831.5 294.513 57.2645 6536.99 966.942 9.37483 239.917 67.1718 0.422586 8.2044 5570.04 66.7492 1.16852 6.95653 0.912203 65.5807 8.01878 54.5959 7.75866 57.5619 2.13938 44.9903 0.6536 55.4225 44.815 1.82039
internal_count=47500 31019 18614 17173 15127 12405 2046 1588 1441 246 16481 52 1425 458 16429 111 1396 107 16318 754 14881 741 15564 250 12404 105 15314 12383 503
is_linear=0
shrinkage=0.05


Tree=24
num_leaves=30
num_cat=0
split_feature=7 40 7 46 40 33 34 0 22 25 16 27 46 31 40 18 26 16 40 12 46 33 46 33 46 8 0 2 0
split_gain=296.165 154.861 54.504 45.8892 200.659 44.7108 4.46669 11.6747 2.68462 1.07968 0.260751 0.191506 0.123487 0.10768 0.0305376 0.0528736 0.0113061 0.0045208 0.0015473 0.00161959 0.00040142 0.000311652 0.000177195 8.38808e-05 2.28577e-05 9.97793e-06 7.10543e-15 8.88178e-16 2.77556e-17
threshold=1.5000000000000002 42.775000000000013 1.0000000180025095e-35 1.9750000000000003 2.0250000000000004 0.07690000000000001 1.5000000000000002 7163.2500000000009 3105.3100000000004 80.625000000000014 34.379650000000005 7979.3650000000007 1.0000000180025095e-35 1.0000000180025095e-35 1.0000000180025095e-35 0.32290000000000002 126.50000000000001 3.7760500000000001 2.4750000000000005 892.29500000000019 2.1150000000000007 3.1867500000000004 2.1150000000000007 2.3617000000000004 3.4550000000000005 2.5550000000000002 4881.5500000000011 9.5000000000000018 4165.4600000000009
decision_type=2 2 2 2 2 2 2 2 2 2 2 2 2 2 2 2 2 2 2 2 2 2 2 2 2 2 2 2 2
left_child=1 2 8 6 9 -3 7 -4 12 -5 14 28 -1 -8 15 17 -14 25 19 21 -6 -16 23 -20 -7 -2 -26 -28 -12
right_child=10 5 3 4 20 24 13 -9 -10 -11 11 -13 16 -15 18 -17 -18 -19 22 -21 -22 -23 -24 -25 26 -27 27 -29 -30
leaf_value=-0.068827992793597734 -0.050709655954835002 0.059782861880016983 0.052708793306585212 0.049105840534938411 -0.051192749259513608 -0.050759654038760552 0.058703221511452214 0.066614571603474601 -0.13465564167920283 0.059806342475422596 -0.050173353446552695 -0.11865710924530554 -0.050977617227034283 0.059767618560122797 -0.050693058803200741 -0.078837099882218514 -0.061512695158749867 -0.058486981815875284 -0.050516953813608413 -0.054920899500005685 -0.050173353446552695 -0.051666645432813331 -0.050173353446552695 -0.051430420195756221 -0.050173353446552695 -0.050309020907236927 -0.050173353446552695 -0.050173353446552688 -0.050173353446551966
leaf_weight=1.2005150439217667 0.30323334294371196 11.791467666625975 668.75063387770206 26.648519827052951 0.98438014090061088 0.16688962932675977 249.04659803817049 194.93388215824962 1.1908592018298803 204.30440003843978 0.10673813614994188 0.24381925165653229 6.3597548473626375 5175.1808117907494 6.4440964916720977 0.2508053882047534 0.26529306056909252 0.24810460209846497 1.7426889531780028 0.24852821603417385 50.958852097392082 0.94215518655255426 52.72863925807178 0.29366406705230463 37.317029664292932 0.31880141701549292 1.2223238172009576 4.0973671618849039 0.068863313645124435
leaf_count=29 33 1 1475 202 81 21 46 70 16 44 31 1 1373 455 706 4 23 2 234 13 14800 35 15314 16 10838 72 355 1190 20
internal_value=0.0564041 0.0574363 0.0581321 0.0583007 0.0386012 -0.0264268 0.059187 0.0558473 -0.0647162 0.0585717 -0.0506904 -0.0899846 -0.0540732 0.0597187 -0.0504309 -0.0586105 -0.0513995 -0.0527804 -0.050284 -0.0509508 -0.0501927 -0.0508172 -0.050191 -0.0506487 -0.0501756 -0.0505043 -0.0501734 -0.0501734 -0.0501734
internal_weight=6698.36 6634.42 6579.82 6570.81 282.896 54.5951 6287.91 863.685 9.01642 230.953 63.9401 0.419421 7.82556 5424.23 63.5207 1.12094 6.62505 0.870139 62.3998 7.63478 51.9432 7.38625 54.765 2.03635 42.8036 0.622035 42.6367 5.31969 0.175601
internal_count=47500 31019 18614 17173 15127 12405 2046 1545 1441 246 16481 52 1425 501 16429 111 1396 107 16318 754 14881 741 15564 250 12404 105 12383 1545 51
is_linear=0
shrinkage=0.05


Tree=25
num_leaves=31
num_cat=0
split_feature=7 40 7 46 40 33 34 25 22 25 16 27 31 46 40 18 26 16 40 12 46 33 46 33 46 8 0 0 1 0
split_gain=278.528 145.252 51.2556 42.9157 188.865 42.3948 5.5396 12.3499 2.17652 1.16351 0.214218 0.147544 0.114958 0.109019 0.0260839 0.0439466 0.00974324 0.00384414 0.00133358 0.00167578 0.000346132 0.000267829 0.000152511 7.20739e-05 1.96894e-05 8.58412e-06 1.42109e-14 7.10543e-15 4.44089e-16 2.77556e-17
threshold=1.5000000000000002 42.775000000000013 1.0000000180025095e-35 1.9750000000000003 2.0250000000000004 0.07690000000000001 1.5000000000000002 28.775000000000002 3105.3100000000004 80.625000000000014 34.379650000000005 7979.3650000000007 1.0000000180025095e-35 1.0000000180025095e-35 1.0000000180025095e-35 0.32290000000000002 126.50000000000001 3.7760500000000001 2.4750000000000005 2458.8900000000003 2.1150000000000007 3.1867500000000004 2.1150000000000007 2.3617000000000004 3.4550000000000005 2.5550000000000002 5603.1800000000012 6306.170000000001 8.814350000000001 4165.4600000000009
decision_type=2 2 2 2 2 2 2 2 2 2 2 2 2 2 2 2 2 2 2 2 2 2 2 2 2 2 2 2 2 2
left_child=1 2 8 6 9 -3 7 -4 13 -5 14 29 -8 -1 15 17 -15 25 19 21 -6 -16 23 -20 -7 -2 -24 -26 -29 -12
right_child=10 5 3 4 20 24 12 -9 -10 -11 11 -13 -14 16 18 -17 -18 -19 22 -21 -22 -23 26 -25 27 -27 -28 28 -30 -31
leaf_value=-0.068049767135242828 -0.05067486314391461 0.059215153973113437 0.041872517260595245 0.047936346766969729 -0.051134904903571005 -0.050722601100328502 0.058077424613242334 0.057625734631371543 -0.12633333749155404 0.059201512522510713 -0.050164872343253467 -0.11097522253645131 0.059199197374262595 -0.050936451997197846 -0.050658924002553188 -0.076740071153779107 -0.06091829742520747 -0.058004841825212407 -0.050491668880848307 -0.055396922989186831 -0.050164872343253467 -0.051583303250547587 -0.050164872343253467 -0.051359313172114951 -0.050164872343253467 -0.05029394763205073 -0.050164872343253467 -0.050164872343253425 -0.050164872343253446 -0.050164872343252703
leaf_weight=1.1546948179602603 0.28863753052428254 11.321192741394041 152.00497219851241 25.951625626999885 0.93740387912839551 0.15886336704715986 239.3883642302826 685.37255597254261 1.2054327956866471 196.27541038068011 0.10154919466003676 0.24755479395389557 4968.8510464518331 6.0543518816120923 6.169399377424269 0.24492495786398649 0.2547544864937662 0.23791630566120148 1.6585062153171737 0.201833025086671 48.481550998985767 0.89761716895736743 45.69713759701699 0.27971889078617085 37.982674583327025 0.30334188137203455 4.4681645650416604 0.48809129046276156 2.0932237221859396 0.065515609458088875
leaf_count=29 33 1 746 202 81 21 46 799 16 44 31 1 455 1373 712 4 23 2 234 7 14800 35 13950 16 11595 72 1364 149 639 20
internal_value=0.0558002 0.0568161 0.0575005 0.0576672 0.0382256 -0.026373 0.0585408 0.0547661 -0.0639929 0.057886 -0.0506556 -0.0864726 0.0591476 -0.0539247 -0.0504099 -0.0581295 -0.0513395 -0.052637 -0.0502702 -0.0509046 -0.0501833 -0.0507763 -0.0501817 -0.0506169 -0.050167 -0.0504797 -0.0501649 -0.0501649 -0.0501649 -0.0501649
internal_weight=6438.84 6377.98 6325.93 6317.26 271.646 52.044 6045.62 837.378 8.66923 222.227 60.8618 0.41462 5208.24 7.4638 60.4472 1.07482 6.30911 0.829896 59.3724 7.26885 49.419 7.06702 52.1035 1.93823 40.7229 0.591979 50.1653 40.564 2.58132 0.167065
internal_count=47500 31019 18614 17173 15127 12405 2046 1545 1441 246 16481 52 501 1425 16429 111 1396 107 16318 754 14881 747 15564 250 12404 105 15314 12383 788 51
is_linear=0
shrinkage=0.05


Tree=26
num_leaves=31
num_cat=0
split_feature=7 40 45 46 16 33 6 8 25 39 45 22 10 40 16 27 31 40 18 32 16 40 12 33 46 33 46 8 0 0
split_gain=262.083 136.325 50.7001 90.4491 129.223 40.2073 20.5791 29.9352 27.1161 8.83999 1.64861 6.63575 64.3117 0.296604 0.176748 0.114992 0.0438684 0.0222863 0.0366033 0.00578928 0.00327096 0.0011488 0.00144468 0.000229951 0.000131268 6.19343e-05 1.69598e-05 7.3851e-06 1.42109e-14 7.10543e-15
threshold=1.5000000000000002 42.775000000000013 1.0000000180025095e-35 1.5550000000000004 2.0201500000000006 0.07690000000000001 6.5000000000000009 1.0000000180025095e-35 6.7700000000000005 1.0000000180025095e-35 1.5000000000000002 261.59000000000009 4770.380000000001 0.045000000000000005 34.379650000000005 7979.3650000000007 1.0000000180025095e-35 1.0000000180025095e-35 0.32290000000000002 1.5000000000000002 3.7760500000000001 2.4750000000000005 2458.8900000000003 3.1867500000000004 2.1150000000000007 2.3617000000000004 3.4550000000000005 2.5550000000000002 1907.9650000000004 14820.630000000003
decision_type=2 2 2 2 2 2 2 2 2 2 2 2 2 2 2 2 2 2 2 2 2 2 2 2 2 2 2 2 2 2
left_child=1 2 3 6 13 -3 8 -8 -1 -6 11 -4 -13 -5 17 -16 -12 18 20 -18 27 22 23 -19 25 -23 -7 -2 -28 -26
right_child=14 5 10 4 9 26 7 -9 -10 -11 16 12 -14 -15 15 -17 19 21 -20 -21 -22 24 -24 -25 29 -27 28 -29 -30 -31
leaf_value=-0.055860439740744297 -0.050641783214623516 0.058685317073299194 0.058994369102544533 -0.068878783252909456 -0.050163377999930349 -0.050687354758131388 0.058803605064439358 -0.063795377420352614 0.056297041794849491 0.058948285625528944 0.057996705273652929 -0.080433051128128846 0.056029761276633165 -0.050563528283901718 -0.050156802646964052 -0.10457043515899203 0.058422140821839358 -0.050626628759984561 -0.07483761256415071 0.058686741348443143 -0.057553727942568148 -0.050467623312053678 -0.055126736934198853 -0.05150422684195919 -0.050156802646964052 -0.051291804797800766 -0.050156802646964052 -0.050279610316084716 -0.050156802646964052 -0.050156802646964052
leaf_weight=5.4569483371451488 0.27473533689044305 10.863809585571287 355.99103736877441 2.3054649513214818 1.9202083789277811 0.15121794259175558 10.967508316040041 9.1188909802585822 433.05368118733168 55.779059587512165 251.07675757305697 9.3621858221013081 110.97141442098655 53.66411135205999 0.15894187311641772 0.24952243268489838 216.53019973635674 5.8721634193789205 0.23875016719102859 4562.8326634357218 0.22804184257984161 1.5783526187296946 0.19290669169276942 0.85511771286837746 47.554785134969279 0.26641820510849346 19.724374803015962 0.28862794255837798 18.867335291113704 0.17140790238045056
leaf_count=230 33 1 32 155 610 21 1 301 674 16 29 301 202 15621 51 1 21 712 4 421 2 234 7 35 15259 16 6329 72 6054 55
internal_value=0.0552285 0.0562291 0.0569027 0.042738 0.0028109 -0.0263221 0.0526344 0.00314571 0.0549013 0.0553171 0.0583747 0.0555632 0.0454127 -0.051318 -0.0506227 -0.083397 0.0586409 -0.0503899 -0.057678 0.0586748 -0.0525014 -0.050257 -0.0508605 -0.0507382 -0.0501728 -0.0505866 -0.0501589 -0.0504562 -0.0501568 -0.0501568
internal_weight=6186.57 6128.64 6079.03 572.266 113.669 49.6067 458.597 20.0864 438.511 57.6993 5506.76 476.325 120.334 55.9696 57.9298 0.408464 5030.44 57.5213 1.03016 4779.36 0.791405 56.4912 6.92019 6.72728 49.571 1.84477 38.7429 0.563363 38.5917 47.7262
internal_count=47500 31019 18614 17608 16402 12405 1206 302 904 626 1006 535 503 15776 16481 52 471 16429 111 442 107 16318 754 747 15564 250 12404 105 12383 15314
is_linear=0
shrinkage=0.05


Tree=27
num_leaves=31
num_cat=0
split_feature=7 40 45 46 16 33 25 0 25 34 45 22 10 40 16 27 31 40 18 32 16 40 12 33 46 33 46 8 0 0
split_gain=246.901 128.137 50.1052 83.3451 122.293 38.14 19.1526 42.7042 38.9821 8.3309 1.64614 6.4993 60.4469 0.269386 0.146374 0.0905 0.0461688 0.0190473 0.0305468 0.00578465 0.00278499 0.000989573 0.0012453 0.000197455 0.000112984 5.32254e-05 1.46079e-05 6.35378e-06 7.10543e-15 7.10543e-15
threshold=1.5000000000000002 42.775000000000013 1.0000000180025095e-35 1.5550000000000004 2.0201500000000006 0.07690000000000001 28.775000000000002 228.72500000000005 29.365000000000006 1.0000000180025095e-35 1.5000000000000002 261.59000000000009 4770.380000000001 0.045000000000000005 34.379650000000005 7979.3650000000007 1.0000000180025095e-35 1.0000000180025095e-35 0.32290000000000002 1.5000000000000002 3.7760500000000001 2.4750000000000005 2458.8900000000003 3.1867500000000004 2.1150000000000007 2.3617000000000004 3.4550000000000005 2.5550000000000002 4062.8800000000006 607.03000000000009
decision_type=2 2 2 2 2 2 2 2 2 2 2 2 2 2 2 2 2 2 2 2 2 2 2 2 2 2 2 2 2 2
left_child=1 2 3 6 13 -3 7 -1 -8 -6 11 -4 -13 -5 17 -16 -12 18 20 -18 27 22 23 -19 25 -23 -7 -2 -26 -28
right_child=14 5 10 4 9 26 8 -9 -10 -11 16 12 -14 -15 15 -17 19 21 -20 -21 -22 24 -24 -25 28 -27 29 -29 -30 -31
leaf_value=0.0590177869291321 -0.050610332369833672 0.058190282049775388 0.058479231903390654 -0.068380402875462723 0.058425532946036855 -0.050653827475842163 0.12236356876818531 -0.019004559903997242 0.052295971253112188 -0.050155392942400762 0.05746933383267458 -0.080151658706364565 0.055206945441263748 -0.050544612507121035 -0.050149131638609692 -0.099152216897614401 0.05792156532844888 -0.050595923864279205 -0.07310659547807398 0.058191621656551777 -0.057131259275991386 -0.050444757615057026 -0.054870281201987406 -0.051429189404737799 -0.050149131638609692 -0.05122770697188847 -0.050149131638609692 -0.050265969727062924 -0.050149131638609692 -0.050149131638609692
leaf_weight=44.594089508056641 0.26149463863111932 10.419656753540037 341.53635501861572 2.2086106115020803 53.521365909837186 0.14393576304428179 21.044817549176514 28.905442794552073 349.7742368504405 1.8268421571701754 240.96767112379894 8.9361006063409132 107.092762256274 51.065507205203176 0.15121273160911997 0.24998171627521515 207.70477911829948 5.5890789474360636 0.23234552703797817 4376.2924538676161 0.21848349273204803 1.5020388406701375 0.18433449324220408 0.81456999178044487 37.293210552539676 0.25373393157497037 2.1169782425276926 0.274624012876302 8.1121183075010759 34.598065983271226
leaf_count=4 33 1 32 155 16 21 6 611 585 610 29 301 202 15621 51 1 21 712 4 421 2 234 7 35 12578 16 714 72 2736 11669
internal_value=0.0547219 0.0557089 0.0563732 0.0420528 0.00279203 -0.0262739 0.0516508 0.0283336 0.0562725 0.0548417 0.0578721 0.0550059 0.0447821 -0.051284 -0.0505915 -0.0806826 0.0581439 -0.0503709 -0.0572541 0.0581794 -0.052373 -0.0502445 -0.0508186 -0.0507019 -0.0501643 -0.0505579 -0.0501511 -0.0504339 -0.0501491 -0.0501491
internal_weight=5937.89 5882.75 5835.47 552.941 108.622 47.2786 444.319 73.4995 370.819 55.3482 5282.53 457.565 116.029 53.2741 55.1372 0.401194 4824.96 54.736 0.986948 4584 0.754602 53.7491 6.58798 6.40365 47.1611 1.75577 36.859 0.536119 45.4053 36.715
internal_count=47500 31019 18614 17608 16402 12405 1206 615 591 626 1006 535 503 15776 16481 52 471 16429 111 442 107 16318 754 747 15564 250 12404 105 15314 12383
is_linear=0
shrinkage=0.05


Tree=28
num_leaves=31
num_cat=0
split_feature=7 40 45 46 16 32 33 25 34 45 22 10 8 40 16 31 40 18 32 16 40 12 33 46 33 46 8 0 0 2
split_gain=232.638 120.46 50.5644 76.211 115.767 39.396 36.1855 17.6762 7.85541 1.64733 6.38422 56.8089 0.493964 0.24398 0.121614 0.0486301 0.0162839 0.0255391 0.00581024 0.00237263 0.00085237 0.0010733 0.000169571 9.72441e-05 4.57443e-05 1.25818e-05 5.46653e-06 7.10543e-15 7.10543e-15 2.22045e-16
threshold=1.5000000000000002 42.775000000000013 1.0000000180025095e-35 1.5550000000000004 2.0201500000000006 5.5000000000000009 0.07690000000000001 28.775000000000002 1.0000000180025095e-35 1.5000000000000002 261.59000000000009 4770.380000000001 24.975000000000005 0.045000000000000005 34.379650000000005 1.0000000180025095e-35 1.0000000180025095e-35 0.32290000000000002 1.5000000000000002 3.7760500000000001 2.4750000000000005 2458.8900000000003 3.1867500000000004 2.1150000000000007 2.3617000000000004 3.4550000000000005 2.5550000000000002 4215.5050000000001 7595.3300000000008 4.5000000000000009
decision_type=2 2 2 2 2 2 2 2 2 2 2 2 2 2 2 2 2 2 2 2 2 2 2 2 2 2 2 2 2 2
left_child=1 2 3 5 13 7 -3 -1 -6 10 -4 -12 -7 -5 16 -11 17 19 -17 26 21 22 -18 24 -22 -8 -2 -25 -27 -30
right_child=14 6 9 4 8 12 25 -9 -10 15 11 -13 -14 -15 -16 18 20 -19 -20 -21 23 -23 -24 27 -26 28 -28 -29 29 -31
leaf_value=0.0295354380652143 -0.050580430659510289 0.057727289304827949 0.057997710965591948 -0.067868645536458008 0.05793581940364681 -0.058991307134192109 -0.050621938704233795 0.057005805319093328 -0.050147794554416016 0.056971983886893257 -0.079802473717521097 0.054403730214208024 -0.094475702484451252 -0.050526166570898902 -0.07827117040511071 0.057452137088702643 -0.050566730322348423 -0.071527244650906291 0.057728544189822255 -0.056735263379972992 -0.050423012475573896 -0.054626847754555646 -0.051357974428746581 -0.050141840213334815 -0.051166839321483727 -0.050141840213334815 -0.05025299790173015 -0.050141840213334815 -0.050141840213334815 -0.05014184021333478
leaf_weight=70.141218624310568 0.24888473632745345 9.9889602661132795 327.50825214385986 2.1163410986773661 51.330514171859249 6.1342840967699876 0.13700000895187159 354.66006872756407 1.7380026974715281 231.16581148933619 8.5365738191176188 103.33578018518165 1.1674002562649546 48.592301071854308 0.3930156126152714 199.14828637242317 5.3194883198011658 0.22576880780979991 4195.4037420381792 0.20924173295497894 1.4293841782491643 0.17610603664070357 0.7758902572095393 35.967418875312433 0.24163905531167973 33.795439223991707 0.26129617285914719 7.2295894108247003 0.064877314260228469 1.0690653088968245
leaf_count=574 33 1 32 155 16 183 21 430 610 29 301 202 19 15621 52 21 712 4 421 2 234 7 35 12751 16 11981 72 2563 23 379
internal_value=0.0542267 0.0552006 0.0558557 0.04125 0.00277424 0.0504907 -0.0262283 0.05247 0.0543961 0.0574009 0.0544752 0.0441629 -0.0646646 -0.05125 -0.0505619 0.0576788 -0.0503528 -0.0568558 0.057716 -0.0522516 -0.0502326 -0.0507786 -0.0506674 -0.0501563 -0.0505306 -0.0501437 -0.0504127 -0.0501418 -0.0501418 -0.0501418
internal_weight=5698.51 5646.03 5600.98 535.88 103.777 432.103 45.0553 424.801 53.0685 5065.1 439.381 111.872 7.30168 50.7086 52.4777 4625.72 52.0847 0.945191 4394.55 0.719423 51.1395 6.27148 6.09538 44.868 1.67102 35.0664 0.510181 43.197 34.9294 1.13394
internal_count=47500 31019 18614 17608 16402 1206 12405 1004 626 1006 535 503 202 15776 16481 471 16429 111 442 107 16318 754 747 15564 250 12404 105 15314 12383 402
is_linear=0
shrinkage=0.05


Tree=29
num_leaves=31
num_cat=0
split_feature=7 40 45 46 16 32 33 25 34 45 22 10 8 40 16 31 40 18 32 16 40 12 33 46 33 46 8 0 0 12
split_gain=219.328 113.323 50.6113 69.9254 109.617 36.7371 34.3368 17.65 7.4108 1.65229 6.28915 53.382 0.438011 0.220367 0.106003 0.0512559 0.0139254 0.0213888 0.00586376 0.00202245 0.000734171 0.000924971 0.00014564 8.36992e-05 3.93176e-05 1.08363e-05 4.70332e-06 7.10543e-15 7.10543e-15 1.77636e-15
threshold=1.5000000000000002 42.775000000000013 1.0000000180025095e-35 1.5550000000000004 2.0201500000000006 5.5000000000000009 0.07690000000000001 28.775000000000002 1.0000000180025095e-35 1.5000000000000002 261.59000000000009 4770.380000000001 24.975000000000005 0.045000000000000005 34.379650000000005 1.0000000180025095e-35 1.0000000180025095e-35 0.32290000000000002 1.5000000000000002 3.7760500000000001 2.4750000000000005 2458.8900000000003 3.1867500000000004 2.1150000000000007 2.3617000000000004 3.4550000000000005 2.5550000000000002 14820.630000000003 3220.4600000000005 2887.9450000000002
decision_type=2 2 2 2 2 2 2 2 2 2 2 2 2 2 2 2 2 2 2 2 2 2 2 2 2 2 2 2 2 2
left_child=1 2 3 5 13 7 -3 -1 -6 10 -4 -12 -7 -5 16 -11 17 19 -17 26 21 22 -18 24 -22 -8 -2 -25 -27 -30
right_child=14 6 9 4 8 12 25 -9 -10 15 11 -13 -14 -15 -16 18 20 -19 -20 -21 23 -23 -24 27 -26 28 -28 -29 29 -31
leaf_value=0.02837823105824246 -0.050551999632222455 0.057293846972984265 0.057547162835329214 -0.067346322946708156 0.057476420262710562 -0.058548277772038505 -0.05059160311415864 0.056031091643034214 -0.050140575419667578 0.056502110717739376 -0.079387352405563189 0.053616280346794082 -0.092492408112252206 -0.050508180174395748 -0.076819341976768624 0.057011379364213188 -0.050538973117313583 -0.070082570614597897 0.057295020391517897 -0.056363773441293535 -0.050402333551310824 -0.05439576844507818 -0.051290380191286546 -0.050134902424469475 -0.051109036008455982 -0.050134902424469475 -0.050240656151517731 -0.050134902424469475 -0.050134902424469489 -0.050134902424469323
leaf_weight=69.371472681406885 0.23687627608887751 9.5718536376953107 313.91267395019531 2.0283486121334127 49.207463130587712 5.8781481878831974 0.13039460824802418 343.08361048204824 1.6534713406581421 221.67402043519542 8.1616648044437152 99.703230618033558 1.1336683072149751 46.238472513970919 0.38073434657417138 190.86311480402946 5.0627628413494667 0.21907150512561202 4020.2218453404494 0.20031547546386719 1.3602160606533278 0.16821089456789184 0.73899775487370778 40.948213111143559 0.23010757751762856 24.62957598362118 0.24861212191171944 0.14759497484192152 8.0399008113890851 0.56086090439930636
leaf_count=574 33 1 32 155 16 183 21 430 610 29 301 202 19 15621 52 21 712 4 421 2 234 7 35 15259 16 9178 72 55 2996 209
internal_value=0.0537643 0.0547261 0.0553726 0.0405255 0.00275745 0.0494508 -0.026185 0.0513801 0.0539778 0.0569586 0.0539682 0.0435525 -0.0640364 -0.0512158 -0.0505375 0.0572432 -0.0503356 -0.0564814 0.0572822 -0.0521367 -0.0502213 -0.0507407 -0.0506347 -0.0501487 -0.0505046 -0.0501367 -0.0503926 -0.0501349 -0.0501349 -0.0501349
internal_weight=5466.01 5416.06 5373.13 518.595 99.1278 419.467 42.9326 412.455 50.8609 4854.54 421.778 107.865 7.01182 48.2668 49.9417 4432.76 49.561 0.904875 4211.08 0.685804 48.6561 5.96997 5.80176 42.6861 1.59032 33.3607 0.485488 41.0958 33.2303 8.60076
internal_count=47500 31019 18614 17608 16402 1206 12405 1004 626 1006 535 503 202 15776 16481 471 16429 111 442 107 16318 754 747 15564 250 12404 105 15314 12383 3205
is_linear=0
shrinkage=0.05


Tree=30
num_leaves=30
num_cat=0
split_feature=7 40 37 46 16 27 33 0 35 45 22 10 40 21 16 31 40 18 32 16 40 12 33 46 33 46 8 0 0
split_gain=206.857 106.657 50.7809 63.888 103.747 35.0091 32.5876 15.0449 6.97702 1.66081 6.20863 50.7024 0.628404 0.211264 0.0921625 0.0537912 0.011912 0.0179416 0.00594336 0.00172486 0.000632331 0.000797061 0.000125101 7.20396e-05 3.3796e-05 9.33265e-06 4.04669e-06 7.10543e-15 3.55271e-15
threshold=1.5000000000000002 42.775000000000013 1.0000000180025095e-35 1.5550000000000004 2.0201500000000006 3804.5400000000004 0.07690000000000001 7163.2500000000009 1.0000000180025095e-35 1.5000000000000002 261.59000000000009 4770.380000000001 22.855000000000004 1.0000000180025095e-35 34.379650000000005 1.0000000180025095e-35 1.0000000180025095e-35 0.32290000000000002 1.5000000000000002 3.7760500000000001 2.4750000000000005 2458.8900000000003 3.1867500000000004 2.1150000000000007 2.3617000000000004 3.4550000000000005 2.5550000000000002 14820.630000000003 2504.6450000000004
decision_type=2 2 2 2 2 2 2 2 2 2 2 2 2 2 2 2 2 2 2 2 2 2 2 2 2 2 2 2 2
left_child=1 2 3 5 13 7 -3 -1 -6 10 -4 -12 -7 -5 16 -11 17 19 -17 26 21 22 -18 24 -22 -8 -2 -25 -27
right_child=14 6 9 4 8 12 25 -9 -10 15 11 -13 -14 -15 -16 18 20 -19 -20 -21 23 -23 -24 27 -26 28 -28 -29 -30
leaf_value=0.045141679699111079 -0.050524967360119369 0.056887698024984848 0.05712429238470336 -0.05089953855231627 0.057044866934061515 -0.056267948008904362 -0.050562748145278981 0.068367325816732397 -0.05013386954956154 0.056059355783999759 -0.078452732095509611 0.052991002575068828 -0.10636550192329285 -0.091848738318966311 -0.075413521271424463 0.056597046431017796 -0.050512580176609305 -0.068757940456963776 0.05688879739821863 -0.056015010271339052 -0.05038266771206823 -0.054176406832612489 -0.051226215852259907 -0.050128307937591036 -0.051054138480388617 -0.050128307937591023 -0.050228918942918144 -0.050128307937591036 -0.050128307937591036
leaf_weight=310.28432409325615 0.22544119949452479 9.1683855056762678 300.7552469803486 45.551609987625852 47.152716878335923 6.4769843653775743 0.12410418968647974 89.93608477525413 1.5689456241670985 212.48938324209303 7.9431497207842758 96.060671554063447 0.692925315350294 0.31716757663525541 0.3687457072082897 182.85004326701164 4.8183018020354202 0.21229912526905537 3850.7678194865584 0.19170230627059937 1.2943698533345003 0.16063865413889278 0.70381469558924425 38.95613993355073 0.21911452803760756 20.168654923327271 0.23654103768058121 0.14041468617506225 11.445073420414699
leaf_count=946 33 1 33 15738 16 244 21 22 608 28 308 201 5 23 52 21 712 4 421 2 234 7 35 15259 16 7900 72 55 4483
internal_value=0.0533237 0.0542739 0.0549123 0.0398039 0.00278544 0.048399 -0.0261439 0.0503609 0.0535935 0.056543 0.0534827 0.0429522 -0.0611096 -0.0511827 -0.0505139 0.0568347 -0.0503192 -0.0561293 0.0568756 -0.0520279 -0.0502105 -0.0507045 -0.0506035 -0.0501414 -0.0504799 -0.05013 -0.0503734 -0.0501283 -0.0501283
internal_weight=5241.28 5193.75 5152.85 501.981 94.5904 407.39 40.9062 400.22 48.7217 4650.87 404.759 104.004 7.16991 45.8688 47.5275 4246.11 47.1588 0.865984 4033.62 0.653685 46.2928 5.68276 5.52212 40.61 1.51348 31.7378 0.461982 39.0966 31.6137
internal_count=47500 31019 18614 17602 16385 1217 12405 968 624 1012 542 509 249 15761 16481 470 16429 111 442 107 16318 754 747 15564 250 12404 105 15314 12383
is_linear=0
shrinkage=0.05


Tree=31
num_leaves=31
num_cat=0
split_feature=7 40 37 46 16 32 33 40 35 45 22 10 8 21 16 31 40 18 32 16 40 12 33 46 33 46 8 0 0 8
split_gain=195.15 100.414 51.2599 58.4167 98.2811 34.1001 30.9318 30.2992 6.58804 1.67035 6.14025 47.6338 0.423814 0.178813 0.079958 0.0567338 0.0101925 0.0150725 0.00604773 0.00147177 0.000544605 0.000686777 0.000107468 6.20052e-05 2.90519e-05 8.03747e-06 3.48188e-06 7.10543e-15 3.55271e-15 3.55271e-15
threshold=1.5000000000000002 42.775000000000013 1.0000000180025095e-35 1.5550000000000004 2.0201500000000006 5.5000000000000009 0.07690000000000001 0.93500000000000016 1.0000000180025095e-35 1.5000000000000002 261.59000000000009 4770.380000000001 25.295000000000005 1.0000000180025095e-35 34.379650000000005 1.0000000180025095e-35 1.0000000180025095e-35 0.32290000000000002 1.5000000000000002 3.7760500000000001 2.4750000000000005 2458.8900000000003 3.1867500000000004 2.1150000000000007 2.3617000000000004 3.4550000000000005 2.5550000000000002 10278.095000000003 6565.4550000000008 87.885000000000005
decision_type=2 2 2 2 2 2 2 2 2 2 2 2 2 2 2 2 2 2 2 2 2 2 2 2 2 2 2 2 2 2
left_child=1 2 3 5 13 7 -3 -1 -6 10 -4 -12 -7 -5 16 -11 17 19 -17 26 21 22 -18 24 -22 -8 -2 -25 29 -27
right_child=14 6 9 4 8 12 25 -9 -10 15 11 -13 -14 -15 -16 18 20 -19 -20 -21 23 -23 -24 27 -26 28 -28 -29 -30 -31
leaf_value=-0.054386021191128134 -0.050499264550372104 0.056506812631450867 0.056728670222125022 -0.050877843169796655 0.056638903137413432 -0.058722436360796521 -0.050535300281166075 0.051149725733234522 -0.050127328210254042 0.0556378747795402 -0.07793927952755357 0.052234642983532004 -0.095564786551384395 -0.088899380796635424 -0.074060124139322642 0.056207098092259725 -0.050487485470626162 -0.067540662954936298 0.056507836143986606 -0.055687336448624405 -0.050363964815851425 -0.053968156128955641 -0.051165299981113126 -0.05012203388400685 -0.051001996854425372 -0.050122033884006822 -0.050217751191269172 -0.05012203388400685 -0.05012203388400685 -0.05012203388400685
leaf_weight=6.9241745588369659 0.21455269982106884 8.7785339355468732 288.03180993814021 43.348046386381611 45.166394458152354 5.9106080797500899 0.1181140579283263 382.30889150407165 1.492617085110395 203.61858609691262 7.6043079411610952 92.665492323809303 0.8993605370633303 0.31145095638930698 0.35700893495231767 175.10846023261547 4.5855311350896946 0.20549175096675754 3687.0325039951131 0.18339867889881134 1.2316883858293284 0.15337895555421699 0.67026620637625445 36.832442806335166 0.20863589597865928 17.528502455214046 0.22505356394685805 0.36188816209323604 1.7050032871775318 10.842072185128925
leaf_count=257 33 1 33 15738 16 186 21 753 608 28 308 201 21 23 52 21 712 4 421 2 234 7 35 15165 16 7217 72 149 702 4464
internal_value=0.0528993 0.0538385 0.0544691 0.0390565 0.00277032 0.0473317 -0.026105 0.0492723 0.0532235 0.0561521 0.0530189 0.0423625 -0.063588 -0.0511491 -0.0504912 0.0564513 -0.0503036 -0.055798 0.0564942 -0.0519248 -0.0502003 -0.0506702 -0.0505739 -0.0501345 -0.0504564 -0.0501237 -0.0503551 -0.050122 -0.050122 -0.050122
internal_weight=5024.62 4979.39 4940.42 486.362 90.3185 396.043 38.9722 389.233 46.659 4454.06 388.302 100.27 6.80997 43.6595 45.2293 4065.76 44.8723 0.828497 3862.14 0.623005 44.0438 5.40918 5.2558 38.6347 1.44032 30.1937 0.439606 37.1943 30.0756 28.3706
internal_count=47500 31019 18614 17602 16385 1217 12405 1010 624 1012 542 509 207 15761 16481 470 16429 111 442 107 16318 754 747 15564 250 12404 105 15314 12383 11681
is_linear=0
shrinkage=0.05


Tree=32
num_leaves=30
num_cat=0
split_feature=7 40 37 46 16 27 33 6 35 45 22 25 40 40 16 31 40 18 32 16 40 12 33 46 33 46 8 1 0
split_gain=184.203 94.5983 51.2399 53.6387 93.1222 31.9488 29.3641 16.3661 6.22323 1.68382 6.08856 45.2955 0.56608 0.157444 0.0692441 0.0598518 0.0087236 0.0126799 0.00617564 0.0012564 0.000469032 0.000591704 9.233e-05 5.33682e-05 2.49751e-05 6.92183e-06 2.99588e-06 7.10543e-15 3.55271e-15
threshold=1.5000000000000002 42.775000000000013 1.0000000180025095e-35 1.5550000000000004 2.0201500000000006 3804.5400000000004 0.07690000000000001 4.5000000000000009 1.0000000180025095e-35 1.5000000000000002 261.59000000000009 45.995000000000012 22.855000000000004 0.045000000000000005 34.379650000000005 1.0000000180025095e-35 1.0000000180025095e-35 0.32290000000000002 1.5000000000000002 3.7760500000000001 2.4750000000000005 2458.8900000000003 3.1867500000000004 2.1150000000000007 2.3617000000000004 3.4550000000000005 2.5550000000000002 6.5255500000000008 7163.2500000000009
decision_type=2 2 2 2 2 2 2 2 2 2 2 2 2 2 2 2 2 2 2 2 2 2 2 2 2 2 2 2 2
left_child=1 2 3 5 13 7 -3 -1 -6 10 -4 -12 -7 -5 16 -11 17 19 -17 26 21 22 -18 24 -22 -8 -2 -25 -27
right_child=14 6 9 4 8 12 25 -9 -10 15 11 -13 -14 -15 -16 18 20 -19 -20 -21 23 -23 -24 27 -26 28 -28 -29 -30
leaf_value=0.053142648160452499 -0.050474824339469052 0.056149326650899639 0.056357507336944203 -0.065486158110448583 0.056256465823304791 -0.056059917050317744 -0.050509191424936366 0.025787543012413917 -0.050121107085863419 0.055237537055786767 -0.093417982390072013 0.050438844817069506 -0.10416381764404495 -0.050456701688524043 -0.07276331607196683 0.05583967875128773 -0.050463623386602534 -0.066419715666419674 0.056150280734164351 -0.055379282807601488 -0.050346178067667925 -0.053770444929863659 -0.051107463515595503 -0.050116067940429644 -0.050952466975811378 -0.050116067940429637 -0.050207131272457073 -0.050116067940429644 -0.050116067940429644
leaf_weight=310.97503396845423 0.2041851703543206 8.4022169113159162 275.74302418250591 1.822448382154106 43.248276615515351 6.1420896197669199 0.11241017980501311 66.34190351574216 1.4199930178001512 195.05624401243404 5.8224916653707615 90.860007988521829 0.67921746615320433 39.73392912663985 0.34549606428481539 167.63656365871429 4.3639026773162177 0.19868442439474165 3528.9811742147431 0.17540007829666138 1.172021712292916 0.14642148185521353 0.63828025897964824 2.9668036932125679 0.19864865485578764 27.4498659465462 0.21412171819247305 32.417644716333598 1.1622291726525862
leaf_count=488 33 1 33 155 16 244 21 480 608 28 213 296 5 15606 52 21 712 4 421 2 234 7 35 1284 16 11880 72 14030 503
internal_value=0.0525039 0.0534328 0.0540562 0.0383946 0.002756 0.0463941 -0.0260681 0.0483329 0.0528747 0.0557838 0.052572 0.0417754 -0.0608498 -0.0511158 -0.0504692 0.0560912 -0.0502888 -0.0554861 0.0561362 -0.0518272 -0.0501905 -0.0506375 -0.0505458 -0.0501279 -0.050434 -0.0501176 -0.0503378 -0.0501161 -0.0501161
internal_weight=4814.63 4771.59 4734.46 470.363 86.2246 384.138 37.1267 377.317 44.6683 4264.1 372.426 96.6825 6.82131 41.5564 43.0416 3891.67 42.6961 0.792391 3696.62 0.593707 41.9037 5.1486 5.00218 36.7551 1.37067 28.7245 0.418307 35.3844 28.6121
internal_count=47500 31019 18614 17602 16385 1217 12405 968 624 1012 542 509 249 15761 16481 470 16429 111 442 107 16318 754 747 15564 250 12404 105 15314 12383
is_linear=0
shrinkage=0.05


Tree=33
num_leaves=31
num_cat=0
split_feature=7 40 37 46 16 32 40 33 35 45 22 10 14 40 31 16 40 18 32 16 40 12 33 46 33 46 8 0 0 1
split_gain=173.887 89.1274 51.6606 49.0508 88.2502 31.5396 28.2881 27.8792 5.8808 1.73438 6.14791 43.1371 0.459796 0.140758 0.063151 0.0598745 0.00746835 0.010681 0.00632628 0.00107302 0.000403939 0.000509755 7.93312e-05 4.59355e-05 2.14717e-05 5.96096e-06 2.5778e-06 7.10543e-15 3.55271e-15 1.11022e-16
threshold=1.5000000000000002 42.775000000000013 1.0000000180025095e-35 1.5550000000000004 2.0201500000000006 5.5000000000000009 0.93500000000000016 0.07690000000000001 1.0000000180025095e-35 1.5000000000000002 261.59000000000009 4770.380000000001 7.8637385000000011 0.045000000000000005 1.0000000180025095e-35 34.379650000000005 1.0000000180025095e-35 0.32290000000000002 1.5000000000000002 3.7760500000000001 2.4750000000000005 2458.8900000000003 3.1867500000000004 2.1150000000000007 2.3617000000000004 3.4550000000000005 2.5550000000000002 11856.775000000001 7839.8900000000003 9.1546000000000021
decision_type=2 2 2 2 2 2 2 2 2 2 2 2 2 2 2 2 2 2 2 2 2 2 2 2 2 2 2 2 2 2
left_child=1 2 3 5 13 6 -1 -3 -6 10 -4 -12 -7 -5 -11 16 17 19 -16 26 21 22 -18 24 -22 -9 -2 -25 -27 -30
right_child=15 7 9 4 8 12 -8 25 -10 14 11 -13 -14 -15 18 -17 20 -19 -20 -21 23 -23 -24 27 -26 28 -28 -29 29 -31
leaf_value=-0.054329343791247015 -0.050451584140282182 0.055813561055187921 0.056009017826008756 -0.064955794870224043 0.055895665887907731 -0.05875926059249547 0.049226528772536027 -0.050484355530484429 -0.050115188028164975 0.054856572192948864 -0.076110960948795547 0.050931311779787783 -0.10251508290876384 -0.050440505022235807 0.055493094154337501 -0.071525435129883574 -0.050440934029434649 -0.065385472737104586 0.055814444769087028 -0.055089483639759851 -0.050329262752734583 -0.053582732431001534 -0.051052545002498208 -0.05011039114074553 -0.050905417629933607 -0.05011039114074553 -0.050197026625795019 -0.05011039114074553 -0.05011039114074553 -0.050110391140745392
leaf_weight=6.7177216904237858 0.19431415293365617 8.039299011230467 263.88552886457182 1.7473656493239094 41.397856331430376 5.8998797009699038 360.04982054093853 0.1069791474146794 1.3508946341462422 186.7992054480128 7.2431026042904696 86.22518714889884 0.66840998828411091 37.807914892211556 160.43153661489487 0.33418930228799482 4.1528927965555331 0.19190760259516537 3376.55736699095 0.16770118474960327 1.1152267957804713 0.13975602900609363 0.6077876102644949 33.455816912464797 0.18913068715482939 26.437129435362298 0.20371883944608271 0.20662593888118763 0.41764817433431645 0.36489261547103524
leaf_count=257 33 1 33 155 16 203 753 21 608 28 308 201 4 15606 21 52 712 4 421 2 234 7 35 15220 16 12027 72 94 190 166
internal_value=0.0521153 0.0530341 0.0536505 0.0376823 0.00274238 0.045385 0.0473298 -0.0260332 0.0525456 0.0554332 0.0521059 0.0410865 -0.063212 -0.0510817 0.0557525 -0.0504481 -0.0502747 -0.0551924 0.0557999 -0.0517347 -0.0501813 -0.0506064 -0.050519 -0.0501217 -0.0504128 -0.0501119 -0.0503213 -0.0501104 -0.0501104 -0.0501104
internal_weight=4613.11 4572.15 4536.78 455.64 82.304 373.336 366.768 35.3659 42.7488 4081.14 357.354 93.4683 6.56829 39.5553 3723.79 40.9591 40.6249 0.757642 3536.99 0.565734 39.8672 4.90044 4.76068 34.9668 1.30436 27.3266 0.398033 33.6624 27.2197 0.782541
internal_count=47500 31019 18614 17602 16385 1217 1010 12405 624 1012 542 509 207 15761 470 16481 16429 111 442 107 16318 754 747 15564 250 12404 105 15314 12383 356
is_linear=0
shrinkage=0.05


Tree=34
num_leaves=31
num_cat=0
split_feature=7 37 46 40 32 40 25 45 22 25 10 33 15 8 14 31 40 16 2 46 40 32 40 18 46 16 33 40 12 33
split_gain=164.224 85.2271 97.6906 101.63 29.5405 26.46 15.0834 1.90316 6.56994 40.7797 14.6269 3.09634 1.35055 8.02974 0.41169 0.0672829 0.0635834 0.0517065 0.0308282 0.0144581 0.0303882 0.00649381 0.00639531 0.00900826 0.00213499 0.000916782 0.000544398 0.000347859 0.000439127 6.81684e-05
threshold=1.5000000000000002 1.0000000180025095e-35 1.5550000000000004 0.21500000000000002 5.5000000000000009 0.93500000000000016 28.775000000000002 1.5000000000000002 261.59000000000009 45.995000000000012 4770.380000000001 2.0009500000000005 3.7009500000000002 105.48500000000001 7.8637385000000011 1.0000000180025095e-35 22.855000000000004 34.379650000000005 19.500000000000004 1.8250000000000004 11.645000000000001 1.5000000000000002 1.0000000180025095e-35 0.32290000000000002 1.9750000000000003 3.7760500000000001 3.1867500000000004 2.4750000000000005 2458.8900000000003 3.1867500000000004
decision_type=2 2 2 2 2 2 2 2 2 2 2 2 2 2 2 2 2 2 2 2 2 2 2 2 2 2 2 2 2 2
left_child=1 2 4 12 5 18 -7 8 -3 11 -11 -10 13 -4 16 -9 -6 22 -1 20 -5 -17 23 25 -21 -2 -23 28 29 -24
right_child=17 7 3 19 14 6 -8 15 9 10 -12 -13 -14 -15 -16 21 -18 -19 -20 24 -22 26 27 -25 -26 -27 -28 -29 -30 -31
leaf_value=-0.051852405146156716 -0.050305606837848016 0.05568070824857882 -0.06422846801712169 -0.051183070366040209 -0.055640897467218786 0.025284662753452342 0.052912068815647167 0.054488462725156089 -0.054280809264323895 -0.060242729108628171 0.052496106366837748 -0.12901769043595573 0.055716367422427554 0.055629878895244247 -0.10038851212840039 0.055165793404181242 -0.068762605300227764 -0.070347416300428553 -0.0593460756961839 -0.052031186895749017 -0.066981744673900792 0.055504309577403058 -0.050419358201330505 -0.064429498473444521 -0.05011394471982418 -0.054816688445701624 0.055424145277952565 -0.050115730877755504 -0.05340450642326177 -0.051000392560963663
leaf_weight=4.415659414138644 0.37873582332394917 252.4564750327263 1.7005726979114095 1.3271493627689768 4.4892873982898882 59.214130780193955 298.18721267208457 178.85168791096658 2.7895781255792818 2.9814745578914872 82.135052747325972 2.7540897139115259 31.723573684692383 7.8367924690246582 0.64893777668476094 153.48970839381218 1.1622243784368036 0.32307871407829125 1.9914263905957339 1.4883787581929926 0.39494927320629347 3001.8292062408291 3.9520016730530179 0.18518762965686619 59.489496411173604 0.16029606759548187 227.86084508895874 33.265295694465749 0.13337250484619279 0.57872175332158793
leaf_count=194 105 34 157 103 195 422 338 32 208 208 314 20 4 1 4 21 8 52 63 109 6 393 712 4 28155 2 30 15564 7 35
internal_value=0.0517513 0.0526607 0.032641 -0.0101848 0.0446704 0.0465293 0.0483348 0.055091 0.0515346 0.039989 0.0485471 -0.09141 0.0507564 0.0342584 -0.0626704 0.0554336 -0.0583394 -0.0504278 -0.0541816 -0.0502883 -0.0548064 0.0554836 -0.0502613 -0.0549156 -0.0501607 -0.0516471 0.0554987 -0.0501724 -0.0505768 -0.0504936
internal_weight=4418.19 4379.22 474.07 103.961 370.109 363.808 357.401 3905.15 343.117 90.6602 85.1165 5.54367 41.2609 9.53737 6.30045 3562.03 5.65151 38.9767 6.40709 62.7 1.7221 3383.18 38.6536 0.72422 60.9779 0.539032 3229.69 37.9294 4.6641 4.53072
internal_count=47500 31019 29759 28535 1224 1017 760 1260 784 750 522 228 162 158 207 476 203 16481 257 28373 109 444 16429 111 28264 107 423 16318 754 747
is_linear=0
shrinkage=0.05


Tree=35
num_leaves=31
num_cat=0
split_feature=7 37 46 40 27 6 46 8 45 22 25 10 33 15 8 28 40 31 16 46 40 32 40 18 46 16 33 40 12 33
split_gain=155.148 83.9029 90.4226 96.4311 28.7161 17.4272 63.6941 14.4165 1.9056 6.48943 38.0419 13.7537 2.50099 1.27906 7.59012 0.576467 0.0768839 0.0710276 0.0446051 0.0124209 0.0256895 0.00668806 0.0054778 0.00760615 0.00185777 0.000783584 0.000459173 0.000299555 0.00037826 5.85813e-05
threshold=1.5000000000000002 1.0000000180025095e-35 1.5550000000000004 0.21500000000000002 3804.5400000000004 4.5000000000000009 0.9850000000000001 3.9750000000000005 1.5000000000000002 261.59000000000009 45.995000000000012 4770.380000000001 2.0009500000000005 3.7009500000000002 105.48500000000001 4885.5200000000013 12.295000000000002 1.0000000180025095e-35 34.379650000000005 1.8250000000000004 11.645000000000001 1.5000000000000002 1.0000000180025095e-35 0.32290000000000002 1.9750000000000003 3.7760500000000001 3.1867500000000004 2.4750000000000005 2458.8900000000003 3.1867500000000004
decision_type=2 2 2 2 2 2 2 2 2 2 2 2 2 2 2 2 2 2 2 2 2 2 2 2 2 2 2 2 2 2
left_child=1 2 4 13 5 7 -7 -1 9 -3 12 -12 -11 14 -4 16 -6 -10 22 20 -5 -19 23 25 -21 -2 -23 28 29 -24
right_child=18 8 3 19 15 6 -8 -9 17 10 11 -13 -14 -15 -16 -17 -18 21 -20 24 -22 26 27 -25 -26 -27 -28 -29 -30 -31
leaf_value=0.016079115285727693 -0.050290710785540441 0.055372757874621092 -0.063716929752884607 -0.051125880733870199 -0.051237272670821093 -0.070417852192933506 0.049344107299420188 0.054435483505559594 0.054141034257570088 -0.054129608423898967 -0.06004718170732757 0.051847090657260779 -0.12203033330241014 0.055406597380501091 0.055325248189813707 -0.10366901497122355 -0.063251501345267941 0.054856352613493115 -0.069229093048096588 -0.051940584444352816 -0.065929614229945255 0.055207071776934284 -0.050398841237203951 -0.063544383851178041 -0.050108389500258269 -0.054559756901424762 0.055131779980541168 -0.05011008128304139 -0.053235269451781655 -0.05095086369394395
leaf_weight=27.014907211065292 0.36036867974325915 241.44574605696835 1.6302952137775699 1.2638000552542497 3.634759775362908 14.420661945827304 48.241763489320874 262.90829788823612 171.19314079126343 2.6607547703897572 2.8450726551236576 79.082684762775898 2.7658270524116233 30.340836048126221 7.4945950508117676 0.70107094570994366 2.1015580194070935 146.80668438971043 0.3121602600440373 1.4181970690842707 0.38152972678653885 2870.4128231671639 3.7607520308811209 0.17854706943035126 56.594273056602105 0.15317821502685547 217.86826133728027 31.64640365797095 0.1272609814768656 0.55101879045832891
leaf_count=341 105 34 157 103 221 359 123 152 32 208 208 314 20 4 1 10 18 21 52 109 6 393 712 4 28155 2 30 15564 7 35
internal_value=0.0514051 0.0523056 0.0321112 -0.0101634 0.0437828 0.0456936 0.021783 0.0508615 0.0547827 0.0511476 0.0394695 0.0479614 -0.0887373 0.0504703 0.0340566 -0.0608696 -0.0556388 0.0551336 -0.0504083 -0.0502747 -0.0545587 0.0551861 -0.0502485 -0.0546548 -0.0501532 -0.0515641 0.0552018 -0.050164 -0.0505487 -0.0504694
internal_weight=4230.32 4193.23 458.147 99.1235 359.023 352.586 62.6624 289.923 3735.08 328.8 87.3543 81.9278 5.42658 39.4657 9.12489 6.43739 5.73632 3406.28 37.0897 59.6578 1.64533 3235.09 36.7775 0.692094 58.0125 0.513547 3088.28 36.0854 4.43903 4.31177
internal_count=47500 31019 29759 28535 1224 975 482 493 1260 784 750 522 228 162 158 249 239 476 16481 28373 109 444 16429 111 28264 107 423 16318 754 747
is_linear=0
shrinkage=0.05


Tree=36
num_leaves=31
num_cat=0
split_feature=7 37 46 40 27 40 6 45 22 25 10 33 15 8 28 40 31 1 16 46 40 32 40 18 46 16 33 40 12 33
split_gain=146.655 81.8364 84.1004 91.5102 26.8925 20.8646 13.2831 1.9102 6.4185 35.516 12.931 2.03504 1.21198 7.17623 0.494868 0.0787605 0.0749802 0.0398876 0.0384447 0.0106716 0.0217395 0.00690384 0.00469301 0.00642918 0.00161583 0.000669985 0.00038761 0.000257945 0.00032581 5.03462e-05
threshold=1.5000000000000002 1.0000000180025095e-35 1.5550000000000004 0.21500000000000002 3804.5400000000004 0.93500000000000016 4.5000000000000009 1.5000000000000002 261.59000000000009 45.995000000000012 4770.380000000001 2.0009500000000005 3.7009500000000002 105.48500000000001 4885.5200000000013 24.805000000000003 1.0000000180025095e-35 6.1680500000000009 34.379650000000005 1.8250000000000004 11.645000000000001 1.5000000000000002 1.0000000180025095e-35 0.32290000000000002 1.9750000000000003 3.7760500000000001 3.1867500000000004 2.4750000000000005 2458.8900000000003 3.1867500000000004
decision_type=2 2 2 2 2 2 2 2 2 2 2 2 2 2 2 2 2 2 2 2 2 2 2 2 2 2 2 2 2 2
left_child=1 2 4 12 5 17 -7 8 -3 11 -11 -10 13 -4 15 -6 -9 -1 22 20 -5 -18 23 25 -21 -2 -23 28 29 -24
right_child=18 7 3 19 14 6 -8 16 9 10 -12 -13 -14 -15 -16 -17 21 -19 -20 24 -22 26 27 -25 -26 -27 -28 -29 -30 -31
leaf_value=-0.071696968249186782 -0.050276537973460822 0.055083008455952875 -0.063210856909897861 -0.051071436203059983 -0.053618305523564502 0.051026493851719146 0.024737799027506377 0.053808414960491414 -0.053981574736609167 -0.05984313290424912 0.051197766779173738 -0.11599133570651435 0.055115195001519859 0.055038624710098384 -0.10035024371969591 -0.075839303930208574 0.054563465835203009 -0.0530895663570694 -0.068169488630812292 -0.051853704590997765 -0.064955137367803312 0.054927340902859202 -0.050379331582198011 -0.062723587071352144 -0.050103110219095082 -0.054317641126609445 0.054856586444289479 -0.050104713240291733 -0.053074560570391616 -0.050903821128068807
leaf_weight=0.30590650672092934 0.34288748004473646 230.84782592509873 1.5628882949240486 1.2034130371175695 5.0490263991523525 277.60223094699904 58.108914792654105 163.82516098860651 2.5377545797964549 2.715315055102109 76.155851927353069 2.7643220338504761 29.009825229644775 7.1652650833129883 0.68837040755897749 0.4329639896750449 140.3774791508913 4.9228363283909857 0.3014341751113524 1.351234110770746 0.36822813563048828 2743.9744780994952 3.5786884165136135 0.17200512299314141 53.839668701053597 0.14634066820144653 208.2560338973999 30.106134723988362 0.12141168152447779 0.52461745415348549
leaf_count=6 105 34 157 103 235 382 355 32 208 208 314 20 4 1 10 4 21 232 52 109 6 393 712 4 28155 2 30 15564 7 35
internal_value=0.051088 0.0519804 0.0316752 -0.010143 0.0430602 0.0449325 0.0464761 0.0544912 0.0507734 0.038954 0.0473749 -0.0863114 0.0502003 0.0338645 -0.060391 -0.0553733 0.0548508 -0.0541782 -0.0503896 -0.0502617 -0.0543243 0.0549061 -0.0502364 -0.0544087 -0.050146 -0.0514853 0.0549223 -0.0501561 -0.0505219 -0.0504464
internal_weight=4048.36 4013.06 441.611 94.5005 347.11 340.94 335.711 3571.45 315.021 84.1732 78.8712 5.30208 37.738 8.72815 6.17036 5.48199 3256.43 5.22874 35.2935 56.7625 1.57164 3092.61 34.9921 0.661233 55.1909 0.489228 2952.23 34.3309 4.22472 4.10331
internal_count=47500 31019 29759 28535 1224 975 737 1260 784 750 522 228 162 158 249 239 476 238 16481 28373 109 444 16429 111 28264 107 423 16318 754 747
is_linear=0
shrinkage=0.05


Tree=37
num_leaves=31
num_cat=0
split_feature=7 37 46 40 32 8 8 6 45 22 25 10 33 15 8 14 31 40 16 46 40 32 40 18 46 16 33 40 12 33
split_gain=138.608 80.8736 77.7419 86.8515 26.5439 20.5836 54.3615 12.5589 1.91728 6.35737 33.1788 12.1554 1.66636 1.14895 6.78645 0.342086 0.079149 0.0635973 0.0331107 0.0091693 0.0184143 0.00714117 0.00402155 0.00543981 0.00140482 0.000573053 0.000327396 0.000222114 0.000280618 4.32722e-05
threshold=1.5000000000000002 1.0000000180025095e-35 1.5550000000000004 0.21500000000000002 5.5000000000000009 3.9750000000000005 1.0000000180025095e-35 4.5000000000000009 1.5000000000000002 261.59000000000009 45.995000000000012 4770.380000000001 2.0009500000000005 3.7009500000000002 105.48500000000001 7.8637385000000011 1.0000000180025095e-35 22.855000000000004 34.379650000000005 1.8250000000000004 11.645000000000001 1.5000000000000002 1.0000000180025095e-35 0.32290000000000002 1.9750000000000003 3.7760500000000001 3.1867500000000004 2.4750000000000005 2458.8900000000003 3.1867500000000004
decision_type=2 2 2 2 2 2 2 2 2 2 2 2 2 2 2 2 2 2 2 2 2 2 2 2 2 2 2 2 2 2
left_child=1 2 4 13 5 6 -1 -7 9 -3 12 -12 -11 14 -4 17 -10 -6 22 20 -5 -18 23 25 -21 -2 -23 28 29 -24
right_child=18 8 3 19 15 7 -8 -9 16 10 11 -13 -14 -15 -16 -17 21 -19 -20 24 -22 26 27 -25 -26 -27 -28 -29 -30 -31
leaf_value=0.054737194701070663 -0.050263057394231203 0.05481021934165984 -0.062711775786191554 -0.051019605587041494 -0.055243997452400856 0.053460263183270379 -0.052413949737212619 0.022146148972476808 0.053489311470315305 -0.053836794479611073 -0.059631259295535671 0.050545656280258415 -0.11071622710293534 0.05484090929687041 0.054768799901465132 -0.096171365649422635 0.054285926528404374 -0.068616704964693673 -0.067167045254272348 -0.051770417502594007 -0.064051182116759295 0.05466393234328986 -0.050360778743697002 -0.061961307657052711 -0.05009808367071205 -0.054089371474162429 0.054597413165523023 -0.050099603510970959 -0.052921947707086962 -0.050859138873102394
leaf_weight=31.669959425926208 0.32624993554782022 220.65447374200448 1.4981990379746983 1.1458554959390301 4.177663469919934 243.60853328742087 18.901442777831107 36.864533272571862 156.74152071820572 2.4203154481947413 2.5918362861266351 73.352800360415131 2.7515147218946368 27.72952127456665 6.8485398292541504 0.66344659030437458 134.19661140441895 1.1294424282386897 0.29090366687159885 1.2873493644874532 0.35508681996725489 2622.4083759835921 3.405376182752661 0.16557798348367214 51.218885237467475 0.13977615535259247 199.01584625244141 28.640687849023379 0.11581499897874881 0.49945893068797875
leaf_count=5 105 34 157 103 195 138 728 146 32 208 208 314 20 4 1 4 21 8 52 109 6 393 712 4 28155 2 30 15564 7 35
internal_value=0.050765 0.0516492 0.0311369 -0.0101237 0.0421658 0.0440503 0.0146886 0.0493444 0.0542153 0.0504101 0.0384407 0.0467855 -0.0840978 0.0499454 0.0336816 -0.0623215 0.0545842 -0.0580899 -0.0503716 -0.0502492 -0.0541026 0.0546423 -0.0502249 -0.0541766 -0.0501391 -0.0514107 0.0546592 -0.0501485 -0.0504965 -0.0504245
internal_weight=3874.82 3841.23 427.098 90.0834 337.015 331.044 50.5714 280.473 3414.13 301.771 81.1165 75.9446 5.17183 36.0763 8.34674 5.97055 3112.36 5.30711 33.5838 54.0072 1.50094 2955.62 33.2929 0.631604 52.5062 0.466026 2821.42 32.6613 4.02065 3.90484
internal_count=47500 31019 29759 28535 1224 1017 733 284 1260 784 750 522 228 162 158 207 476 203 16481 28373 109 444 16429 111 28264 107 423 16318 754 747
is_linear=0
shrinkage=0.05


Tree=38
num_leaves=31
num_cat=0
split_feature=7 37 46 40 32 25 0 25 45 22 25 10 33 15 8 14 31 40 16 46 40 32 40 18 46 16 33 40 12 33
split_gain=131.101 78.5993 72.4809 82.4398 24.8953 20.3674 41.001 12.2335 1.92716 6.30618 31.0108 11.4238 1.37194 1.08966 6.41927 0.303946 0.0835432 0.0530581 0.0284995 0.00787906 0.0156116 0.00740022 0.00344689 0.00460705 0.00122087 0.000490306 0.000276718 0.000191252 0.000241684 3.71945e-05
threshold=1.5000000000000002 1.0000000180025095e-35 1.5550000000000004 0.21500000000000002 5.5000000000000009 28.775000000000002 228.72500000000005 29.365000000000006 1.5000000000000002 261.59000000000009 45.995000000000012 4770.380000000001 2.0009500000000005 3.7009500000000002 105.48500000000001 7.8637385000000011 1.0000000180025095e-35 22.855000000000004 34.379650000000005 1.8250000000000004 11.645000000000001 1.5000000000000002 1.0000000180025095e-35 0.32290000000000002 1.9750000000000003 3.7760500000000001 3.1867500000000004 2.4750000000000005 2458.8900000000003 3.1867500000000004
decision_type=2 2 2 2 2 2 2 2 2 2 2 2 2 2 2 2 2 2 2 2 2 2 2 2 2 2 2 2 2 2
left_child=1 2 4 13 5 6 -1 -7 9 -3 12 -12 -11 14 -4 17 -10 -6 22 20 -5 -18 23 25 -21 -2 -23 28 29 -24
right_child=18 8 3 19 15 7 -8 -9 16 10 11 -13 -14 -15 -16 -17 21 -19 -20 24 -22 26 27 -25 -26 -27 -28 -29 -30 -31
leaf_value=0.055470982401342045 -0.050250233034010029 0.05455324419395674 -0.062221033849125695 -0.050970264718042273 -0.054991312739624987 0.085170854360927931 -0.029814036435899229 0.04601833292462415 0.053182519153466501 -0.053695345218875548 -0.059412313453077847 0.049888436968213025 -0.1060665143993153 0.054582588084409939 0.054514641015537102 -0.094110161073908849 0.054022622931287262 -0.067425340480869483 -0.066219797448998197 -0.051690598229841206 -0.063211430352495143 0.054415761371679666 -0.050343135643218531 -0.061252409310970361 -0.050093302418362996 -0.053874061275362289 0.054353195655263413 -0.05009474672291532 -0.052777013803275478 -0.050816692518131604
leaf_weight=30.623489856719971 0.3104157402413027 210.85671765753068 1.4360881480388332 1.090999973937868 3.9917153741698703 21.751568703912199 26.106368464417756 241.06358303129673 149.93553784210235 2.3081877228105432 2.474290137179195 70.671457089483738 2.7290707816137001 26.498811721801758 6.5441360473632812 0.64456064999103535 128.25820851325989 1.0928568899398667 0.28057386062573542 1.2264078918378789 0.34214196261018504 2505.6007066676393 3.2404006259748748 0.15927911619655788 48.725442977971397 0.13347713649272919 190.13880395889282 27.246440750663169 0.11046152713242907 0.4754868586314841
leaf_count=4 105 34 157 103 195 6 573 434 32 208 208 314 20 4 1 4 21 8 52 109 6 393 712 4 28155 2 30 15564 7 35
internal_value=0.0504809 0.0513579 0.0307556 -0.0101053 0.0415418 0.043394 0.0162239 0.0492587 0.0539538 0.0500561 0.0379275 0.0461911 -0.0820688 0.0497047 0.0335074 -0.0617643 0.0543326 -0.0576638 -0.0503544 -0.0502374 -0.0538927 0.0543937 -0.0502139 -0.0539575 -0.0501325 -0.0513399 0.0544113 -0.0501412 -0.0504722 -0.0504037
internal_weight=3706.07 3674.11 411.138 85.864 325.274 319.545 56.7299 262.815 3262.97 289.04 78.183 73.1457 5.03726 34.479 7.98022 5.72913 2973.93 5.08457 31.9565 51.385 1.43314 2824 31.676 0.603172 49.9519 0.443893 2695.74 31.0728 3.82635 3.71589
internal_count=47500 31019 29759 28535 1224 1017 577 440 1260 784 750 522 228 162 158 207 476 203 16481 28373 109 444 16429 111 28264 107 423 16318 754 747
is_linear=0
shrinkage=0.05


Tree=39
num_leaves=31
num_cat=0
split_feature=7 37 46 40 0 46 33 8 45 22 25 10 25 15 8 31 16 32 46 40 40 18 46 16 33 40 12 33 46 33
split_gain=123.963 77.6632 67.0333 78.2611 24.1746 165.189 14.2406 4.60862 1.94013 6.26501 28.9955 10.7336 1.16565 1.03382 6.07326 0.0881721 0.0245182 0.0076812 0.00677084 0.0132466 0.00295495 0.00390523 0.00106058 0.000419635 0.000234001 0.000164678 0.000208142 3.19727e-05 1.8806e-05 8.78851e-06
threshold=1.5000000000000002 1.0000000180025095e-35 1.5550000000000004 0.21500000000000002 228.72500000000005 0.9850000000000001 1.65805 12.495000000000003 1.5000000000000002 261.59000000000009 45.995000000000012 4770.380000000001 45.445000000000007 3.7009500000000002 105.48500000000001 1.0000000180025095e-35 34.379650000000005 1.5000000000000002 1.8250000000000004 11.645000000000001 1.0000000180025095e-35 0.32290000000000002 1.9750000000000003 3.7760500000000001 3.1867500000000004 2.4750000000000005 2458.8900000000003 3.1867500000000004 2.1150000000000007 2.3617000000000004
decision_type=2 2 2 2 2 2 2 2 2 2 2 2 2 2 2 2 2 2 2 2 2 2 2 2 2 2 2 2 2 2
left_child=1 2 4 13 -1 7 -7 -6 9 -3 12 -12 -11 14 -4 -10 20 -17 19 -5 21 23 -20 -2 -19 26 27 -22 29 -27
right_child=16 8 3 18 5 6 -8 -9 15 10 11 -13 -14 -15 -16 17 -18 24 22 -21 25 -23 -24 -25 -26 28 -28 -29 -30 -31
leaf_value=0.055155529724115041 -0.050238034648323687 0.054311032452078627 -0.061739805159780642 -0.050923295755095056 -0.053003438397831976 0.0048106146366552601 0.058703575698063393 -0.089774121874295842 0.052886912995498053 -0.072547508023052182 -0.059187114019558243 0.049223951245253132 -0.15790606931856416 0.054339171677600655 0.054275115449969241 0.053772524406250147 -0.065325494649816643 0.054181824129066018 -0.051614121486151465 -0.062430264506683313 -0.050326358017941102 -0.060592289257627066 -0.050088756555424309 -0.053670867633472098 0.054122955385103283 -0.050244020537788231 -0.052639361875375448 -0.050776369724473781 -0.050081727927600406 -0.050670770647265467
leaf_weight=150.86379553377628 0.29534647706896677 201.4449845678173 1.3764288059901435 1.0387243491131801 18.01342045632191 13.692272659623994 116.9804566456005 16.171198624768294 143.40016986941919 4.4602062522899351 2.3623494574567294 68.109464606968686 0.43935698969289649 25.316507339477539 6.2517518997192383 122.55608430504799 0.27045097353402425 2393.4315064814873 1.1682802519062523 0.32942414982244361 3.083366114296954 0.15311963786371052 46.353176277829334 0.12743590772151947 181.6155686378479 0.82828417269047605 0.10534209164325137 0.45264721452258516 24.950450498610735 0.14121320936828852
leaf_count=22 105 34 157 103 795 237 65 105 32 223 208 314 5 4 1 21 52 393 109 6 712 4 28155 2 30 234 7 35 15314 16
internal_value=0.0501824 0.0510519 0.0302397 -0.0100877 0.0406925 0.0274571 0.0530565 -0.070398 0.0537057 0.0497099 0.0374126 0.0455898 -0.0802018 0.0494772 0.0333414 0.054095 -0.050338 0.0541593 -0.0502261 -0.053694 -0.0502035 -0.0537506 -0.0501263 -0.0512728 0.0541777 -0.0501344 -0.0504492 -0.050384 -0.0500901 -0.0503062
internal_weight=3545.78 3515.38 397.555 81.8343 315.721 164.857 130.673 34.1846 3117.82 276.816 75.3714 70.4718 4.89956 32.9447 7.62818 2841 30.4077 2697.6 48.8896 1.36815 30.1372 0.575902 47.5215 0.422782 2575.05 29.5613 3.64136 3.53601 25.9199 0.969497
internal_count=47500 31019 29759 28535 1224 1202 302 900 1260 784 750 522 228 162 158 476 16481 444 28373 109 16429 111 28264 107 423 16318 754 747 15564 250
is_linear=0
shrinkage=0.05


Tree=40
num_leaves=31
num_cat=0
split_feature=45 46 40 0 46 40 8 29 45 22 10 15 8 15 8 32 33 33 8 28 8 8 37 29 16 46 40 46 40 33
split_gain=118.338 108.168 84.6217 25.3805 156.954 33.0399 4.09866 3.76786 2.69323 8.26376 30.314 13.4962 1.868 1.49612 6.88336 1.09271 0.695504 0.429717 0.190839 0.0990924 0.0545475 0.0516035 0.0314919 0.121302 0.0223456 0.00519101 0.0106766 0.000814825 0.00111223 0.000167166
threshold=1.0000000180025095e-35 1.5550000000000004 0.21500000000000002 228.72500000000005 0.9850000000000001 1.4350000000000003 12.495000000000003 0.18125000000000002 1.5000000000000002 261.59000000000009 4770.380000000001 0.83670000000000011 34.715000000000011 3.7009500000000002 105.48500000000001 4.5000000000000009 2.1055500000000005 2.0009500000000005 13.615 1.0000000180025095e-35 12.115 27.255000000000006 2.5000000000000004 0.055050000000000009 34.379650000000005 1.8250000000000004 11.645000000000001 1.9750000000000003 12.755000000000001 3.1867500000000004
decision_type=2 2 2 2 2 2 2 2 2 2 2 2 2 2 2 2 2 2 2 2 2 2 2 2 2 2 2 2 2 2
left_child=1 3 13 -1 6 7 20 -6 9 -2 16 17 -13 14 21 -8 24 -12 -7 -10 -5 -3 23 -21 -11 26 -4 28 -27 -24
right_child=8 2 25 4 5 18 15 -9 19 10 11 12 -14 -15 -16 -17 -18 -19 -20 22 -22 -23 29 -25 -26 27 -28 -29 -30 -31
leaf_value=0.054848378750959527 0.054086586544294817 -0.05301820727191673 -0.050789206683770627 -0.052103477601979115 0.052122488379990561 -0.053238568205207608 -0.095398185508471359 0.071781380551183244 0.051240438654889045 -0.051454472912236197 -0.053187103944870473 0.027626337189044416 0.052715901047101582 0.054036147619915764 0.054049270565984055 -0.066091820799410131 -0.084726782767904518 -0.10583385824629934 -0.074157455417823814 0.051388723461578856 -0.065628580404052797 -0.070989912229766139 0.05396253339950683 0.053995232836606191 -0.068351807098497905 -0.050788315130284437 -0.06080996437265538 -0.050082782800658254 -0.055172188524388523 0.053917885036284578
leaf_weight=144.28427456039935 192.40190649032593 1.0766222167294497 1.1690676766447712 17.934260162641298 86.330519250943325 5.1667752875946453 11.418281181715427 33.961783263832331 35.374224565923214 4.1175281961914143 2.389203650411218 8.5448632502229867 56.29169526998885 24.19839210761711 5.9710707664489746 4.4088321300223461 2.666630677646026 0.46265113109257061 1.3818502859212456 59.001436621532775 0.77780719846486945 0.63502620882354666 2204.0668654441833 183.33217540453188 0.20541812083683897 1.2112546279095102 0.34403193683829147 67.899008028907701 0.16431065858341742 231.67676210403442
leaf_count=23 32 220 151 1203 181 254 90 18 8 521 252 56 266 7 1 47 27 13 25 21 5 22 376 40 6 167 11 43408 9 40
internal_value=0.0499396 0.0246964 -0.019707 0.0396109 0.0259876 0.0517186 -0.0685064 0.0576727 0.0533979 0.0486072 0.0344901 0.0447269 0.0494093 0.047933 0.02871 -0.0872345 -0.064645 -0.0617279 -0.0576527 0.0538695 -0.0526657 -0.0596858 0.0539042 0.0533606 -0.0522574 -0.0501705 -0.0530676 -0.0501072 -0.051312 0.0539583
internal_weight=3388.86 408.333 102.669 305.664 161.38 126.841 34.5392 120.292 2980.53 267.08 74.678 67.6884 64.8366 31.8811 7.68272 15.8271 6.98958 2.85185 6.54863 2713.45 18.7121 1.71165 2678.08 242.334 4.32295 70.7877 1.5131 69.2746 1.37557 2435.74
internal_count=47500 45842 43996 1846 1823 478 1345 199 1658 1173 1141 587 322 250 243 137 554 265 279 485 1208 242 477 61 527 43746 162 43584 176 416
is_linear=0
shrinkage=0.05


Tree=41
num_leaves=31
num_cat=0
split_feature=37 46 40 0 46 40 8 29 45 22 10 15 8 15 8 32 33 33 8 28 8 8 37 25 16 46 40 46 40 33
split_gain=113.039 101.485 80.2046 24.5581 147.602 31.047 3.39521 3.34397 2.65884 8.05908 28.7268 12.5987 1.76353 1.47886 6.61938 0.85874 0.58606 0.383372 0.162108 0.103337 0.0463491 0.0460792 0.0330796 0.127768 0.0189745 0.00449615 0.00943087 0.000704554 0.000956177 0.000141718
threshold=1.0000000180025095e-35 1.5550000000000004 0.21500000000000002 228.72500000000005 0.9850000000000001 1.4350000000000003 12.495000000000003 0.18125000000000002 1.5000000000000002 261.59000000000009 4770.380000000001 0.83670000000000011 34.715000000000011 3.7009500000000002 105.48500000000001 4.5000000000000009 2.1055500000000005 2.0009500000000005 13.615 1.0000000180025095e-35 12.115 27.255000000000006 2.5000000000000004 40.425000000000004 34.379650000000005 1.8250000000000004 11.645000000000001 1.9750000000000003 12.755000000000001 3.1867500000000004
decision_type=2 2 2 2 2 2 2 2 2 2 2 2 2 2 2 2 2 2 2 2 2 2 2 2 2 2 2 2 2 2
left_child=1 3 13 -1 6 7 20 -6 9 -2 16 17 -13 14 21 -8 24 -12 -7 -10 -5 -3 23 -21 -11 26 -4 28 -27 -24
right_child=8 2 25 4 5 18 15 -9 19 10 11 12 -14 -15 -16 -17 -18 -19 -20 22 -22 -23 29 -25 -26 27 -28 -29 -30 -31
leaf_value=0.054560680648194637 0.053863627783087148 -0.05294917805566305 -0.050751082825513799 -0.052008906869435635 0.051594204105912526 -0.053087168853399404 -0.091638460353566223 0.070431039510131396 0.050913208060191166 -0.051384943321740789 -0.053035588523613342 0.02748070417601306 0.05221353126393085 0.053850346635844829 0.053836216063377268 -0.065307190692507677 -0.082336495728861592 -0.10398019763003175 -0.072698154288783845 0.050929675119409712 -0.064707074834667019 -0.070240362946200119 0.053754372602615647 0.053752498891834047 -0.067255150331790234 -0.050751465853994149 -0.060469169943402436 -0.050078461567879221 -0.054912033417203965 0.053712300719694329
leaf_weight=137.95285601075739 183.7445535789011 1.0799591968534539 1.1128658722154785 17.101154571399096 82.939887660788372 4.9309516034554681 11.362841483438386 32.909058260498568 33.859833925962448 3.9944765360560259 2.2612483892589803 8.3168481894535926 54.026030449429527 23.103089888812974 5.7017674446105957 4.2562458361499003 2.6036111073917709 0.44136763620190311 1.3401682954281566 51.575369245256297 0.75014135241508384 0.5990034679416566 2104.4868125915527 179.94683728774544 0.19766078726388503 1.1457250298699353 0.32184988143853832 64.439385230420157 0.15701890585478384 221.19992113113403
leaf_count=23 36 217 151 1206 181 255 100 18 8 536 263 61 277 6 1 53 27 13 25 14 5 18 376 44 5 167 10 43355 9 40
internal_value=0.0497141 0.0245129 -0.0196386 0.0392019 0.0255842 0.0510796 -0.0674384 0.0569452 0.0531774 0.048312 0.0341127 0.0443324 0.048914 0.0476257 0.0281414 -0.0844631 -0.0637048 -0.0613554 -0.0572781 0.0536573 -0.0525425 -0.0591182 0.0536936 0.0531237 -0.0521332 -0.0501622 -0.0529311 -0.0501017 -0.0512529 0.0537504
internal_weight=3237.86 391.204 97.6607 293.543 155.59 122.12 33.4704 115.849 2846.65 255.586 71.8412 65.0455 62.3429 30.4838 7.38073 15.6191 6.79575 2.70262 6.27112 2591.07 17.8513 1.67896 2557.21 231.522 4.19214 67.1768 1.43472 65.7421 1.30274 2325.69
internal_count=47500 45800 43934 1866 1843 479 1364 199 1700 1218 1182 614 338 242 236 153 568 276 280 482 1211 235 474 58 541 43692 161 43531 176 416
is_linear=0
shrinkage=0.05


Tree=42
num_leaves=31
num_cat=0
split_feature=45 46 40 0 46 33 8 45 22 10 15 29 8 15 8 32 33 33 40 28 8 8 37 25 16 46 40 46 40 15
split_gain=107.99 95.9937 76.3613 23.5126 138.256 29.5469 2.89186 2.62595 7.90521 26.7691 11.9338 2.56117 1.90074 1.34909 6.16463 0.705881 0.482259 0.317342 0.163765 0.10781 0.0393915 0.0367839 0.0352688 0.132787 0.0158315 0.0038529 0.00775855 0.000607588 0.000824084 0.000206607
threshold=1.0000000180025095e-35 1.5550000000000004 0.21500000000000002 228.72500000000005 0.9850000000000001 1.3844500000000004 12.495000000000003 1.5000000000000002 261.59000000000009 4770.380000000001 0.83670000000000011 0.18125000000000002 34.715000000000011 3.7009500000000002 105.48500000000001 4.5000000000000009 2.1055500000000005 2.0009500000000005 13.855000000000002 1.0000000180025095e-35 12.115 27.255000000000006 2.5000000000000004 40.425000000000004 34.379650000000005 1.8250000000000004 11.645000000000001 1.9750000000000003 12.755000000000001 1.0206500000000001
decision_type=2 2 2 2 2 2 2 2 2 2 2 2 2 2 2 2 2 2 2 2 2 2 2 2 2 2 2 2 2 2
left_child=1 3 13 -1 6 18 20 8 -2 16 17 -7 -12 14 21 -8 24 -11 -6 -9 -5 -3 23 -21 -10 26 -4 28 -27 -25
right_child=7 2 25 4 5 11 15 19 9 10 12 -13 -14 -15 -16 -17 -18 -19 -20 22 -22 -23 -24 29 -26 27 -28 -29 -30 -31
leaf_value=0.05428741823680272 0.053668471570682233 -0.052759527181119176 -0.050714784626419353 -0.051920938439216607 -0.052132240072401595 0.051537621397733727 -0.089033838070025642 0.05059121092312438 -0.051339882140774312 -0.052887287761152646 0.025947170001395632 0.068280850467894061 0.051812011238474467 0.053605297012483788 0.053635152880715686 -0.064686436591498406 -0.079980675313767693 -0.099188911719982745 -0.073395193180367066 0.05060647012861183 -0.063848820721962379 -0.068523265958501653 0.053554113544799234 0.053485946427387077 -0.066056129185749116 -0.050714384125245787 -0.059621211105887244 -0.050074936796096439 -0.054665198946013828 0.05359661853412831
leaf_weight=131.86865929607302 175.41565990447998 0.97877845773473626 1.0593293304555107 16.283251165761616 5.0827767031732938 79.304826850071549 11.055188328726215 32.408313386142254 3.7324770785635333 2.1727080397540699 8.231612812727688 32.07913066027686 51.807678451528773 22.067359357140958 5.4435067176818848 4.0739296706160522 2.552501771831885 0.44603259675204743 1.1018630815669892 49.365459984866902 0.72290394455194373 0.5950478664599359 2220.1638488769531 74.326125095947646 0.1921630116412415 1.098255727556533 0.31789859454147507 61.454981454648077 0.15001837559975673 97.47476095741149
leaf_count=23 32 220 151 1203 349 100 90 8 521 252 56 13 266 7 1 47 27 13 16 14 5 22 416 23 6 167 11 43408 9 24
internal_value=0.0494986 0.0243361 -0.0196581 0.0388927 0.0253321 0.0504533 -0.0665752 0.0529675 0.0480249 0.0337054 0.0437086 0.0563598 0.0482658 0.0475328 0.0284366 -0.0824776 -0.0630632 -0.0607735 -0.0559205 0.0534561 -0.052428 -0.0587196 0.0534941 0.052892 -0.0520604 -0.0501546 -0.0527706 -0.0500971 -0.0511892 0.0535487
internal_weight=3093.03 374.738 93.1652 281.573 149.704 117.569 32.1353 2718.29 244.551 69.1352 62.658 111.384 60.0393 29.0847 7.01733 15.1291 6.47714 2.61874 6.18464 2473.74 17.0062 1.57383 2441.33 221.166 3.92464 64.0805 1.37723 62.7033 1.24827 171.801
internal_count=47500 45842 43996 1846 1823 478 1345 1658 1173 1141 587 113 322 250 243 137 554 265 365 485 1208 242 477 61 527 43746 162 43584 176 47
is_linear=0
shrinkage=0.05


Tree=43
num_leaves=31
num_cat=0
split_feature=37 46 40 0 46 40 29 45 22 10 15 8 8 15 8 32 33 33 8 28 37 25 8 8 16 46 40 46 40 33
split_gain=103.171 90.1119 72.3703 22.7402 130.127 28.3242 2.62957 2.60087 7.73076 25.3747 11.142 2.40864 1.79516 1.33984 5.94292 0.559674 0.407846 0.28092 0.113682 0.112583 0.0370419 0.138676 0.0335153 0.0328504 0.0134745 0.00333719 0.00687022 0.000525052 0.000708361 0.000102806
threshold=1.0000000180025095e-35 1.5550000000000004 0.21500000000000002 228.72500000000005 0.9850000000000001 1.4350000000000003 0.18125000000000002 1.5000000000000002 261.59000000000009 4770.380000000001 0.83670000000000011 12.495000000000003 34.715000000000011 3.7009500000000002 105.48500000000001 4.5000000000000009 2.1055500000000005 2.0009500000000005 13.615 1.0000000180025095e-35 2.5000000000000004 40.425000000000004 12.115 27.255000000000006 34.379650000000005 1.8250000000000004 11.645000000000001 1.9750000000000003 12.755000000000001 3.1867500000000004
decision_type=2 2 2 2 2 2 2 2 2 2 2 2 2 2 2 2 2 2 2 2 2 2 2 2 2 2 2 2 2 2
left_child=1 3 13 -1 11 6 -6 8 -2 16 17 22 -12 14 23 -13 24 -11 -7 -9 21 -21 -5 -3 -10 26 -4 28 -27 -22
right_child=7 2 25 4 5 18 -8 19 9 10 12 15 -14 -15 -16 -17 -18 -19 -20 20 29 -23 -24 -25 -26 27 -28 -29 -30 -31
leaf_value=0.054027573568262689 0.053468213033987133 -0.052710388700914303 -0.050680226137532682 -0.051834343630434244 0.050751067371498731 -0.053046826183453404 0.068050454688144232 0.050273541260809351 -0.051274597600113339 -0.052749048858876692 0.025808018542060152 -0.085986412346180638 0.051297941645646543 0.053444372307459492 0.053445314035011883 -0.063986401080754415 -0.077989432062217645 -0.097347567904546337 -0.069951294429991845 0.050287740247861784 0.053372360097562258 0.053362125288587095 -0.063048445070881642 -0.067868904966124577 -0.065124472953022414 -0.050680816076642737 -0.059335906186572224 -0.05007100168210759 -0.054430998806572754 0.053334818278160348
leaf_weight=126.02539302036166 167.45733888621908 0.9859392301877985 1.0083350169006724 15.523438720148992 76.403945933911018 4.6502905132947481 30.8305507178884 31.017642199993134 3.6218147975159805 2.0570660316152494 8.0211680119391513 10.943737707450053 49.738975237356499 21.060032499721274 5.195950984954834 3.928663707105442 2.4845520121743903 0.42625065124593664 1.265124885481782 47.248023023945279 1917.50945520401 163.98410161561333 0.69615481048822481 0.56065043807029724 0.1845643066917545 1.0381033812882368 0.2967072307365014 58.319011082174256 0.14330038079060603 201.52390098571777
leaf_count=23 36 217 151 1206 181 255 18 8 536 263 61 100 277 6 1 53 27 13 25 14 376 44 5 18 5 167 10 43355 9 40
internal_value=0.0492931 0.0241654 -0.0195918 0.0385113 0.0249546 0.0498492 0.0557247 0.0527677 0.0477396 0.0333214 0.0432996 -0.0656417 0.0477581 0.0472337 0.0278351 -0.0801749 -0.0622317 -0.0604042 -0.0566622 0.053266 0.0533059 0.0526745 -0.0523157 -0.0582055 -0.0519462 -0.050147 -0.0526481 -0.0500921 -0.0511357 0.0533688
internal_weight=2954.15 358.875 88.608 270.267 144.242 113.15 107.234 2595.27 233.992 66.5344 60.2435 31.092 57.7601 27.8026 6.74254 14.8724 6.29093 2.48332 5.91542 2361.28 2330.27 211.232 16.2196 1.54659 3.80638 60.8055 1.30504 59.5004 1.1814 2119.03
internal_count=47500 45800 43934 1866 1843 479 199 1700 1218 1182 614 1364 338 242 236 153 568 276 280 482 474 58 1211 235 541 43692 161 43531 176 416
is_linear=0
shrinkage=0.05


Tree=44
num_leaves=31
num_cat=0
split_feature=45 46 40 0 46 33 45 22 10 15 8 29 8 15 8 32 33 33 31 40 8 8 16 32 46 40 46 40 33 33
split_gain=98.6025 85.2783 68.9264 21.7783 121.965 26.9751 2.57447 7.59943 23.6383 10.5439 2.05907 1.9805 1.92534 1.21697 5.52663 0.46272 0.336967 0.232548 0.119132 0.118476 0.0285195 0.0262826 0.0112693 0.00985443 0.0028589 0.00564711 0.000452797 0.000610431 0.000104021 5.83131e-05
threshold=1.0000000180025095e-35 1.5550000000000004 0.21500000000000002 228.72500000000005 0.9850000000000001 1.3844500000000004 1.5000000000000002 261.59000000000009 4770.380000000001 0.83670000000000011 12.495000000000003 0.18125000000000002 34.715000000000011 3.7009500000000002 105.48500000000001 4.5000000000000009 2.1055500000000005 2.0009500000000005 1.0000000180025095e-35 13.855000000000002 12.115 27.255000000000006 34.379650000000005 1.5000000000000002 1.8250000000000004 11.645000000000001 1.9750000000000003 12.755000000000001 3.1867500000000004 2.8885500000000004
decision_type=2 2 2 2 2 2 2 2 2 2 2 2 2 2 2 2 2 2 2 2 2 2 2 2 2 2 2 2 2 2
left_child=1 3 13 -1 10 19 7 -2 16 17 20 -7 -11 14 21 -12 22 -10 -8 -6 -5 -3 -9 -20 25 29 27 -26 -25 -4
right_child=6 2 24 4 5 11 18 8 9 12 15 -13 -14 -15 -16 -17 -18 -19 23 -21 -22 -23 -24 28 26 -27 -28 -29 -30 -31
leaf_value=0.053780195197719129 0.053295809461252557 -0.052520316799723826 -0.0504956742481023 -0.051753687861200819 -0.051975004293786708 0.050727843352047663 0.051512409543254825 -0.051232895506645684 -0.052615200366205164 0.024311094129480845 -0.083847060826855946 0.065981334966597263 0.050890346854042846 0.053218048726910411 0.053266012902828758 -0.063429213045090208 -0.076039341728476262 -0.093239588063392484 0.052678012955604647 -0.070607994188813625 -0.062301154333852519 -0.066380864869857198 -0.064105018175302439 0.053195999920808514 -0.050647362217601015 -0.058575916936681155 -0.050067839160920835 -0.054208770249611016 0.053151922472931858 -0.051648924662235134
leaf_weight=120.41655364399776 159.80567407608032 0.88951629970688617 0.83355675218626746 14.780148090678267 4.8032761220820239 73.040936682024039 114.2604681767989 3.3831583942519496 1.9750496394699433 7.948431854019872 10.60959722404368 30.029146560933441 47.711779312463477 20.109178479528055 4.9587583541870117 3.7576075954711987 2.4263653896632604 0.42874311434570689 97.362473526853137 1.0373568726936353 0.66994394361972887 0.55567075475119054 0.17903230135561887 1897.9323525123764 0.99570369184948393 0.29318585491273552 55.622499456396326 0.13685622438788414 144.00957006821409 0.12620853842236102
leaf_count=23 32 220 144 1203 349 100 37 521 252 56 90 13 266 7 1 47 27 13 23 16 5 22 6 394 167 11 43408 9 31 7
internal_value=0.0490959 0.023998 -0.0196144 0.0382223 0.024718 0.0492484 0.0525774 0.0474634 0.0329121 0.0426669 -0.0648815 0.0551719 0.0470948 0.0471729 0.0281904 -0.078507 -0.0616685 -0.059861 0.0530854 -0.0552844 -0.052211 -0.0578497 -0.0518798 0.0531695 -0.0501401 -0.0525026 -0.050088 -0.0510777 0.0531929 -0.0506473
internal_weight=2821.09 343.666 84.5211 259.145 138.728 108.911 2477.42 223.858 64.0526 58.064 29.8173 103.07 55.6602 26.5131 6.40395 14.3672 5.98856 2.40379 2253.56 5.84063 15.4501 1.44519 3.56219 2139.3 58.008 1.25295 56.7551 1.13256 2041.94 0.959765
internal_count=47500 45842 43996 1846 1823 478 1658 1173 1141 587 1345 113 322 250 243 137 554 265 485 365 1208 242 527 448 43746 162 43584 176 425 151
is_linear=0
shrinkage=0.05


Tree=45
num_leaves=31
num_cat=0
split_feature=37 46 40 0 46 40 9 45 22 10 15 8 8 15 8 26 33 33 31 8 8 8 32 16 46 40 46 2 33 33
split_gain=94.2281 80.0834 65.3179 21.0601 114.865 25.9045 2.61464 2.55863 7.45246 22.4094 9.84398 1.81759 1.72251 1.21447 5.34124 0.375155 0.285856 0.204607 0.124815 0.0793548 0.024293 0.0234744 0.0103146 0.00961143 0.00247586 0.00501336 0.000391038 0.000558023 8.88344e-05 5.0119e-05
threshold=1.0000000180025095e-35 1.5550000000000004 0.21500000000000002 228.72500000000005 0.9850000000000001 1.4350000000000003 1.0000000180025095e-35 1.5000000000000002 261.59000000000009 4770.380000000001 0.83670000000000011 34.715000000000011 12.495000000000003 3.7009500000000002 105.48500000000001 38.500000000000007 2.1055500000000005 2.0009500000000005 1.0000000180025095e-35 13.615 12.115 27.255000000000006 1.5000000000000002 34.379650000000005 1.8250000000000004 11.645000000000001 1.9750000000000003 21.500000000000004 3.1867500000000004 2.8885500000000004
decision_type=2 2 2 2 2 2 2 2 2 2 2 2 2 2 2 2 2 2 2 2 2 2 2 2 2 2 2 2 2 2
left_child=1 3 13 -1 12 6 -6 8 -2 16 17 -12 20 14 21 -14 23 -11 -9 -7 -5 -3 -20 -10 25 29 27 -26 -24 -4
right_child=7 2 24 4 5 19 -8 18 9 10 11 -13 15 -15 -16 -17 -18 -19 22 -21 -22 -23 28 -25 26 -27 -28 -29 -30 -31
leaf_value=0.053544404589138263 0.05311534157669745 -0.052490853781945651 -0.050471539218221409 -0.051674393707821821 0.057684819348087363 -0.053025265321661366 0.033453865431467215 0.051267750182090781 -0.051171750297025843 -0.052489239000748124 0.024180620239581663 0.050356055558873472 -0.079847109135077143 0.053079286233120783 0.053096598086619595 -0.056259959745568772 -0.074362360394589641 -0.091488102744211985 0.052488190747735343 -0.067582658252275982 -0.061602659644686114 -0.065811318291126367 0.053030284709186193 -0.063307604761766959 -0.050622324165884559 -0.058337707793693183 -0.050064252793381649 -0.054229944149740875 0.052988583225026878 -0.051566992316073194
leaf_weight=115.0354435108602 152.50281069485936 0.90000326652080065 0.79327331343665608 14.087710973806679 86.438113502343185 4.3933142871828741 12.778819140163248 109.1987551911734 3.2834798179101194 1.8704293706687161 7.7541507872520006 45.82995801162906 12.120315153850241 19.184361424529925 4.7315869331359863 1.9581256001838472 2.355690244876314 0.41005590342683707 92.940539138857275 1.1896482758456839 0.64431256055831987 0.52291643177159131 1810.868214151822 0.17168052046326909 0.95033478422555961 0.27300542953889817 52.779512982524466 0.1208159492816776 137.39773691585287 0.12023921124637127
leaf_count=23 36 217 144 1206 32 255 167 34 536 263 61 277 117 6 1 36 27 13 23 25 5 18 394 5 167 10 43355 9 31 7
internal_value=0.0489072 0.023837 -0.0195497 0.0378619 0.0243597 0.0486671 0.054564 0.0523956 0.0471841 0.0325179 0.0422383 0.0465682 -0.0640601 0.0468793 0.027553 -0.0765664 -0.0609317 -0.0595017 0.0529147 -0.0561272 -0.0521086 -0.0573861 0.0530028 -0.0517748 -0.0501332 -0.0523925 -0.0500834 -0.0510292 0.0530273 -0.0506157
internal_weight=2693.61 329.022 80.376 248.646 133.61 104.8 99.2169 2364.58 214.178 61.6754 55.8646 53.5841 28.8105 25.3389 6.15451 14.0784 5.81085 2.28049 2150.41 5.58296 14.732 1.42292 2041.21 3.45516 55.0372 1.18652 53.8507 1.07115 1948.27 0.913513
internal_count=47500 45800 43934 1866 1843 479 199 1700 1218 1182 614 338 1364 242 236 153 568 276 482 280 1211 235 448 541 43692 161 43531 176 425 151
is_linear=0
shrinkage=0.05


Tree=46
num_leaves=31
num_cat=0
split_feature=45 46 40 0 46 33 45 22 10 15 8 29 8 15 8 32 33 33 31 40 8 8 32 16 46 40 46 2 33 33
split_gain=89.9812 75.8721 62.2306 20.1247 107.812 24.589 2.53994 7.34461 20.8656 9.30649 1.94116 1.58603 1.47686 1.09807 4.95929 0.312442 0.237006 0.169462 0.132275 0.0857573 0.0206943 0.0188249 0.0108048 0.00805496 0.00212007 0.00411687 0.000337173 0.000480406 7.59376e-05 4.30791e-05
threshold=1.0000000180025095e-35 1.5550000000000004 0.21500000000000002 228.72500000000005 0.9850000000000001 1.3844500000000004 1.5000000000000002 261.59000000000009 4770.380000000001 0.83670000000000011 34.715000000000011 0.18125000000000002 12.495000000000003 3.7009500000000002 105.48500000000001 4.5000000000000009 2.1055500000000005 2.0009500000000005 1.0000000180025095e-35 13.855000000000002 12.115 27.255000000000006 1.5000000000000002 34.379650000000005 1.8250000000000004 11.645000000000001 1.9750000000000003 21.500000000000004 3.1867500000000004 2.8885500000000004
decision_type=2 2 2 2 2 2 2 2 2 2 2 2 2 2 2 2 2 2 2 2 2 2 2 2 2 2 2 2 2 2
left_child=1 3 13 -1 12 19 7 -2 16 17 -11 -7 20 14 21 -14 23 -10 -8 -6 -5 -3 -20 -9 25 29 27 -26 -24 -4
right_child=6 2 24 4 5 11 18 8 9 10 -12 -13 15 -15 -16 -17 -18 -19 22 -21 -22 -23 28 -25 26 -27 -28 -29 -30 -31
leaf_value=0.053319374056584948 0.052963149796966424 -0.052299633235498411 -0.050448577357729209 -0.051600448152001467 -0.051835785397833734 0.049905091676042151 0.051017963618203821 -0.051133177812926603 -0.052368239493817172 0.022711646246338115 0.049934355203305615 0.064043279979738771 -0.079582465988797646 0.052868499397717289 0.052936468969690099 -0.062164790510198992 -0.072731378255170259 -0.08797425903952924 0.052305992904069093 -0.068203272142686844 -0.060949100850875515 -0.064514981245032285 0.052873610222221937 -0.062434397196167626 -0.050591873751083705 -0.057654322607055802 -0.050061428060393279 -0.054016384431773583 0.052834134662807224 -0.051489200181475847
leaf_weight=109.87526121176779 145.48467397689819 0.80812282988336182 0.75491971126757451 13.41237763769459 4.5176253383979192 67.068273539305665 104.36388337844983 3.0662346720928322 1.7948486671084531 7.693935638642869 43.983750154729933 28.167383731342852 10.114090187591499 18.312958595575765 4.5140953063964844 3.453988021821714 2.2928775061736815 0.41061744681792323 88.707964133936912 0.972581002046354 0.6192941218614586 0.51729158509988338 1727.5263871117495 0.16621856921119604 0.91204368288162985 0.26993447623681277 50.343639165977947 0.11536656157113612 131.06917584943585 0.11454352037981153
leaf_count=23 32 220 144 1203 349 100 37 521 252 56 266 13 90 7 1 47 27 13 23 16 5 22 394 6 167 11 43408 9 31 7
internal_value=0.0487282 0.023689 -0.0195752 0.0376132 0.0241653 0.0481552 0.052222 0.0469138 0.0320997 0.0415886 0.0458814 0.0540867 -0.0633865 0.0468483 0.0279686 -0.0751485 -0.0604359 -0.0589974 0.0527522 -0.0547353 -0.0520131 -0.0570671 0.0528451 -0.0517143 -0.050127 -0.0522603 -0.0500797 -0.0509764 0.0528708 -0.0505857
internal_weight=2571.42 314.864 76.6629 238.201 128.326 100.726 2256.56 204.893 59.4085 53.8832 51.6777 95.2357 27.5997 24.1525 5.83951 13.5681 5.52533 2.20547 2051.67 5.49021 14.0317 1.32541 1947.3 3.23245 52.5104 1.1394 51.371 1.02741 1858.6 0.869463
internal_count=47500 45842 43996 1846 1823 478 1658 1173 1141 587 322 113 1345 250 243 137 554 265 485 365 1208 242 448 527 43746 162 43584 176 425 151
is_linear=0
shrinkage=0.05


Tree=47
num_leaves=31
num_cat=0
split_feature=37 46 40 0 46 40 9 45 22 25 40 46 8 15 8 33 26 33 31 8 8 8 32 28 46 40 46 2 33 33
split_gain=86.0183 71.2675 58.9657 19.4637 101.59 23.7803 2.62677 2.53282 7.22126 19.9695 10.6819 2.70799 1.23954 1.10125 4.80513 1.02869 0.264805 0.198972 0.138578 0.0550444 0.0176452 0.016812 0.0113267 0.00217517 0.00183617 0.00366402 0.000290907 0.000412626 6.49922e-05 3.99585e-05
threshold=1.0000000180025095e-35 1.5550000000000004 0.21500000000000002 228.72500000000005 0.9850000000000001 1.4350000000000003 1.0000000180025095e-35 1.5000000000000002 261.59000000000009 45.995000000000012 0.76500000000000012 0.13500000000000004 12.495000000000003 3.7009500000000002 105.48500000000001 5.4989500000000016 38.500000000000007 2.0009500000000005 1.0000000180025095e-35 13.615 12.115 27.255000000000006 1.5000000000000002 5841.2050000000008 1.8250000000000004 11.645000000000001 1.9750000000000003 21.500000000000004 3.1867500000000004 3.1867500000000004
decision_type=2 2 2 2 2 2 2 2 2 2 2 2 2 2 2 2 2 2 2 2 2 2 2 2 2 2 2 2 2 2
left_child=1 3 13 -1 12 6 -6 8 -2 15 11 -11 20 14 21 17 -14 -10 -9 -7 -5 -3 -20 -12 25 29 27 -26 -24 -4
right_child=7 2 24 4 5 19 -8 18 9 10 23 -13 16 -15 -16 -17 -18 -19 22 -21 -22 -23 28 -25 26 -27 -28 -29 -30 -31
leaf_value=0.05310433560399222 0.052799946726087926 -0.052289485945071823 -0.050424946467208936 -0.051527843326824918 0.056828345826113826 -0.053020106349668653 0.031806365623443571 0.050782597964186542 -0.052970888528114317 0.018312694518328305 -0.051013050549036869 0.050710384339846919 -0.0762789732063235 0.052749561386594257 0.052785064420343142 -0.16171464332030494 -0.055585077488565539 -0.074921971635648205 0.052130811309718611 -0.065531207570432459 -0.060337008175217199 -0.064020270209822747 0.052725442109553891 -0.057933533416894029 -0.050563657992499025 -0.057456157802397025 -0.050058146563800622 -0.053813888062948616 0.052688048168824664 -0.051470680880421706
leaf_weight=104.92912635114044 138.79365778632928 0.82148141227662808 0.72295321291312464 12.781767485314049 79.565397971193306 4.157952132751233 12.081229848437941 99.727806715061888 2.0461342401104039 7.6136077288538209 2.8886121338582593 42.202639229828492 11.475093857967293 17.465180470608175 4.3059453964233398 0.288425545208156 1.7865889518870961 2.0835398453637026 84.658037955639884 1.1148737852927295 0.59491509199142534 0.48619082610821351 1647.7751412095968 0.11818885058164585 0.86087054200470348 0.25076881656423211 47.765891509770881 0.11014257662463933 125.01381395081989 0.10456161666661501
leaf_count=23 36 217 146 1206 32 255 167 34 324 61 692 69 117 6 1 6 36 29 23 25 5 18 394 1 167 10 43355 9 31 5
internal_value=0.0485538 0.0235353 -0.0195117 0.0372686 0.0238203 0.0475892 0.0535298 0.0520556 0.0466371 0.031694 0.040235 0.0457589 -0.0626588 0.0465574 0.0272923 -0.0704219 -0.0734911 -0.0640458 0.0525983 -0.0556654 -0.0519196 -0.056651 0.0526958 -0.0512851 -0.0501207 -0.0521616 -0.0500756 -0.0509323 0.0527228 -0.0505571
internal_weight=2454.59 301.381 72.894 228.487 123.558 96.9195 91.6466 2153.21 196.035 57.2411 52.823 49.8162 26.6384 23.0788 5.61362 4.4181 13.2617 4.12967 1957.17 5.27283 13.3767 1.30767 1857.45 3.0068 49.8152 1.07828 48.7369 0.971013 1772.79 0.827515
internal_count=47500 45800 43934 1866 1843 479 199 1700 1218 1182 823 130 1364 242 236 359 153 353 482 280 1211 235 448 693 43692 161 43531 176 425 151
is_linear=0
shrinkage=0.05


Tree=48
num_leaves=31
num_cat=0
split_feature=45 46 40 0 46 0 45 22 10 25 15 40 8 27 15 8 26 33 31 40 8 8 32 16 46 40 46 2 33 33
split_gain=82.1633 67.5387 56.1901 18.6037 95.3803 22.5937 2.51515 7.12088 18.8154 8.56144 5.20516 1.83175 1.0654 1.06263 0.99114 4.45522 0.214986 0.173881 0.146835 0.0332946 0.0150457 0.0135026 0.0118815 0.00789124 0.00157222 0.00301327 0.000250753 0.000355246 5.56967e-05 3.43392e-05
threshold=1.0000000180025095e-35 1.5550000000000004 0.21500000000000002 228.72500000000005 0.9850000000000001 2699.9150000000004 1.5000000000000002 261.59000000000009 4770.380000000001 45.995000000000012 0.83670000000000011 1.1850000000000003 12.495000000000003 1017.9300000000002 3.7009500000000002 105.48500000000001 38.500000000000007 2.1055500000000005 1.0000000180025095e-35 13.855000000000002 12.115 27.255000000000006 1.5000000000000002 34.379650000000005 1.8250000000000004 11.645000000000001 1.9750000000000003 21.500000000000004 3.1867500000000004 3.1867500000000004
decision_type=2 2 2 2 2 2 2 2 2 2 2 2 2 2 2 2 2 2 2 2 2 2 2 2 2 2 2 2 2 2
left_child=1 3 14 -1 12 19 7 -2 17 13 -11 -7 20 -10 15 21 -14 23 -8 -6 -5 -3 -20 -9 25 29 27 -26 -24 -4
right_child=6 2 24 4 5 11 18 8 9 10 -12 -13 16 -15 -16 -17 -18 -19 22 -21 -22 -23 28 -25 26 -27 -28 -29 -30 -31
leaf_value=0.052898559549745962 0.052665791780163063 -0.052095945282982038 -0.050404252223304573 -0.051460063795597588 -0.052064889981012677 0.0564713476041847 0.050539767693855021 -0.051062896734750833 -0.1871146712746149 -0.052655601753816339 0.046849357989854734 0.037617249908576754 -0.074772874582722471 -0.065430941131556869 0.052545662392729987 0.052641871409615772 -0.055399724817866994 -0.070254466716349676 0.051962071452212981 -0.063531544992279657 -0.059763241729482088 -0.062876878446548309 0.052585266843616724 -0.062321049850526195 -0.050536037022899799 -0.056853804529453739 -0.050055614193331668 -0.05362185812162068 0.052549819293507084 -0.051397586014866319
leaf_weight=100.19014512747526 132.36572933197021 0.73414226586465037 0.68796959455357753 12.16823901591124 4.513288904214277 72.219967762939632 95.303351564565673 2.8517595098819579 0.21443619963247229 1.3518352576065797 47.296501086908393 15.679117851774206 11.109109684068242 1.0985526541480792 16.668770953081548 4.1068019866943359 1.6439326572581183 2.1627463207987603 80.78413704992272 0.73633386089932162 0.57119584083557207 0.48053790425183252 1571.4848454017192 0.16463670216035087 0.82612014934420486 0.24758146889507771 45.560821935068816 0.10513658577110618 119.22171516693197 0.099599968641996384
leaf_count=23 32 220 146 1203 298 58 37 521 7 202 264 106 107 114 7 1 30 27 23 16 5 22 394 6 167 11 43408 9 31 5
internal_value=0.048389 0.0233954 -0.019538 0.0370343 0.0236373 0.0470903 0.0518971 0.0463769 0.0312802 0.040684 0.0440843 0.0531082 -0.0620594 -0.0853042 0.0465479 0.0277609 -0.0722756 -0.0594349 0.0524516 -0.0536733 -0.0518324 -0.056361 0.0525545 -0.0516774 -0.0501151 -0.0520424 -0.0500722 -0.0508844 0.0525828 -0.0505299
internal_weight=2342.65 288.349 69.5175 218.831 118.641 93.1487 2054.3 187.506 55.1405 49.9613 48.6483 87.8991 25.4925 1.31299 21.9903 5.32148 12.753 5.17914 1866.79 5.24962 12.7394 1.21468 1771.49 3.0164 47.5272 1.03515 46.4921 0.931257 1690.71 0.78757
internal_count=47500 45842 43996 1846 1823 478 1658 1173 1141 587 466 164 1345 121 250 243 137 554 485 314 1208 242 448 527 43746 162 43584 176 425 151
is_linear=0
shrinkage=0.05


Tree=49
num_leaves=31
num_cat=0
split_feature=37 46 40 0 46 40 9 45 22 10 25 15 15 8 8 33 26 31 33 8 8 32 8 16 46 40 46 2 33 33
split_gain=78.5221 63.4917 53.2367 17.9634 89.9869 21.8284 2.65469 2.49498 6.97169 17.8695 8.05863 4.88876 1.00072 4.33031 0.896434 0.879166 0.19014 0.153818 0.148053 0.0436568 0.0128403 0.012471 0.0120543 0.0067413 0.00136148 0.00268134 0.00021632 0.000305127 4.77772e-05 2.95121e-05
threshold=1.0000000180025095e-35 1.5550000000000004 0.21500000000000002 228.72500000000005 0.9850000000000001 1.4350000000000003 1.0000000180025095e-35 1.5000000000000002 261.59000000000009 4770.380000000001 45.995000000000012 0.83670000000000011 3.7009500000000002 105.48500000000001 12.495000000000003 5.4989500000000016 34.500000000000007 1.0000000180025095e-35 2.1055500000000005 13.615 12.115 1.5000000000000002 27.255000000000006 34.379650000000005 1.8250000000000004 11.645000000000001 1.9750000000000003 21.500000000000004 3.1867500000000004 3.1867500000000004
decision_type=2 2 2 2 2 2 2 2 2 2 2 2 2 2 2 2 2 2 2 2 2 2 2 2 2 2 2 2 2 2
left_child=1 3 12 -1 14 6 -6 8 -2 18 15 -12 13 22 20 -11 -16 -9 23 -7 -5 -19 -3 -10 25 29 27 -26 -23 -4
right_child=7 2 24 4 5 19 -8 17 9 10 11 -13 -14 -15 16 -17 -18 21 -20 -21 -22 28 -24 -25 26 -27 -28 -29 -30 -31
leaf_value=0.052701370246796247 0.052517646265508894 -0.052113352133354308 -0.050384565080342364 -0.051393588174353133 0.056077822795179269 -0.052921650005886368 0.03021113079252017 0.050310915371799436 -0.051007966596425126 -0.064554514043816166 -0.052522219207251399 0.046416791073336114 0.052450274584184046 0.052506391730385099 -0.073738541329520665 -0.17575454732864104 -0.057640626117578898 0.051799227157269034 -0.06899579616899576 -0.064386423558196668 -0.059224953485122737 0.052452612913852385 -0.062456365523564997 -0.061635271088505521 -0.050510476938011008 -0.056675676075128904 -0.05005261898985143 -0.053439731942339842 0.05241899189031049 -0.051328186261833643
leaf_weight=95.651413179002702 126.24368253885768 0.75104223948437965 0.65466618502978136 11.594474819023162 73.097256589331664 3.9050470957881762 11.476404248271136 91.062679615570232 2.7692014993517655 1.079768516763578 1.283784688275772 45.483506707940251 15.89181074220687 3.9163358211517334 10.203685259213669 0.21277203259523947 2.236339639290235 77.079744186252356 2.0931542031466961 1.0545914108515715 0.54815130680799562 1498.5276137357578 0.4507769703050144 0.15772281785029907 0.77974691661074658 0.22999066079501063 43.227540983643848 0.10034124227240682 113.68309914669953 0.094867285341024399
leaf_count=23 36 217 146 1206 32 255 167 34 536 123 213 274 6 1 109 4 44 23 27 25 5 394 18 5 167 10 43355 9 31 5
internal_value=0.0482306 0.0232548 -0.0194777 0.0367197 0.0233239 0.0465892 0.0525678 0.0517464 0.046125 0.0309209 0.0402971 0.0437009 0.0462575 0.0270292 -0.0614114 -0.0828597 -0.0708446 0.0523126 -0.058842 -0.0553595 -0.0517471 0.0524205 -0.0559928 -0.0515806 -0.0501094 -0.0519531 -0.0500684 -0.0508444 0.0524502 -0.050504
internal_weight=2235.54 275.864 66.0971 209.767 114.116 89.5333 84.5737 1959.68 179.324 53.0799 48.0598 46.7673 21.01 5.11816 24.5827 1.29254 12.44 1780.35 5.02008 4.95964 12.1426 1689.29 1.20182 2.92692 45.0872 0.979524 44.1076 0.880088 1612.21 0.749533
internal_count=47500 45800 43934 1866 1843 479 199 1700 1218 1182 614 487 242 236 1364 127 153 482 568 280 1211 448 235 541 43692 161 43531 176 425 151
is_linear=0
shrinkage=0.05


Tree=50
num_leaves=31
num_cat=0
split_feature=37 46 40 0 46 33 8 45 22 10 25 15 16 0 29 8 25 31 26 33 46 40 32 8 8 33 16 46 40 46
split_gain=75.0297 59.9479 58.7298 15.7457 88.1304 5.56694 9.31943 2.47921 6.85652 16.796 7.52627 4.59378 1.27092 4.86859 1.0501 0.76384 0.709493 0.162037 0.160053 0.124867 0.0287681 0.0223968 0.0130967 0.0109602 0.0101769 0.00679512 0.00571377 0.00117199 0.00229423 0.00018652
threshold=1.0000000180025095e-35 1.2650000000000003 1.4350000000000003 228.72500000000005 0.9850000000000001 1.65805 125.61500000000002 1.5000000000000002 261.59000000000009 4770.380000000001 45.995000000000012 0.83670000000000011 2.0201500000000006 10278.095000000003 0.18125000000000002 12.495000000000003 45.445000000000007 1.0000000180025095e-35 34.500000000000007 2.1055500000000005 1.5550000000000004 13.855000000000002 1.5000000000000002 12.115 27.255000000000006 3.6353000000000004 34.379650000000005 1.8250000000000004 11.645000000000001 1.9750000000000003
decision_type=2 2 2 2 2 2 2 2 2 2 2 2 2 2 2 2 2 2 2 2 2 2 2 2 2 2 2 2 2 2
left_child=1 3 12 -1 15 6 -6 8 -2 19 16 -12 13 24 -7 23 -11 -9 -17 26 21 25 -19 -5 -3 -4 -10 28 -22 -29
right_child=7 2 20 4 5 14 -8 17 9 10 11 -13 -14 -15 -16 18 -18 22 -20 -21 27 -23 -24 -25 -26 -27 -28 29 -30 -31
leaf_value=0.052512123078340835 0.052387086620211125 -0.051827240533547141 -0.052009505556538972 -0.051330747239400093 -0.053058441435168392 0.049427283263922227 0.053434658483113365 0.050078430370316097 -0.050964880126846593 -0.063880489909739949 -0.052398632802318129 0.045809904553418587 0.051892437905503276 0.052483101282146873 0.062245697980136488 -0.07234537299902237 -0.16421622066630315 0.051641760326263525 -0.057266496025008967 -0.06782197441963804 -0.050479386098472238 -0.065470528469476402 0.052324792382179235 -0.058719558868703031 -0.060792939870875896 -0.0599987302794871 -0.060944252415250921 -0.050803628732656009 -0.056318615459851153 -0.050050026681180596
leaf_weight=91.306075057014823 120.37842862668913 0.95610627194401121 1.6051815772661933 11.042167491221335 3.403899946191812 46.296010353369638 5.1819443702697754 87.013545643771067 2.6363168521202165 1.0485932933515858 1.2239813249907445 43.824070644099265 18.967970684170723 4.0671575741143897 24.396707710810006 9.8881827315199171 0.21177060902118672 73.5384628593456 2.140818220563232 2.0246502141817473 0.71331711002858256 0.47373417345806945 1537.1661925774533 0.52579160034656602 0.47313821158604696 0.31905186176300038 0.15168843360152084 0.83782112528569896 0.2201257694978267 41.074201046605594
leaf_count=23 36 253 126 1206 259 58 1 34 536 126 213 274 7 3 9 109 1 23 44 27 151 4 425 5 34 4 5 176 10 43318
internal_value=0.0480779 0.0231205 -0.0166544 0.037399 0.0239856 0.0492336 0.0112149 0.0516013 0.0458721 0.0305307 0.0397699 0.0431415 0.0457578 0.0245872 0.053851 -0.06084 -0.0807392 0.0521801 -0.0696618 -0.0583711 -0.0504024 -0.0557318 0.0522936 -0.0516666 -0.0547953 -0.0533342 -0.0515078 -0.0501041 -0.0518564 -0.0500651
internal_weight=2133.11 263.889 69.7078 194.182 102.876 79.2786 8.58584 1869.22 171.499 51.1211 46.3084 45.0481 24.4644 5.4964 70.6927 23.597 1.26036 1697.72 12.029 4.81266 45.2434 2.39797 1610.7 11.568 1.42924 1.92423 2.78801 42.8455 0.933443 41.912
internal_count=47500 45800 44086 1714 1691 327 260 1700 1218 1182 614 487 297 290 67 1364 127 482 153 568 43789 134 448 1211 287 130 541 43655 161 43494
is_linear=0
shrinkage=0.05


Tree=51
num_leaves=31
num_cat=0
split_feature=37 46 40 0 46 0 45 22 10 34 9 40 15 8 8 31 26 33 40 32 8 8 16 8 46 40 46 2 31 40
split_gain=71.6366 56.6202 48.073 16.5462 79.824 19.9317 2.46819 6.75291 15.7829 7.18551 1.85608 1.70494 0.916239 3.91833 0.651401 0.170679 0.135209 0.105427 0.0199813 0.0137605 0.0115995 0.00866168 0.00484678 0.00246081 0.001009 0.00196346 0.000161415 0.00022737 3.88068e-05 6.21755e-05
threshold=1.0000000180025095e-35 1.5550000000000004 0.21500000000000002 228.72500000000005 0.9850000000000001 2699.9150000000004 1.5000000000000002 261.59000000000009 4770.380000000001 1.5000000000000002 2.5000000000000004 1.1850000000000003 3.7009500000000002 105.48500000000001 12.495000000000003 1.0000000180025095e-35 38.500000000000007 2.1055500000000005 13.855000000000002 1.5000000000000002 1.0000000180025095e-35 27.255000000000006 34.379650000000005 8.8550000000000022 1.8250000000000004 11.645000000000001 1.9750000000000003 21.500000000000004 1.5000000000000002 0.76500000000000012
decision_type=2 2 2 2 2 2 2 2 2 2 2 2 2 2 2 2 2 2 2 2 2 2 2 2 2 2 2 2 2 2
left_child=1 3 12 -1 14 18 7 -2 17 10 -10 -7 13 21 20 -8 -16 22 -6 -17 -5 -3 -9 -11 25 -4 27 -26 29 -21
right_child=6 2 24 4 5 11 15 8 9 23 -12 -13 -14 -15 16 19 -18 -19 -20 28 -22 -23 -24 -25 26 -27 -28 -29 -30 -31
leaf_value=0.05233021521302042 0.052263320170009453 -0.051968802829895556 -0.050456142935745102 -0.064239524289152486 -0.051978424442962717 0.055250399262448215 0.049847336591277921 -0.050923415692227941 0.031521990473511417 -0.057795530616606389 0.052654513728476897 0.03603222819480191 0.052186579814199878 0.052257923080270025 -0.070624638738257778 0.051489176714465679 -0.054487903477233104 -0.06673424417779715 -0.061373181225893081 0.052218954062287992 -0.051381631107101339 -0.061093400934221692 -0.060301050404787643 -0.050517166792455159 -0.050462131579980508 -0.055982187026281438 -0.050047613290793803 -0.053110503338792962 0.052208710935570474 0.052153061656760917
leaf_weight=87.147330842912197 114.77182472718414 0.69097563042305654 0.6788329184637395 0.17828857724089431 4.1396685944055198 63.711544896708801 83.143946300493553 2.5097326933755535 18.045000555634033 0.12336071184836273 24.494571934919804 14.093288619711528 14.457247642567379 3.5617232322692871 10.133009087876415 70.154029469238594 1.4888470208970819 1.956497141625732 0.65560339362127695 63.042465209960938 10.841477499401661 0.41707096167374402 0.14579044119454909 1.9817791140521874 0.70598077005706628 0.21061659354018047 39.117515011632349 0.091552853700704873 1319.5501158500556 82.848143457435071
leaf_count=23 36 217 151 3 298 58 34 536 58 4 7 107 6 1 117 23 36 27 16 18 1208 18 5 545 167 10 43355 9 379 28
internal_value=0.0479324 0.022997 -0.0194398 0.0362165 0.0228733 0.0456717 0.0514616 0.0456172 0.0301311 0.039228 0.0436902 0.0517693 0.0459671 0.026712 -0.0602991 0.0520538 -0.0685574 -0.0579271 -0.0532629 0.0521733 -0.0515897 -0.0554033 -0.0514383 -0.0509437 -0.0500991 -0.0517647 -0.050062 -0.0507662 0.052206 0.0521815
internal_weight=2035.09 252.321 59.9315 192.389 105.242 82.6001 1782.77 164.029 49.2567 44.6447 42.5396 77.8048 19.127 4.66977 22.6416 1618.74 11.6219 4.61202 4.79527 1535.59 11.0198 1.10805 2.65552 2.10514 40.8045 0.88945 39.915 0.797534 1465.44 145.891
internal_count=47500 45800 43934 1866 1843 479 1700 1218 1182 614 65 165 242 236 1364 482 153 568 314 448 1211 235 541 549 43692 161 43531 176 425 46
is_linear=0
shrinkage=0.05


Tree=52
num_leaves=31
num_cat=0
split_feature=45 46 40 0 46 25 33 8 45 22 25 40 46 29 8 33 31 26 33 46 16 0 40 32 8 8 33 28 46 40
split_gain=68.4835 53.7585 53.1715 14.4275 78.0708 5.10923 5.0294 8.60873 2.45024 6.66284 14.8464 9.12961 2.88968 0.873606 0.561566 0.433232 0.180668 0.10954 0.0894642 0.0233662 0.0161195 0.029604 0.0153812 0.0144642 0.00816884 0.00710247 0.00638533 0.00306618 0.000864122 0.0016196
threshold=1.0000000180025095e-35 1.2650000000000003 1.4350000000000003 228.72500000000005 0.9850000000000001 65.235000000000014 1.65805 125.61500000000002 1.5000000000000002 261.59000000000009 45.995000000000012 0.76500000000000012 0.13500000000000004 0.18125000000000002 12.495000000000003 5.4989500000000016 1.0000000180025095e-35 34.500000000000007 2.0009500000000005 1.5550000000000004 11.630700000000003 10278.095000000003 13.855000000000002 1.5000000000000002 12.115 27.255000000000006 3.6353000000000004 5841.2050000000008 1.8250000000000004 11.645000000000001
decision_type=2 2 2 2 2 2 2 2 2 2 2 2 2 2 2 2 2 2 2 2 2 2 2 2 2 2 2 2 2 2
left_child=1 3 5 -1 14 25 7 -6 9 -2 15 12 -12 -8 24 18 -10 -16 -11 22 21 -7 26 -18 -5 -3 -4 -13 29 -21
right_child=8 2 19 4 6 20 13 -9 16 10 11 27 -14 -15 17 -17 23 -19 -20 28 -22 -23 -24 -25 -26 -27 -28 -29 -30 -31
leaf_value=0.05215507069546263 0.052161249663049081 -0.051927405107590807 -0.051934481089520826 -0.051209078707450284 -0.052995628123651661 0.046045428805567432 0.048662399516895473 0.053140714695623453 0.049610953856395662 -0.052634849466666217 0.013215006160992049 -0.050952245788345986 0.049474423897024916 0.060814511837682474 -0.069877862830738435 -0.12333558406523515 0.051341003291535285 -0.056676839897842071 -0.068918176999244685 -0.050434020878184639 0.052175887882139588 0.052388874433406556 -0.06370182024265196 0.052093491649559724 -0.057849633399283396 -0.059980930884727439 -0.059777313824550316 -0.058879656259809766 -0.050059170802666267 -0.055513169413825003
leaf_weight=83.168472058139741 109.39753127098083 0.78247586393263435 1.4984128956566558 10.0071347032208 3.177677529398351 3.6101365219219614 42.420139235211536 4.7910318374633789 79.45172496070154 1.5793180650798602 6.5345015386119476 2.5648078474332574 34.532459103036672 22.705570238642395 9.2485625408589822 0.30726112038246345 66.920327454805374 1.8930898298858654 1.810599283169722 0.64600194408558209 13.769305706024168 3.749476432800293 0.44133482803590585 1396.905043508159 0.48559053987264711 0.42109192366478965 0.31388957891613234 0.1280665099620818 38.009018303186167 0.20732249232241884
leaf_count=23 32 216 126 1203 259 74 57 1 37 314 61 667 62 9 101 6 23 36 30 151 4 1 4 425 5 28 4 1 43529 11
internal_value=0.0477898 0.0228657 -0.016648 0.0369586 0.0236167 0.0454583 0.0483113 0.0108168 0.0513279 0.0453739 0.0297279 0.0378567 0.0437049 0.0528991 -0.0598174 -0.0664849 0.0519331 -0.0676349 -0.061332 -0.0503815 0.0511662 0.0492772 -0.0553313 0.0520591 -0.0515164 -0.0547451 -0.0532929 -0.0513293 -0.0500945 -0.051668
internal_weight=1941.48 241.346 63.4485 177.897 94.7288 22.3325 73.0944 7.96871 1700.13 156.855 47.457 43.7598 41.067 65.1257 21.6344 3.69718 1543.28 11.1417 3.38992 41.116 21.1289 7.35961 2.25364 1463.83 10.4927 1.20357 1.8123 2.69287 38.8623 0.853324
internal_count=47500 45842 44148 1694 1671 323 326 260 1658 1173 1141 791 123 66 1345 350 485 137 344 43825 79 75 134 448 1208 244 130 668 43691 162
is_linear=0
shrinkage=0.05


Tree=53
num_leaves=31
num_cat=0
split_feature=37 46 40 0 46 33 8 45 22 10 15 15 16 0 29 8 31 26 33 33 46 32 40 8 8 33 16 46 40 46
split_gain=65.4307 50.5644 50.4583 13.9321 73.7429 4.6798 8.16612 2.44108 6.53912 14.2718 6.75053 2.30378 1.11158 4.2388 0.806192 0.474462 0.189308 0.0975011 0.0798296 0.0781008 0.0200918 0.01521 0.0129907 0.00698217 0.0062944 0.00545101 0.0047499 0.000748112 0.00143991 0.000120611
threshold=1.0000000180025095e-35 1.2650000000000003 1.4350000000000003 228.72500000000005 0.9850000000000001 1.65805 125.61500000000002 1.5000000000000002 261.59000000000009 4770.380000000001 0.83670000000000011 1.1605500000000004 2.0201500000000006 10278.095000000003 0.18125000000000002 12.495000000000003 1.0000000180025095e-35 38.500000000000007 2.0009500000000005 2.1055500000000005 1.5550000000000004 1.5000000000000002 13.855000000000002 12.115 27.255000000000006 3.6353000000000004 34.379650000000005 1.8250000000000004 11.645000000000001 1.9750000000000003
decision_type=2 2 2 2 2 2 2 2 2 2 2 2 2 2 2 2 2 2 2 2 2 2 2 2 2 2 2 2 2 2
left_child=1 3 12 -1 15 6 -6 8 -2 19 18 -12 13 24 -7 23 -9 -17 -11 26 22 -18 25 -5 -3 -4 -10 28 -22 -29
right_child=7 2 20 4 5 14 -8 16 9 10 11 -13 -14 -15 -16 17 21 -19 -20 -21 27 -23 -24 -25 -26 -27 -28 29 -30 -31
leaf_value=0.051986145720365744 0.052035550992007518 -0.051589923168769251 -0.051842914565265213 -0.051153504139448615 -0.052879342145722652 0.048179552641312816 0.05297817220613929 0.049386897859285891 -0.050866539597345328 -0.052141226052467939 0.015146164593070133 0.047907275223061825 0.051465912041666201 0.052120735343870045 0.060082893306953572 -0.06834900694076694 0.051196787497999663 -0.054031921250040721 -0.07859459294326411 -0.065020963968356646 -0.050412965549802229 0.051986895504320889 -0.062888441760266797 -0.057426579684078063 -0.059058717217462933 -0.059244882427230194 -0.060207530319987684 -0.050695378921977223 -0.055366734622332991 -0.05004305779236632
leaf_weight=79.36289217043668 104.29236255772412 0.85314702225150785 1.4277884092880406 9.5329316706047393 3.0291803046711712 40.743886642274447 4.5709996223449707 75.915995348710567 2.3362241072463799 1.3986179378698569 6.3984511080197981 33.261460991634522 16.473035484552383 3.5798331666737795 21.854544055648148 9.4686013134196383 63.831390428822488 1.3599573199753638 0.35824556974694122 1.8327948809310326 0.61474622786044975 1331.4329796510283 0.42510213470086444 0.46522457525134164 0.4214450228610076 0.30119626596570004 0.14451216103043396 0.72309470758773287 0.19266476813936606 35.357620658585802
leaf_count=23 36 253 126 1206 259 58 1 34 536 263 164 174 7 3 9 117 23 36 13 27 151 425 4 5 34 4 5 176 10 43318
internal_value=0.0476532 0.0227425 -0.0165785 0.0366742 0.023324 0.047837 0.0107869 0.0511989 0.0451232 0.0293589 0.0383732 0.0426218 0.0452693 0.0242417 0.0523353 -0.0592993 0.0518184 -0.0665509 -0.0575354 -0.0571936 -0.0503639 0.0519507 -0.0550577 -0.0514454 -0.0540595 -0.0531324 -0.0514107 -0.0500898 -0.051595 -0.0500561
internal_weight=1851.96 230.758 60.3697 170.388 91.0253 70.1986 7.60018 1621.2 150.023 45.7303 41.4168 39.6599 21.3275 4.85443 62.5984 20.8267 1471.18 10.8286 1.75686 4.31353 39.0422 1395.26 2.15409 9.99816 1.27459 1.72898 2.48074 36.8881 0.807411 36.0807
internal_count=47500 45800 44086 1714 1691 327 260 1700 1218 1182 614 338 297 290 67 1364 482 153 276 568 43789 448 134 1211 287 130 541 43655 161 43494
is_linear=0
shrinkage=0.05


Tree=54
num_leaves=31
num_cat=0
split_feature=37 46 40 0 46 0 8 45 22 25 40 46 16 0 29 8 33 31 27 33 46 32 40 8 8 33 28 46 40 46
split_gain=62.5026 47.7569 47.9393 13.3853 69.4846 4.4238 7.7448 2.43791 6.45481 13.4215 8.59445 2.95045 1.05302 4.0203 0.837036 0.405404 0.381055 0.199341 0.0851486 0.0641415 0.017278 0.0160001 0.0109825 0.00596861 0.00538273 0.00465514 0.00301438 0.000644023 0.0012333 0.000104306
threshold=1.0000000180025095e-35 1.2650000000000003 1.4350000000000003 228.72500000000005 0.9850000000000001 2772.5200000000009 125.61500000000002 1.5000000000000002 261.59000000000009 45.995000000000012 0.76500000000000012 0.13500000000000004 2.0201500000000006 10278.095000000003 0.18125000000000002 12.495000000000003 5.4989500000000016 1.0000000180025095e-35 1287.4700000000003 2.0009500000000005 1.5550000000000004 1.5000000000000002 13.855000000000002 12.115 27.255000000000006 3.6353000000000004 5841.2050000000008 1.8250000000000004 11.645000000000001 1.9750000000000003
decision_type=2 2 2 2 2 2 2 2 2 2 2 2 2 2 2 2 2 2 2 2 2 2 2 2 2 2 2 2 2 2
left_child=1 3 12 -1 15 6 -6 8 -2 16 11 -11 13 24 -7 23 19 -9 -17 -10 22 -19 25 -5 -3 -4 -12 28 -22 -29
right_child=7 2 20 4 5 14 -8 17 9 10 26 -13 -14 -15 -16 18 -18 21 -20 -21 27 -23 -24 -25 -26 -27 -28 29 -30 -31
leaf_value=0.051822923501058528 0.051929897641223272 -0.051515187193181988 -0.051755569835731076 -0.051100950628716703 -0.052286430983414858 0.047510580940888919 0.052824504522868479 0.049156335112001057 -0.052606540382575208 0.011614114400365938 -0.050885358343670674 0.049189886417211712 0.051304249447745656 0.051990502033573784 0.059893793055430883 -0.074826330684116635 -0.11883520831554184 0.051056090927514265 -0.063423475715157038 -0.066830811249869976 -0.050392927149049666 0.051885875815466588 -0.062131144794726582 -0.057028362722108733 -0.058576237692039484 -0.058744125760914069 -0.058782756167702822 -0.050662753909353389 -0.055084481445810768 -0.050040959736818505
leaf_weight=75.7241031229496 99.402707829372957 0.81268621896743087 1.36038861592533 9.0770958818029612 2.9301328132860354 39.203172305773478 4.3603982925415039 72.543756141327322 1.4974494967609642 6.2514615780673912 2.4536424176767464 31.788985419727396 15.717775046825407 3.4135578952264041 20.933027083985507 2.0331363149452946 0.30278454211656924 60.881414370145649 8.4058769012044632 1.6835882484156171 0.58499136997852375 1268.9017814851832 0.40917298290878523 0.4455471411347397 0.40410928142955527 0.28888711240142573 0.12708695232868183 0.68826073460513626 0.18418370134895667 33.63458457699744
leaf_count=23 36 253 126 1206 211 107 1 34 324 61 692 69 7 3 8 24 6 23 129 29 151 425 4 5 34 4 1 176 10 43318
internal_value=0.0475204 0.022624 -0.0165583 0.0364361 0.023103 0.0473618 0.0105794 0.0510734 0.0448664 0.0289469 0.0370245 0.0430148 0.0451307 0.0241743 0.0518211 -0.0588388 -0.0652366 0.0517086 -0.0656443 -0.0601348 -0.0503466 0.0518479 -0.0547988 -0.0513783 -0.0538602 -0.0529797 -0.0512743 -0.0500855 -0.0515163 -0.0500534
internal_weight=1766.45 220.611 57.4986 163.112 87.3884 67.4267 7.29053 1545.83 143.508 44.105 40.6212 38.0404 20.3481 4.63035 60.1362 19.9617 3.48382 1402.33 10.439 3.18104 37.1505 1329.78 2.05845 9.52264 1.2168 1.64928 2.58073 35.092 0.769175 34.3228
internal_count=47500 45800 44086 1714 1691 327 212 1700 1218 1182 823 130 297 290 115 1364 359 482 153 353 43789 448 134 1211 287 130 693 43655 161 43494
is_linear=0
shrinkage=0.05


Tree=55
num_leaves=31
num_cat=0
split_feature=37 46 40 0 46 33 8 45 22 10 25 32 16 0 29 8 25 31 27 33 32 46 40 8 16 8 33 46 40 46
split_gain=59.7196 45.1079 45.5469 12.8612 65.4787 4.2915 7.51202 2.42819 6.35808 12.9126 6.15458 6.13328 0.997255 3.81348 0.679124 0.346949 0.343835 0.209882 0.0720993 0.0581738 0.0168368 0.0148589 0.0092934 0.00510379 0.00464485 0.00460402 0.0039769 0.000554409 0.00105659 9.01864e-05
threshold=1.0000000180025095e-35 1.2650000000000003 1.4350000000000003 228.72500000000005 0.9850000000000001 1.65805 125.61500000000002 1.5000000000000002 261.59000000000009 4770.380000000001 45.995000000000012 5.5000000000000009 2.0201500000000006 10278.095000000003 0.18125000000000002 12.495000000000003 45.445000000000007 1.0000000180025095e-35 1287.4700000000003 2.1055500000000005 1.5000000000000002 1.5550000000000004 13.855000000000002 12.115 34.379650000000005 27.255000000000006 3.6353000000000004 1.8250000000000004 11.645000000000001 1.9750000000000003
decision_type=2 2 2 2 2 2 2 2 2 2 2 2 2 2 2 2 2 2 2 2 2 2 2 2 2 2 2 2 2 2
left_child=1 3 12 -1 15 6 -6 8 -2 19 16 -12 13 25 -7 23 -11 -9 -17 24 -19 22 26 -5 -10 -3 -4 28 -23 -29
right_child=7 2 21 4 5 14 -8 17 9 10 11 -13 -14 -15 -16 18 -18 20 -20 -21 -22 27 -24 -25 -26 -27 -28 29 -30 -31
leaf_value=0.05166490834650015 0.051829541267936687 -0.051443830590679113 -0.051672262168914462 -0.051050686881738278 -0.052867983192481961 0.047389495832189342 0.052679167940768393 0.048924778029349233 -0.050816201832107583 -0.062176715447479783 0.045334036517621176 -0.053826845735230777 0.051142599214122654 0.051864814289795114 0.058756237323737075 -0.07337504359166272 -0.12970836121840304 0.050918494588516099 -0.062710436080322687 -0.063536922092235562 0.051790116555270195 -0.050373856840205927 -0.061425208622816342 -0.056653308441833854 -0.060111195574890912 -0.058121032790814688 -0.058272893521030024 -0.050631604037520289 -0.054818063456095578 -0.050038962166375614
leaf_weight=72.245754297822714 94.733243287191726 0.77409629680915049 1.2960753600345913 8.6426877799676731 2.8349127437104462 37.564943120698445 4.1588931083679199 69.324177707545459 2.1773673869902264 0.92249103228095808 35.693130435131025 1.6306201827828761 14.997285041958092 3.2547473077429458 20.210546654649079 1.9712545526854217 0.23688520491123199 58.064756967592984 8.0845257188484521 1.7134537191304842 1209.1921114886645 0.55666635860688884 0.39357674261555065 0.42655222490429956 0.14324688905617211 0.38733496906934306 0.27696377411484707 0.65508649946423148 0.17603090073680505 31.995451753493398
leaf_count=23 36 253 126 1206 259 58 1 34 536 126 297 190 7 3 9 24 1 23 129 27 425 151 4 5 5 34 4 176 10 43318
internal_value=0.0473922 0.0225068 -0.0165383 0.0362012 0.0228846 0.0468878 0.00989603 0.0509533 0.04462 0.0285563 0.0374777 0.0410018 0.0449931 0.0241095 0.0513657 -0.0584055 -0.0759749 0.0516036 -0.064801 -0.0565493 0.0517502 -0.0503302 -0.0545537 -0.0513142 -0.05139 -0.0536707 -0.0528344 -0.0500814 -0.0514416 -0.0500509
internal_weight=1684.73 210.903 54.7633 156.14 83.8943 64.7693 6.99381 1473.83 137.25 42.5172 38.4831 37.3238 19.4135 4.41618 57.7755 19.125 1.15938 1336.58 10.0558 4.03407 1267.26 35.3499 1.96662 9.06924 2.32061 1.16143 1.57304 33.3832 0.732697 32.6505
internal_count=47500 45800 44086 1714 1691 327 260 1700 1218 1182 614 487 297 290 67 1364 127 482 153 568 448 43789 134 1211 541 287 130 43655 161 43494
is_linear=0
shrinkage=0.05


Tree=56
num_leaves=31
num_cat=0
split_feature=37 46 40 0 46 40 9 45 22 10 15 15 8 16 8 31 27 33 33 40 32 8 16 8 46 40 31 40 33 46
split_gain=57.0823 42.6125 37.2442 13.4708 59.3596 16.8198 2.43919 2.40159 6.23022 12.1504 5.92063 2.30485 0.766586 3.1652 0.297015 0.220953 0.0611036 0.0509294 0.0493136 0.0197052 0.0177228 0.00436558 0.00394533 0.00389478 0.000477394 0.000974788 5.34151e-05 6.77631e-05 3.0388e-05 4.35787e-06
threshold=1.0000000180025095e-35 1.5550000000000004 0.21500000000000002 228.72500000000005 0.9850000000000001 1.4350000000000003 1.0000000180025095e-35 1.5000000000000002 261.59000000000009 4770.380000000001 0.83670000000000011 1.1605500000000004 73.895000000000024 34.379650000000005 12.495000000000003 1.0000000180025095e-35 1287.4700000000003 2.0009500000000005 2.1055500000000005 17.865000000000006 1.5000000000000002 12.115 34.379650000000005 27.255000000000006 1.9750000000000003 11.645000000000001 1.5000000000000002 0.76500000000000012 3.1867500000000004 2.1150000000000007
decision_type=2 2 2 2 2 2 2 2 2 2 2 2 2 2 2 2 2 2 2 2 2 2 2 2 2 2 2 2 2 2
left_child=1 3 12 -1 14 6 -6 8 -2 18 17 -12 13 23 21 -9 -16 -11 22 -7 -17 -5 -10 -3 25 28 27 -22 -4 -26
right_child=7 2 24 4 5 19 -8 15 9 10 11 -13 -14 -15 16 20 -18 -19 -20 -21 26 -23 -24 -25 29 -27 -28 -29 -30 -31
leaf_value=0.051511627880094182 0.051734159253240986 -0.05172067959056699 -0.050236209950318425 -0.051002618718812821 0.053850509041292877 -0.053241236175863293 0.025666154027435568 0.048691662709289624 -0.050780077657320372 -0.052053149110149188 0.012854588403903812 0.046995894800451257 0.051720806085308636 0.051788800700783955 -0.072021177681339962 0.050783589624998238 -0.062038322919148105 -0.074009431065352321 -0.062748173277251629 -0.064873470127298119 0.051710999027604336 -0.056299884920078716 -0.059523943763177101 -0.058442277532935183 -0.050203291683233911 -0.053839363640546381 0.051702901544510807 0.051633421934047047 -0.050944318916542441 -0.050034934089761555
leaf_weight=68.921635218895972 90.274998135515489 0.59728507991530877 0.8917630531941565 8.2287318569724448 54.387550557265058 3.7170131444581775 8.9381918478757125 66.251005804399028 2.0726122296182439 1.2840916516724963 5.9382823946070848 29.505197088292334 11.334371041040866 2.8730640411376953 1.9094646135927158 55.37594478414394 7.7714392129564658 0.33250322204548854 1.6498540977190712 0.40361188980750728 49.569905281066895 0.40823162719607431 0.13757081941002969 0.33717761706793681 0.38934410928050311 0.24711305258097116 1037.4778198890854 65.140448114601895 0.18252008408308029 30.082402159809135
leaf_count=23 36 219 306 1206 32 268 167 34 536 263 164 174 5 1 24 23 129 13 27 12 18 5 5 17 174 19 379 28 12 43181
internal_value=0.0472695 0.0223904 -0.0193395 0.0350521 0.021825 0.0435031 0.0498724 0.0508397 0.0443984 0.0282146 0.0370077 0.0412758 0.0452003 0.0257897 -0.0579936 0.0515031 -0.0640073 -0.0565691 -0.0562071 -0.0543806 0.0516573 -0.051253 -0.0513243 -0.054146 -0.0500774 -0.0510078 0.0516993 0.0516669 -0.0503565 -0.0500371
internal_weight=1606.63 201.621 46.935 154.686 85.7642 67.4464 63.3257 1405.01 131.195 40.9201 37.0601 35.4435 15.1419 3.80753 18.3179 1273.82 9.6809 1.61659 3.86004 4.12063 1207.56 8.63696 2.21018 0.934463 31.7931 1.3214 1152.19 114.71 1.07428 30.4717
internal_count=47500 45800 43934 1866 1843 479 199 1700 1218 1182 614 338 242 237 1364 482 153 276 568 280 448 1211 541 236 43692 337 425 46 318 43355
is_linear=0
shrinkage=0.05


Tree=57
num_leaves=31
num_cat=0
split_feature=45 46 40 0 46 25 0 8 45 22 40 10 9 11 8 31 27 33 32 2 16 0 46 40 8 28 8 33 46 40
split_gain=54.5841 40.4695 41.1303 11.8164 58.0322 4.04815 4.03032 7.03481 2.39561 6.17622 11.6181 6.93864 10.9291 0.821565 0.256698 0.233564 0.051299 0.0436535 0.0186606 0.0170242 0.016148 0.0278939 0.0110478 0.00667587 0.0050275 0.00328997 0.00314791 0.00294725 0.000409639 0.000815165
threshold=1.0000000180025095e-35 1.2650000000000003 1.4350000000000003 228.72500000000005 0.9850000000000001 65.235000000000014 2772.5200000000009 125.61500000000002 1.5000000000000002 261.59000000000009 0.76500000000000012 5471.255000000001 2.5000000000000004 2164.7750000000001 12.495000000000003 1.0000000180025095e-35 1287.4700000000003 2.0009500000000005 1.5000000000000002 17.500000000000004 11.630700000000003 10278.095000000003 1.5550000000000004 13.855000000000002 1.0000000180025095e-35 5841.2050000000008 27.255000000000006 3.6353000000000004 1.9750000000000003 11.645000000000001
decision_type=2 2 2 2 2 2 2 2 2 2 2 2 2 2 2 2 2 2 2 2 2 2 2 2 2 2 2 2 2 2
left_child=1 3 5 -1 14 26 7 -6 9 -2 11 12 -11 -8 24 -10 -16 25 -17 -19 21 -7 23 27 -5 -12 -3 -4 29 -24
right_child=8 2 22 4 6 20 13 -9 15 10 17 -13 -14 -15 16 18 -18 19 -20 -21 -22 -23 28 -25 -26 -27 -28 -29 -30 -31
leaf_value=0.051362628124471843 0.051666983636167667 -0.051592669258338442 -0.051514690327232604 -0.060368063335577975 -0.052228352141582959 0.044917780074866624 0.053649806089864298 0.052477285405632006 0.048449958860787276 -0.087750049296682953 -0.050942231362329893 0.046270494996292211 0.051847891460772393 0.038174600922003733 -0.070797636551427109 0.050650981616500106 -0.061478729548982564 -0.056998940813766164 0.05161321038576764 -0.069847981435289794 0.051681379229591151 0.051837866505945622 -0.050339072795303724 -0.060156116388665686 -0.051028475771632047 -0.05908239442975971 -0.057518688153451139 -0.057443616801073544 -0.050035538784419277 -0.053568380586242484
leaf_weight=65.745690406300128 85.999412536621094 0.64353008620674046 1.1743550994433452 0.14670896850293758 2.7373451219755216 2.8793369121558525 42.448075459164102 3.8751451969146729 63.322342395316809 2.6628345960634752 2.7066726017801557 30.004987841355614 2.9612088203430176 10.748101327510083 1.8443111538072097 52.809674737975001 7.4109222700353712 0.52340830906177849 1097.7777001699433 0.50797908223466948 10.84453511238098 2.9462919235229492 1.0270660959067779 0.36416727257892478 8.0749460093211365 0.13009303808212269 0.34382897010073066 0.25514662032946933 29.027345513459295 0.24133796215755854
leaf_count=23 32 216 126 3 211 74 46 1 37 188 854 34 1 68 22 23 115 48 425 15 4 1 318 4 1205 1 28 4 43353 20
internal_value=0.0471461 0.0222705 -0.0165747 0.035781 0.0225259 0.0447144 0.0459469 0.00913273 0.0507264 0.0441499 0.0277825 0.0367176 -0.014248 0.0505231 -0.0576244 0.0514063 -0.0633357 -0.0545183 0.051569 -0.0633274 0.0505408 0.0484176 -0.0502997 -0.0541125 -0.0511951 -0.0513155 -0.0536563 -0.0525729 -0.050074 -0.0509535
internal_weight=1532.18 192.778 49.7469 143.031 77.2856 17.6575 59.8087 6.61249 1339.41 125.497 39.4972 35.629 5.62404 53.1962 17.4769 1213.91 9.25523 3.86815 1150.59 1.03139 16.6702 5.82563 32.0894 1.79367 8.22165 2.83677 0.987359 1.4295 30.2957 1.2684
internal_count=47500 45842 44148 1694 1671 323 326 212 1658 1173 1141 223 189 114 1345 485 137 918 448 63 79 75 43825 134 1208 855 244 130 43691 338
is_linear=0
shrinkage=0.05


Tree=58
num_leaves=31
num_cat=0
split_feature=45 46 40 0 46 33 8 8 45 22 40 10 9 29 31 8 27 33 32 2 46 40 8 28 33 8 46 40 16 37
split_gain=52.194 38.2412 39.0699 11.3471 54.7178 3.90086 6.80832 3.89155 2.33547 5.9908 10.9654 6.48582 10.4916 0.556031 0.245867 0.219831 0.0435359 0.0374289 0.0196532 0.0143342 0.00950173 0.00566281 0.00427085 0.00279494 0.00252031 0.00156997 0.000353119 0.000700676 0.00032831 6.48712e-05
threshold=1.0000000180025095e-35 1.2650000000000003 1.4350000000000003 228.72500000000005 0.9850000000000001 1.65805 125.61500000000002 40.715000000000011 1.5000000000000002 261.59000000000009 0.76500000000000012 5471.255000000001 2.5000000000000004 0.18125000000000002 1.0000000180025095e-35 12.495000000000003 1287.4700000000003 2.0009500000000005 1.5000000000000002 17.500000000000004 1.5550000000000004 13.855000000000002 1.0000000180025095e-35 5841.2050000000008 3.6353000000000004 27.255000000000006 1.9750000000000003 11.645000000000001 0.26835000000000003 2.5000000000000004
decision_type=2 2 2 2 2 2 2 2 2 2 2 2 2 2 2 2 2 2 2 2 2 2 2 2 2 2 2 2 2 2
left_child=1 3 7 -1 15 6 -6 25 9 -2 11 12 -11 -7 -10 22 -17 23 -16 -19 21 24 -5 -12 -4 28 27 -22 -3 -20
right_child=8 2 20 4 5 13 -8 -9 14 10 17 -13 -14 -15 18 16 -18 19 29 -21 26 -23 -24 -25 -26 -27 -28 -29 -30 -31
leaf_value=0.051217475179208105 0.051583048008190836 -0.050659606529914816 -0.051442562145387422 -0.059764295334141883 -0.052729181451678445 0.046236261611826493 0.052350631742221959 0.05050156322305837 0.04821147677066865 -0.088893809500321025 -0.050900348308653712 0.045730609324395259 0.051754522191978271 0.057146749599649251 0.05052028443119605 -0.069610837586278479 -0.060874873716902506 -0.056657915398498994 0.051485048415425019 -0.068679075442716495 -0.050322618918081742 -0.059580034729316625 -0.050980687872174281 -0.058561322900174434 -0.057047843101701426 -0.056177624314766895 -0.050033806595867862 -0.053388196289394445 -0.053006381401928718 0.051534857545689816
leaf_weight=62.712020327337086 81.934924602508545 0.56736933087813923 1.1186078912578548 0.14092789730057376 2.6449779385584398 33.028029986890033 3.6948447227478027 15.882258818135595 60.524577116128057 2.5011771970312102 2.5767318229773082 28.870156976743601 2.8217422962188721 18.064443875104189 50.360812675207853 1.7835109363950303 7.1176418630057015 0.50080239889211942 70.062886932399124 0.49121905802167021 0.97728688229108474 0.34967097418848414 7.6881448677158915 0.12482145428657521 0.24434408452361811 0.20739475719165057 27.612597020459361 0.23032298183534294 0.20212557166814804 975.7891743183136
leaf_count=23 32 269 126 3 259 57 1 28 37 188 854 34 1 9 23 22 115 48 33 15 318 4 1205 1 4 22 43353 20 4 392
internal_value=0.0470347 0.0221589 -0.016551 0.0355619 0.0223235 0.0455036 0.00851127 0.0445438 0.0506255 0.0439806 0.0275393 0.0363801 -0.0143345 0.0500938 0.0513138 -0.0572501 -0.0626253 -0.0543043 0.0514851 -0.0626104 -0.0502854 -0.0539037 -0.0511388 -0.0512543 -0.0524475 -0.0523167 -0.0500704 -0.0509073 -0.051276 0.0515315
internal_weight=1460.83 184.267 47.392 136.875 74.1625 57.4323 6.33982 16.8591 1276.56 119.822 37.8867 34.1931 5.32292 51.0925 1156.74 16.7302 8.90115 3.69357 1096.21 0.992021 30.5328 1.71262 7.82907 2.70155 1.36295 0.97689 28.8202 1.20761 0.769495 1045.85
internal_count=47500 45842 44148 1694 1671 326 260 323 1658 1173 1141 223 189 66 485 1345 137 918 448 63 43825 134 1208 855 130 295 43691 338 273 425
is_linear=0
shrinkage=0.05


Tree=59
num_leaves=31
num_cat=0
split_feature=45 46 40 0 46 0 8 25 31 15 41 46 16 18 8 15 11 26 37 11 12 8 22 0 27 32 16 0 33 46
split_gain=49.9391 36.1239 37.1163 10.9095 51.5709 3.71552 6.4796 3.6948 2.30308 5.15319 14.4491 25.7833 4.03878 1.73229 1.86975 1.12071 0.876747 0.491457 0.34182 3.8231 5.36118 0.188308 0.0564211 0.176539 0.0369723 0.0192672 0.0180079 0.0302661 0.0169386 0.00817234
threshold=1.0000000180025095e-35 1.2650000000000003 1.4350000000000003 228.72500000000005 0.9850000000000001 2772.5200000000009 125.61500000000002 65.235000000000014 1.0000000180025095e-35 0.83670000000000011 1.5000000000000002 1.0950000000000004 -1.1235499999999996 0.27920000000000006 0.065000000000000016 0.99990000000000012 2164.7750000000001 13.500000000000002 1.5000000000000002 1609.9150000000002 4323.6900000000014 12.495000000000003 261.59000000000009 4165.4600000000009 1287.4700000000003 1.5000000000000002 11.630700000000003 10278.095000000003 2.0009500000000005 1.5550000000000004
decision_type=2 2 2 2 2 2 2 2 2 2 2 2 2 2 2 2 2 2 2 2 2 2 2 2 2 2 2 2 2 2
left_child=1 3 7 -1 21 6 -6 -3 9 10 12 -12 -2 15 -15 -11 -7 -17 19 22 -21 -5 -10 -24 -23 -20 27 -9 -14 -4
right_child=8 2 29 4 5 16 -8 26 18 13 11 -13 28 14 -16 17 -18 -19 25 20 -22 24 23 -25 -26 -27 -28 -29 -30 -31
leaf_value=0.051075745445345488 0.051599795400980253 -0.05347757373626949 -0.053705911845152846 -0.051085053420646412 -0.052200861165157868 0.052994318408392152 0.052230739465292587 0.044122795004512438 0.051501847901453991 0.023345551572126901 -1.0457135266201802 -0.050239138145052264 -0.051934396043471089 0.051589490637372615 -0.0050078551011845359 0.050505754609197699 0.03645328425931512 0.040728145043427554 0.050428471321218415 -0.054749002970260634 0.051342700561513299 -0.068500301169392541 0.037584206958586469 0.052002724622341158 -0.060305045639112813 0.051453998206731411 0.051518060737092732 0.051659089504933621 -0.063572206568295417 -0.050067009567144466
leaf_weight=59.814891161397099 2.5883572101593018 0.90992728676065127 1.634937922295651 7.4548770660767358 2.5683167877723454 39.019983140693512 3.5225088596343994 2.6509424961986943 58.494627952575684 4.6052213112125164 0.091056037694215664 0.227710177161498 0.75231257569976084 2.5727083683013907 3.371710465697106 68.630792044714326 10.080670248309614 15.812746146752032 48.006699248682708 2.1171695924713267 2.7214976187096909 1.7233318059879801 3.1196531382156518 6.6447653187788092 6.8328633749042638 996.30626680422574 9.8533215522766096 2.6781268119812012 0.5350167048163712 27.41644101269776
leaf_count=23 1 244 134 1208 211 46 1 74 24 87 2 177 77 1 60 158 68 155 22 282 6 22 166 6 115 425 4 1 9 43691
internal_value=0.0469246 0.0220434 -0.0165291 0.0353341 0.02211 0.0450292 0.00819509 0.0443864 0.0505273 0.0432256 -0.0110105 -0.334598 0.0156038 0.0456204 0.0194871 0.0473649 0.0495983 0.0486748 0.0511755 0.0478701 0.00492204 -0.0568942 0.0509145 0.0473961 -0.0619557 0.0514069 0.0502517 0.0479102 -0.0567711 -0.0502718
internal_weight=1392.76 176.161 45.1437 131.017 71.2026 55.1915 6.09083 16.0923 1216.6 99.1876 4.19445 0.318766 3.87569 94.9932 5.94442 89.0488 49.1007 84.4435 1117.41 73.0977 4.83867 16.0111 68.259 9.76442 8.5562 1044.31 15.1824 5.32907 1.28733 29.0514
internal_count=47500 45842 44148 1694 1671 326 212 323 1658 727 266 179 87 461 61 400 114 313 931 484 288 1345 196 172 137 447 79 75 86 43825
is_linear=0
shrinkage=0.05


Tree=60
num_leaves=31
num_cat=0
split_feature=37 46 40 0 40 46 9 31 15 16 0 18 8 15 8 16 26 37 11 12 8 22 0 6 32 33 34 33 8 8
split_gain=47.7313 34.0104 30.3473 11.4259 46.9959 14.4061 2.45398 2.38924 4.82469 13.761 4.18312 1.73795 1.8044 1.17609 0.693752 2.69429 0.549968 0.338918 3.63195 5.08885 0.129668 0.0677457 0.198074 0.0331576 0.020235 0.017557 0.00601936 0.0036702 0.00324951 0.00234223
threshold=1.0000000180025095e-35 1.5550000000000004 0.21500000000000002 228.72500000000005 1.4350000000000003 0.9850000000000001 1.0000000180025095e-35 1.0000000180025095e-35 0.83670000000000011 -5.2447999999999988 56.430000000000007 0.27920000000000006 0.065000000000000016 0.99990000000000012 73.895000000000024 34.379650000000005 13.500000000000002 1.5000000000000002 1609.9150000000002 4323.6900000000014 12.495000000000003 261.59000000000009 4165.4600000000009 1.5000000000000002 1.5000000000000002 2.0009500000000005 1.5000000000000002 3.1867500000000004 1.0000000180025095e-35 27.255000000000006
decision_type=2 2 2 2 2 2 2 2 2 2 2 2 2 2 2 2 2 2 2 2 2 2 2 2 2 2 2 2 2 2
left_child=1 3 14 -1 5 28 -7 8 9 -2 -11 13 -13 -10 15 29 -15 18 21 26 27 -9 -23 -22 -19 -12 -20 -6 -5 -3
right_child=7 2 -4 4 20 6 -8 17 11 10 25 12 -14 16 -16 -17 -18 24 19 -21 23 22 -24 -25 -26 -27 -28 -29 -30 -31
leaf_value=0.050937034071971615 -0.39012781845546052 -0.05157249745263881 -0.050063696143201587 -0.058745148659034678 -0.051136129276051018 0.052843576901202484 0.022699076391196938 0.051426460504627007 0.022290813685970537 0.051519341450307593 -0.051459882782931135 0.051509565781087431 -0.0048170880915401892 0.050422921802292332 0.051379889890203048 0.051456525870758822 0.039899014762748271 0.050304115526429133 -0.056340111108416115 0.051264203442991402 -0.065817934095934602 0.036370929953600098 0.05187591238808209 -0.05920185567555547 0.051380417239849319 -0.062979829620318104 -0.05046808072528354 -0.054114805920490096 -0.050722238943826714 -0.057128575277155341
leaf_weight=57.048736222088337 0.22509108437225211 0.5257030959182879 26.0424045859545 0.13056810380658079 4.8288864519563495 45.766325971926562 7.9197313034092067 55.721318483352661 4.5465127344650673 2.4658694267272945 0.93840405918308512 2.4509372711181632 3.3861985017138068 65.456978450951283 9.3804962732829136 2.3696978092193604 15.319831789587623 45.77544317021966 1.3895547761931077 2.5935973953455687 2.7125367467815504 3.0520462847780419 6.3357583383331075 6.2737319630687125 949.03878417098895 0.51076105731772259 0.63626724405912671 1.3159753535874186 3.7812267580884509 0.29676280968124047
leaf_count=23 9 219 43692 3 730 32 167 24 90 1 256 1 63 156 5 1 159 22 70 5 32 170 6 142 425 15 228 39 698 17
internal_value=0.0468041 0.0219286 -0.0192655 0.0341859 0.0210462 0.0416468 0.0483967 0.0504157 0.0428311 -0.00995915 0.0118983 0.0452286 0.0188337 0.0470343 0.0445284 0.0243944 0.048427 0.0510947 0.0477249 0.0048837 -0.0573714 0.0507645 0.0468351 -0.0611989 0.0513309 -0.0555201 -0.0544958 -0.051774 -0.05099 -0.0535772
internal_weight=1328.24 168.393 38.6151 129.778 72.729 57.5979 53.6861 1159.84 95.3006 4.14013 3.91503 91.1605 5.83714 85.3233 12.5727 3.19216 80.7768 1064.54 69.7285 4.61942 15.1311 65.1091 9.3878 8.98627 994.814 1.44917 2.02582 6.14486 3.91179 0.822466
internal_count=47500 45800 43934 1866 1843 900 199 1700 750 281 272 469 64 405 242 237 315 950 503 303 943 200 176 174 447 271 298 769 701 236
is_linear=0
shrinkage=0.05


Tree=61
num_leaves=31
num_cat=0
split_feature=45 46 40 0 46 0 25 31 15 16 0 0 29 37 37 8 11 37 11 0 25 8 22 0 27 32 16 0 33 46
split_gain=45.6287 32.2941 33.4431 10.0695 45.8538 9.36027 3.38529 2.49654 4.52547 9.45317 3.95678 1.76924 11.9656 11.8676 0.977332 3.04547 0.709989 0.330305 3.4431 4.82237 0.226009 0.13825 0.0740758 0.205918 0.0271559 0.0212528 0.0205619 0.0335474 0.0146748 0.00610127
threshold=1.0000000180025095e-35 1.2650000000000003 1.4350000000000003 228.72500000000005 0.9850000000000001 2699.9150000000004 65.235000000000014 1.0000000180025095e-35 0.83670000000000011 -5.2447999999999988 56.430000000000007 3029.5900000000006 0.052500000000000012 1.5000000000000002 1.5000000000000002 23.085000000000004 1703.8650000000002 1.5000000000000002 1609.9150000000002 8890.9000000000015 16.795000000000005 12.495000000000003 261.59000000000009 4165.4600000000009 1287.4700000000003 1.5000000000000002 11.630700000000003 10278.095000000003 2.0009500000000005 1.5550000000000004
decision_type=2 2 2 2 2 2 2 2 2 2 2 2 2 2 2 2 2 2 2 2 2 2 2 2 2 2 2 2 2 2
left_child=1 3 6 -1 21 -6 -3 8 9 -2 -11 12 13 -10 15 -13 -7 18 22 -20 -14 -5 -9 -24 -23 -19 27 -8 -12 -4
right_child=7 2 29 4 5 16 26 17 11 10 28 14 20 -15 -16 -17 -18 25 19 -21 -22 24 23 -25 -26 -27 -28 -29 -30 -31
leaf_value=0.050800943531943123 -0.28334340503648447 -0.053142077212059172 -0.053356832927708979 -0.050986127081305503 -0.052103122567079885 0.05261956464172958 0.043195466415433655 0.051354960864127476 -0.050245178574178685 0.051443052580114126 -0.051412155310257772 0.012689646300693453 0.051031500027305103 -0.56772994680585531 0.051337640529275821 0.048387357189378831 0.039086565027252752 0.050180916906275921 -0.054308890975090063 0.05112979525892497 0.030780605199289518 -0.066522334953029671 0.035676578519005311 0.051753115525842552 -0.059244447704884344 0.051310556014721426 0.051369597291739878 0.051494461491264014 -0.06215423246935841 -0.050061002384197063
leaf_weight=54.408160811290145 0.29219788350746956 0.84511015424504776 1.4884350836218825 6.7583700698160083 2.4079386230732771 35.185882112768013 2.4431044284719965 53.075690507888794 0.35568056446208984 2.3489983081817623 0.87930264306487493 7.745030107384081 2.56824962439714 0.16091505333315581 47.606463401578367 26.138130431529135 13.376194344309623 43.647170716430992 1.9313451182388224 2.4729694460402243 2.9723135740787257 1.6099723001243544 2.9716764988843334 6.0407002602005377 6.2864718289347365 903.95174759346992 8.9411408901214582 2.4278321266174316 0.49799784788046964 24.813880563422572
leaf_count=23 9 244 134 1208 207 39 74 24 130 1 240 59 6 4 23 117 80 22 283 5 122 22 166 6 115 425 4 1 16 43691
internal_value=0.0466843 0.0218148 -0.0165208 0.0348962 0.02171 0.0441207 0.0440018 0.0503056 0.0423987 -0.0094842 0.0119905 0.0447802 0.0187091 -0.211437 0.0467181 0.0402276 0.048892 0.0510195 0.0476129 0.00489366 0.0401676 -0.0562355 0.0506433 0.0464522 -0.0607283 0.0512585 0.0499457 0.047332 -0.0552962 -0.0502475
internal_weight=1266.65 160.992 40.9595 120.033 65.6248 50.97 14.6572 1105.66 91.5653 4.0185 3.7263 87.5468 6.05716 0.516596 81.4896 33.8832 48.5621 1014.09 66.4924 4.40431 5.54056 14.6548 62.0881 9.01238 7.89644 947.599 13.8121 4.87094 1.3773 26.3023
internal_count=47500 45842 44148 1694 1671 326 323 1658 727 266 257 461 262 134 199 176 119 931 484 288 128 1345 196 172 137 447 79 75 256 43825
is_linear=0
shrinkage=0.05


Tree=62
num_leaves=31
num_cat=0
split_feature=37 46 40 0 46 0 8 31 15 0 16 0 6 21 19 37 8 11 37 11 12 8 22 0 27 32 33 46 34 40
split_gain=43.639 30.3939 31.6803 9.72202 43.3221 8.8111 3.46939 2.56327 4.30137 7.70099 3.2298 1.80623 10.7773 4.27848 2.95601 1.00653 2.89714 0.98643 0.3287 3.27005 4.58065 0.117382 0.0876169 0.229496 0.0233307 0.0223228 0.0131045 0.00529556 0.00446176 0.0030334
threshold=1.0000000180025095e-35 1.2650000000000003 1.4350000000000003 228.72500000000005 0.9850000000000001 2699.9150000000004 40.715000000000011 1.0000000180025095e-35 0.83670000000000011 56.430000000000007 -5.2447999999999988 3029.5900000000006 1.5000000000000002 1.5000000000000002 1.5000000000000002 1.5000000000000002 23.085000000000004 2164.7750000000001 1.5000000000000002 1609.9150000000002 4323.6900000000014 12.495000000000003 261.59000000000009 4165.4600000000009 1287.4700000000003 1.5000000000000002 2.0009500000000005 1.5550000000000004 1.5000000000000002 13.855000000000002
decision_type=2 2 2 2 2 2 2 2 2 2 2 2 2 2 2 2 2 2 2 2 2 2 2 2 2 2 2 2 2 2
left_child=1 3 6 -1 21 -6 -3 8 9 -2 -11 12 13 -10 -14 16 -13 -7 19 22 28 -5 -9 -24 -23 -20 -12 29 -21 -4
right_child=7 2 27 4 5 17 -8 18 11 10 26 15 14 -15 -16 -17 -18 -19 25 20 -22 24 23 -25 -26 -27 -28 -29 -30 -31
leaf_value=0.05066709102186482 0.051370688454584881 -0.052105282710043638 -0.052011565646718175 -0.050940627508043915 -0.052003530160962166 0.051966832801045963 0.050169810976286679 0.051287136110428448 -0.050260577738449747 -0.22674702308354139 -0.051323812669033568 0.012748391387171027 -0.052368279862733319 -0.37021953003860042 0.051408036497115388 0.051262016437834027 0.047959039554388731 0.03374999527523375 0.050058551072385188 -0.055728666542540585 0.051076772471528399 -0.065573539566226122 0.034415695768533476 0.051633818847729857 -0.05871022184179632 0.051244204398712981 -0.061712542114844074 -0.050057962193594818 -0.05042229746060866 -0.057687945351683534
leaf_weight=51.88793670758605 2.2375042438507076 0.88510184557526272 1.1220228491292825 6.4354869712551572 2.2947779866808551 37.425851495936513 13.126293577603063 50.552239656448364 0.19053520503803056 0.34522505513450608 0.8522621281445022 7.6175464992702464 0.8019908167188986 0.23133907839655876 4.7526995572261512 45.349791985936463 25.063566344528226 9.2723231449490395 41.617420235648751 1.2728010743740004 2.3561022533103824 1.555491685925517 2.9147598751005699 5.7590338115987834 6.070715072855819 860.95075979921967 0.47148375437245704 23.539201909181429 0.57515064754988987 0.29783047398086626
leaf_count=23 1 275 130 1211 207 50 22 24 68 9 256 59 193 2 3 23 121 70 22 70 5 24 170 6 129 425 15 43655 228 4
internal_value=0.0465692 0.0216995 -0.0164596 0.0346371 0.021446 0.0436493 0.0437091 0.0502011 0.0420273 -0.00926012 -0.0905448 0.0444123 0.0179209 -0.225713 0.0364247 0.0464413 0.0397519 0.0483497 0.050945 0.0474659 0.00485488 -0.0559136 0.0504905 0.0458478 -0.0601101 0.0511895 -0.055024 -0.0502368 -0.0540771 -0.0532023
internal_weight=1207.83 153.913 38.9705 114.943 63.0546 48.993 14.0114 1053.91 87.9139 3.90648 1.66897 84.0075 5.97656 0.421874 5.55469 78.0309 32.6811 46.6982 965.998 63.4301 4.20405 14.0617 59.226 8.67379 7.62621 902.568 1.32375 24.9591 1.84795 1.41985
internal_count=47500 45800 44086 1714 1691 327 297 1700 750 281 280 469 266 70 196 203 180 120 950 503 303 1364 200 176 153 447 271 43789 298 134
is_linear=0
shrinkage=0.05


Tree=63
num_leaves=31
num_cat=0
split_feature=45 46 40 0 46 0 8 31 15 0 16 18 21 11 15 11 26 37 11 0 8 22 0 32 27 33 46 40 40 8
split_gain=41.752 28.8252 30.1809 9.30903 40.7477 8.29426 3.15461 2.61731 4.04711 7.09946 2.20572 1.74102 1.7413 8.2556 1.24773 1.02779 0.631797 0.321067 3.09849 4.34083 0.10154 0.0950755 0.237804 0.0234477 0.0196624 0.010947 0.00456744 0.00362726 0.00257637 0.00203675
threshold=1.0000000180025095e-35 1.2650000000000003 1.4350000000000003 228.72500000000005 0.9850000000000001 2699.9150000000004 40.715000000000011 1.0000000180025095e-35 0.83670000000000011 56.430000000000007 -5.2447999999999988 0.27920000000000006 1.0000000180025095e-35 9547.6450000000023 0.99990000000000012 2164.7750000000001 13.500000000000002 1.5000000000000002 1609.9150000000002 8890.9000000000015 12.495000000000003 261.59000000000009 4165.4600000000009 1.5000000000000002 1287.4700000000003 2.0009500000000005 1.5550000000000004 1.0450000000000002 13.855000000000002 1.0000000180025095e-35
decision_type=2 2 2 2 2 2 2 2 2 2 2 2 2 2 2 2 2 2 2 2 2 2 2 2 2 2 2 2 2 2
left_child=1 3 6 -1 20 -6 -3 8 9 -2 -11 14 -13 -14 -10 -7 -16 18 21 27 29 -9 -23 -19 -22 -12 28 -20 -4 -5
right_child=7 2 26 4 5 15 -8 17 11 10 25 12 13 -15 16 -17 -18 23 19 -21 24 22 -24 -25 -26 -27 -28 -29 -30 -31
leaf_value=0.050535102090419705 0.051302055306837194 -0.051786277169442556 -0.051918725188547246 -0.057452826606976849 -0.051908529360377167 0.051618181075486047 0.049858495625628059 0.051222788479816199 0.019317097736774327 -0.19126186758796848 -0.051281149033023568 0.051323066579090297 -0.11688087731106894 0.051293973083964384 0.049867011102511183 0.0327821395432333 0.037896008103495193 0.049936696183796744 -0.055382970677153802 0.05094351943026048 -0.064744643462871884 0.033704114306371817 0.051517531913977323 0.051181172209919149 -0.058312537482759719 -0.060972499227454013 -0.050055511096513655 -0.050417450770255647 -0.057266363995205384 -0.050771125672175732
leaf_weight=49.483011422678828 2.1311554908752437 0.8127906899608196 1.0691615665855376 0.11625878687482138 2.1867545659188172 35.835012097901199 12.545316324278245 48.1456618309021 4.135995538235874 0.38756821300194144 0.79756040888605595 2.1637694835662833 1.1131585936236663 2.1185884475708008 57.387261632626178 9.0764375611906853 13.642015472520141 39.681897070258856 1.2375942425569508 2.2464147802093066 1.495773945993278 2.8441078156174608 5.4902172727161087 819.94487492693588 5.7771787269157358 0.45912532554939389 22.457585878757527 0.52328837060485955 0.2853378701256587 6.0094790307630319
leaf_count=23 1 295 130 3 207 50 28 24 87 9 240 1 59 1 158 69 155 22 67 5 22 166 6 425 115 16 43691 216 4 1205
internal_value=0.0464593 0.0215855 -0.0164803 0.0344507 0.0212946 0.0431815 0.0436738 0.0501033 0.0416729 -0.00892306 -0.0869822 0.044044 0.0166092 -0.00663299 0.0460133 0.0478115 0.0475678 0.050876 0.0473549 0.00487006 -0.0556407 0.0503693 0.0454387 0.0511237 -0.0596354 -0.0548218 -0.0502256 -0.0539073 -0.0530453 -0.0508979
internal_weight=1151.6 147.15 37.1702 109.98 60.4969 47.0982 13.3581 1004.45 84.3362 3.77541 1.64425 80.5608 5.39552 3.23175 75.1653 44.9114 71.0293 920.114 60.4873 4.0073 13.3987 56.48 8.33433 859.627 7.27295 1.25669 23.8121 1.76088 1.3545 6.12574
internal_count=47500 45842 44148 1694 1671 326 323 1658 727 266 265 461 61 60 400 119 313 931 484 288 1345 196 172 447 137 256 43825 283 134 1208
is_linear=0
shrinkage=0.05


Tree=64
num_leaves=31
num_cat=0
split_feature=37 46 40 0 40 33 31 15 0 0 0 22 11 16 37 8 8 16 37 11 12 22 0 8 32 6 33 34 33 8
split_gain=39.9646 27.1347 24.7335 9.71645 38.188 11.8868 2.66364 3.8501 6.57167 1.75419 9.27047 6.48597 1.60764 1.57494 1.1068 2.92084 0.625539 2.29985 0.320785 2.94311 4.12498 0.110889 0.262771 0.0723374 0.0246296 0.0207693 0.00976745 0.00329992 0.00297468 0.00177533
threshold=1.0000000180025095e-35 1.5550000000000004 0.21500000000000002 228.72500000000005 1.4350000000000003 1.3844500000000004 1.0000000180025095e-35 0.83670000000000011 56.430000000000007 3029.5900000000006 367.99000000000007 3078.5950000000007 2250.0050000000006 -5.2447999999999988 1.5000000000000002 23.085000000000004 73.895000000000024 34.379650000000005 1.5000000000000002 1609.9150000000002 4323.6900000000014 261.59000000000009 4165.4600000000009 12.495000000000003 1.5000000000000002 1.5000000000000002 2.0009500000000005 1.5000000000000002 3.8798500000000007 1.0000000180025095e-35
decision_type=2 2 2 2 2 2 2 2 2 2 2 2 2 2 2 2 2 2 2 2 2 2 2 2 2 2 2 2 2 2
left_child=1 3 16 -1 5 29 7 8 -2 10 -9 -12 -7 -10 15 -11 17 -3 19 21 27 -8 -23 28 -20 -25 -15 -21 -6 -5
right_child=6 2 -4 4 23 12 18 9 13 14 11 -13 -14 26 -16 -17 -18 -19 24 20 -22 22 -24 25 -26 -27 -28 -29 -30 -31
leaf_value=0.0504046069744725 0.051236940876400343 -0.053333643639799359 -0.050052701628295997 -0.057129206804419921 -0.051145179443430111 0.051141769439151774 0.051161734092508238 0.051320366962544509 -0.16687298553397145 0.010957991472426522 -0.071087347706730405 -0.50479115673862773 0.024953123818416252 -0.051200464000122972 0.051125738809887078 0.047262308000617162 0.051090266957820221 0.051189107399725889 0.049815038857281176 -0.055168162242595367 0.050900290867342525 0.032418638701263144 0.051403751368569311 -0.063102883715972988 0.051121265391133819 -0.057481811480998936 -0.060569207536878049 -0.050382458249760412 -0.054669991909287952 -0.050667399105890722
leaf_weight=47.188502686098218 2.0297291278839107 0.72015894923242929 21.330964191205567 0.10993901165784281 4.5578877300722507 38.594998548360309 45.850844740867615 4.3162715435028067 0.42102383196470361 7.2885835932393119 1.152012661565095 0.093176506692543515 6.9090970004617693 0.7732851330074475 41.30718251131475 23.097082363616209 7.7554743895307183 1.9548808336257935 37.836464872118086 1.163445281912572 2.139989955117926 2.7964252631645632 5.2337256674654782 2.3814719900838099 780.84663144079968 5.3018591451109387 0.43452937094843946 0.52173889393452544 0.6890508624492212 3.2066346736100968
leaf_count=23 1 236 43692 2 747 89 24 2 9 59 259 5 142 256 23 121 5 1 22 70 5 170 6 32 425 142 15 228 22 667
internal_value=0.0463485 0.0214667 -0.0191988 0.0333228 0.0202692 0.0405047 0.0500055 0.0413255 -0.00879362 0.043699 0.0166475 -0.103541 0.0471654 -0.0835989 0.0457975 0.038554 0.043899 0.0230501 0.0508069 0.0472038 0.00482448 0.0502125 0.0447924 -0.0561336 0.0510609 -0.0592241 -0.054571 -0.0536865 -0.0516081 -0.0508816
internal_weight=1098 140.701 31.7615 108.939 61.7509 48.8207 957.302 80.9129 3.65857 77.2543 5.56146 1.24519 45.5041 1.62884 71.6928 30.3857 10.4305 2.67504 876.389 57.7062 3.82517 53.881 8.03015 12.9303 818.683 7.68333 1.20781 1.68518 5.24694 3.31657
internal_count=47500 45800 43934 1866 1843 900 1700 750 281 469 266 264 231 280 203 180 242 237 950 503 303 200 176 943 447 174 271 298 769 669
is_linear=0
shrinkage=0.05


Tree=65
num_leaves=31
num_cat=0
split_feature=37 46 40 0 40 0 31 15 0 11 18 15 11 15 16 26 8 16 37 11 12 22 0 8 32 6 33 34 33 8
split_gain=38.2563 25.6305 23.5172 9.3396 35.9936 11.2887 2.70368 3.64138 6.10039 1.69549 1.67051 1.68057 7.58043 1.3139 1.15487 0.725915 0.594619 2.1839 0.317751 2.79065 3.91302 0.124164 0.280417 0.0619694 0.0258713 0.0175073 0.00842736 0.00283671 0.00255204 0.00152461
threshold=1.0000000180025095e-35 1.5550000000000004 0.21500000000000002 228.72500000000005 1.4350000000000003 2699.9150000000004 1.0000000180025095e-35 0.83670000000000011 56.430000000000007 2250.0050000000006 0.27920000000000006 6.8680500000000011 9547.6450000000023 0.99990000000000012 -5.2447999999999988 13.500000000000002 73.895000000000024 34.379650000000005 1.5000000000000002 1609.9150000000002 4323.6900000000014 261.59000000000009 4165.4600000000009 12.495000000000003 1.5000000000000002 1.5000000000000002 2.0009500000000005 1.5000000000000002 3.8798500000000007 27.255000000000006
decision_type=2 2 2 2 2 2 2 2 2 2 2 2 2 2 2 2 2 2 2 2 2 2 2 2 2 2 2 2 2 2
left_child=1 3 16 -1 5 -5 7 8 -2 -7 13 12 -12 -9 -10 -15 17 29 19 21 27 -8 -23 28 -20 -25 -16 -21 -6 -3
right_child=6 2 -4 4 23 9 18 10 14 -11 11 -13 -14 15 26 -17 -18 -19 24 20 -22 22 -24 25 -26 -27 -28 -29 -30 -31
leaf_value=0.050275244872955031 0.051175161255468907 -0.051341070293606607 -0.050050247145161889 -0.051211925205013525 -0.051091244434227467 0.050882208938031186 0.051103794868368517 0.017305341612859338 -0.14901825642720068 0.023806841725922075 -0.11475981309726715 0.051198850937688292 0.051168001582036118 0.04965785121049688 -0.051143256067464886 0.036352018493793319 0.051022473403502938 0.051129765762073669 0.0496932675425742 -0.054909717800358131 0.050794263315807602 0.03139383329497223 0.051291974870056982 -0.062371967060346804 0.051064309941522071 -0.057106411203261764 -0.060039780396297038 -0.050364042118612652 -0.054432323406937759 -0.056198642862231196
leaf_weight=44.999695349484682 1.9330101013183587 0.42727559778723123 20.291610578249674 3.1599267190904348 4.3400584912160394 36.931670391990338 43.662873268127441 3.9350011506176079 0.44714783002564207 6.8554219699581145 1.0724508352577677 1.9701560735702512 1.9217725992202759 52.436784841309418 0.73637362263980299 12.741064362577161 7.3867910350672901 1.8616437911987305 36.077147039119154 1.1117806795518839 2.039764306275174 2.7446718073624643 4.9890510056284256 2.2911981692013796 743.57185472268611 5.0755985954456264 0.41688961305771954 0.49647028767503787 0.65823498717509199 0.25972159981029108
leaf_count=23 1 219 43692 592 747 141 24 90 9 167 62 1 1 156 256 159 5 1 22 70 5 170 6 32 425 142 15 228 22 17
internal_value=0.0462411 0.021351 -0.0191899 0.0330988 0.0200671 0.0400567 0.0499117 0.0409852 -0.00860401 0.0466432 0.0433505 0.015335 -0.00826291 0.0453629 -0.0808065 0.0470568 0.0438375 0.0230133 0.0507417 0.0470702 0.00481262 0.0500695 0.0442302 -0.0558285 0.0510009 -0.0587441 -0.0543592 -0.0535065 -0.0515312 -0.0531775
internal_weight=1046.84 134.539 30.227 104.312 59.3121 46.947 912.304 77.6107 3.53342 43.7871 74.0772 4.96438 2.99422 69.1129 1.60041 65.1778 9.93543 2.54864 834.694 55.0446 3.64802 51.3966 7.73372 12.3651 779.649 7.3668 1.15326 1.60825 4.99829 0.686997
internal_count=47500 45800 43934 1866 1843 900 1700 750 281 308 469 64 63 405 280 315 242 237 950 503 303 200 176 943 447 174 271 298 769 236
is_linear=0
shrinkage=0.05


Tree=66
num_leaves=31
num_cat=0
split_feature=45 46 40 0 40 33 31 15 0 0 0 28 11 37 8 16 8 16 37 11 0 22 0 8 32 6 33 40 33 8
split_gain=36.6282 24.3092 22.5402 8.94592 33.9036 10.8606 2.77011 3.41628 5.67433 1.62928 8.38538 4.21523 1.62065 1.24108 3.05548 0.862865 0.498262 1.96184 0.312558 2.65244 3.717 0.133242 0.288385 0.0532261 0.0271756 0.0148863 0.00703727 0.00230619 0.0021861 0.00133254
threshold=1.0000000180025095e-35 1.5550000000000004 0.21500000000000002 228.72500000000005 1.4350000000000003 1.3844500000000004 1.0000000180025095e-35 0.83670000000000011 56.430000000000007 3029.5900000000006 367.99000000000007 3132.5100000000007 2250.0050000000006 1.5000000000000002 23.085000000000004 -5.2447999999999988 73.895000000000024 34.379650000000005 1.5000000000000002 1609.9150000000002 8890.9000000000015 261.59000000000009 4165.4600000000009 12.495000000000003 1.5000000000000002 1.5000000000000002 2.0009500000000005 1.0450000000000002 3.8798500000000007 27.255000000000006
decision_type=2 2 2 2 2 2 2 2 2 2 2 2 2 2 2 2 2 2 2 2 2 2 2 2 2 2 2 2 2 2
left_child=1 3 16 -1 5 -5 7 8 -2 10 -9 -12 -7 14 -11 -10 17 29 19 21 27 -8 -23 28 -20 -25 -17 -21 -6 -3
right_child=6 2 -4 4 23 12 18 9 15 13 11 -13 -14 -15 -16 26 -18 -19 24 20 -22 22 -24 25 -26 -27 -28 -29 -30 -31
leaf_value=0.050146660775810842 0.051116536542655966 -0.050849382047545147 -0.050048415380782731 -0.050803201020683669 -0.051041977010241282 0.050561909274686172 0.051048804976559475 0.051193553773209811 -0.13536148886373128 0.0086160831102602958 -0.069478036437114143 -0.3892710237354603 0.023735899338960108 0.050999657773099255 0.046590954536995383 -0.051106572290215917 0.05091283551104641 0.051073453014218645 0.049571073920088228 -0.054609302471725255 0.050707866010676894 0.030687919003662269 0.051181686090633727 -0.061722958220390513 0.051010140986527369 -0.056761162461700911 -0.059410372031310443 -0.050359643541933591 -0.054207185016241166 -0.055568388669218927
leaf_weight=42.912043735384941 1.8407917022705071 0.34709233517060245 19.392840632062871 3.0919328619784201 4.124278958712237 35.354372932459228 41.577020406723022 3.9210598468780509 0.46710827875358507 7.0501958865497754 1.0881254938431082 0.11382315095397633 6.6965026590623884 37.633964048698545 21.300378379150061 0.68868726049549855 7.0384259386919439 1.7727535963058472 34.400121480692178 1.0835715295979742 1.9438794280868024 2.686201100703328 4.7557019227533601 2.1961023874464445 708.0395674216561 4.8501715260645142 0.40530593757284805 0.45259264612104755 0.62866726680658747 0.26290755232912488
leaf_count=23 1 222 43746 670 742 89 24 2 9 59 254 6 141 23 117 240 6 1 22 67 5 166 6 30 425 129 16 216 22 21
internal_value=0.0461311 0.0212326 -0.0192251 0.0329071 0.0199152 0.0396398 0.0498158 0.0405973 -0.00835106 0.0429391 0.0157767 -0.0997621 0.0462899 0.045048 0.0371474 -0.078473 0.0442225 0.0244599 0.0506798 0.0469514 0.00477134 0.0499459 0.0437843 -0.0555495 0.0509435 -0.0583076 -0.054183 -0.0533572 -0.0514606 -0.0528833
internal_weight=998.116 128.668 28.814 99.8541 56.942 45.1428 869.448 74.5094 3.40189 71.1075 5.12301 1.20195 42.0509 65.9845 28.3506 1.5611 9.42118 2.38275 794.939 52.499 3.48004 49.0189 7.4419 11.7992 742.44 7.04627 1.09399 1.53616 4.75295 0.61
internal_count=47500 45842 43996 1846 1823 900 1658 727 266 461 262 260 230 199 176 265 250 244 931 484 288 196 172 923 447 159 256 283 764 243
is_linear=0
shrinkage=0.05


Tree=67
num_leaves=31
num_cat=0
split_feature=37 46 40 0 46 33 31 0 33 8 28 37 8 33 11 45 33 37 11 12 22 0 8 32 40 27 46 34 40 8
split_gain=35.0845 22.8667 24.4862 8.01736 33.1999 7.36763 2.80675 3.28943 12.8401 2.77961 2.27966 1.57565 3.45114 14.7683 1.02446 1.01154 0.395098 0.31302 2.50796 3.52568 0.153121 0.315263 0.0554373 0.0285452 0.0159924 0.0108591 0.00249724 0.0020995 0.00134859 0.00109633
threshold=1.0000000180025095e-35 1.2650000000000003 1.4350000000000003 228.72500000000005 0.9850000000000001 1.3844500000000004 1.0000000180025095e-35 3029.5900000000006 0.07690000000000001 40.715000000000011 3132.5100000000007 1.5000000000000002 23.085000000000004 7.0453500000000009 1668.4650000000004 1.5000000000000002 1.8834500000000001 1.5000000000000002 1609.9150000000002 4323.6900000000014 261.59000000000009 4165.4600000000009 12.495000000000003 1.5000000000000002 20.385000000000002 1287.4700000000003 1.5550000000000004 1.5000000000000002 13.855000000000002 1.0000000180025095e-35
decision_type=2 2 2 2 2 2 2 2 2 2 2 2 2 2 2 2 2 2 2 2 2 2 2 2 2 2 2 2 2 2
left_child=1 3 9 -1 22 24 7 8 -2 -3 15 12 13 -9 -7 -10 -14 18 20 27 -8 -22 29 -19 -6 -24 28 -20 -4 -5
right_child=6 2 26 4 5 14 17 11 10 -11 -12 -13 16 -15 -16 -17 -18 23 19 -21 21 -23 25 -25 -26 -27 -28 -29 -30 -31
leaf_value=0.050018502181792691 0.051110641515356561 -0.051745656162964296 -0.051573647729776011 -0.055994143667060764 -0.051166328545312889 0.052037522307667353 0.050996610774363363 -0.10696437844360868 -0.051245960538558712 0.049618109357601525 -0.27661122806811222 0.05093631876712415 0.03528416728009965 0.050505246718905862 0.034114524879027643 -0.12327266120853714 0.050234343112158554 0.049448154753476498 -0.05443165698691417 0.050630306270579073 0.029366527697195277 0.051072371982929056 -0.061813732468143048 0.050958598694309215 -0.065938800377353862 -0.05666076759682076 -0.050045669135685755 -0.050329673400052261 -0.055807590586370082 -0.050675719261028741
leaf_weight=40.921167884021997 5.4869375228881827 0.72368184023071336 0.8804932471539384 0.098732222744727482 1.7547006883542042 26.812476229155436 39.588742613792419 2.0838764409418244 1.39390932762035 10.336247666826237 0.15233392585651007 35.841930034570396 6.4264511655201231 5.2152202369179577 11.346916043257805 0.74958920408971597 14.149514427670509 32.801715882029384 1.0146697002928697 1.852335277944803 2.6512251292297142 4.5332035656319931 1.2926519389584425 674.1721256095916 0.20456796544021916 4.8902045171707869 18.338677643972915 0.45040586675168004 0.2391600109403953 5.2162848604493774
leaf_count=23 3 275 130 3 238 20 24 65 501 22 13 23 101 5 63 8 31 22 70 5 170 6 24 425 6 129 43655 228 4 1208
internal_value=0.0460237 0.0211118 -0.01642 0.0334895 0.0203854 0.0418528 0.0497236 0.0402542 0.00956826 0.0429856 -0.0897162 0.0440023 0.0350865 0.00554801 0.046708 -0.076434 0.045565 0.0506179 0.0467983 0.00478848 0.0497779 0.0430624 -0.0545191 0.0508885 -0.0527087 -0.0577381 -0.0501856 -0.0531706 -0.052478 -0.0507745
internal_weight=951.62 123.056 30.5183 92.5377 51.6165 40.1187 828.564 71.4998 7.78277 11.0599 2.29583 63.717 27.8751 7.2991 38.1594 2.1435 20.576 757.064 50.0906 3.31741 46.7732 7.18443 11.4979 706.974 1.95927 6.18286 19.4583 1.46508 1.11965 5.31502
internal_count=47500 45800 44086 1714 1691 327 1700 750 525 297 522 225 202 70 83 509 132 950 503 303 200 176 1364 447 244 153 43789 298 134 1211
is_linear=0
shrinkage=0.05


Tree=68
num_leaves=31
num_cat=0
split_feature=45 46 40 0 40 46 31 0 14 9 37 8 8 45 8 16 33 37 11 0 22 0 8 32 6 33 40 8 1 8
split_gain=33.6267 21.6998 20.3597 8.26017 30.3801 9.99715 2.76598 3.04362 11.8906 2.60185 1.58713 3.35527 14.2383 1.57997 0.465774 1.80236 0.424415 0.308753 2.38248 3.34943 0.16358 0.323021 0.0384092 0.0299833 0.0106654 0.00198107 0.00170724 0.00118599 0.00109521 0.000954614
threshold=1.0000000180025095e-35 1.5550000000000004 0.21500000000000002 228.72500000000005 1.4350000000000003 0.9850000000000001 1.0000000180025095e-35 3029.5900000000006 0.00056150000000000004 1.0000000180025095e-35 1.5000000000000002 23.085000000000004 1.0000000180025095e-35 1.5000000000000002 73.895000000000024 34.379650000000005 1.8834500000000001 1.5000000000000002 1609.9150000000002 8890.9000000000015 261.59000000000009 4165.4600000000009 12.495000000000003 1.5000000000000002 1.5000000000000002 3.8798500000000007 1.0450000000000002 27.255000000000006 7.9939500000000008 1.0000000180025095e-35
decision_type=2 2 2 2 2 2 2 2 2 2 2 2 2 2 2 2 2 2 2 2 2 2 2 2 2 2 2 2 2 2
left_child=1 3 14 -1 5 29 7 8 -2 -7 11 12 -9 28 15 27 -13 18 20 26 -8 -22 25 -19 -24 -6 -20 -3 -10 -5
right_child=6 2 -4 4 22 9 17 10 13 -11 -12 16 -14 -15 -16 -17 -18 23 19 -21 21 -23 24 -25 -26 -27 -28 -29 -30 -31
leaf_value=0.049890420192274479 0.051055304993414791 -0.050769779573241053 -0.050044024316290174 -0.055668916392575735 -0.050978511928599285 0.051236690758820015 0.050947061952679652 0.051594228119647638 -0.050765763523810736 0.015826100854532628 0.050874799472307546 0.034421456548392605 -0.10358160090502166 -0.13668138018679074 0.050783729119972969 0.050970628888709603 0.050167216271089193 0.049324207964993004 -0.054161238345704778 0.05054745665157926 0.028659780369928084 0.050963498860624012 -0.060469382543181516 0.05090953398807975 -0.056094495443467209 -0.054069719986762778 -0.050325685193907337 -0.055379527414608422 -0.055929680796012404 -0.050558181474527113
leaf_weight=39.022849805653095 5.2248507738113394 0.31425345569732788 17.551712447864702 0.094451780081726056 3.7764322788862028 32.621967333077919 37.693676590919495 4.9183732271194485 1.1770820315869062 6.1683567086583926 34.134089659899473 6.2680443754652542 2.1134773195663001 0.93129876442253579 6.3924273403827101 1.6094187498092651 13.490292903472435 31.27840565983206 0.98826526041375384 1.7651845082873479 2.600223904097219 4.3210980635485612 2.0302079849352594 641.89482442289591 4.4392610272334423 0.60075371817219991 0.41068209882359952 0.25095539996982552 0.11249150993535284 2.7998162651783787
leaf_count=23 3 222 43746 3 742 32 24 2 487 167 23 100 69 11 6 1 28 22 67 5 166 6 30 425 129 22 216 21 4 698
internal_value=0.0459315 0.0209971 -0.0192025 0.0324653 0.0195211 0.0389173 0.0496487 0.0400373 0.00986043 0.0456058 0.0437253 0.034616 0.00495493 -0.0870551 0.0439838 0.0239952 0.0451721 0.0505602 0.0466763 0.00475077 0.0496497 0.0425844 -0.05502 0.0508359 -0.0574674 -0.0514028 -0.0530353 -0.0528165 -0.0512162 -0.050725
internal_weight=906.995 117.673 26.1188 91.5541 52.5312 41.6846 789.322 68.37 7.44572 38.7903 60.9243 26.7902 7.03185 2.22087 8.56705 2.17463 19.7583 720.952 47.7791 3.16413 44.615 6.92132 10.8467 673.173 6.46947 4.37719 1.39895 0.565209 1.28957 2.89427
internal_count=47500 45842 43996 1846 1823 900 1658 727 505 199 222 199 71 502 250 244 128 931 484 288 196 172 923 447 159 764 283 243 491 701
is_linear=0
shrinkage=0.05


Tree=69
num_leaves=31
num_cat=0
split_feature=45 46 40 0 46 33 31 0 14 25 37 8 8 45 11 33 37 11 0 22 0 8 32 16 0 40 27 46 40 8
split_gain=32.2258 20.5133 22.1413 7.37142 29.4454 6.79433 2.71341 2.90208 11.0917 2.4474 1.5607 3.12571 13.5401 1.23135 1.07185 0.452291 0.307743 2.25723 3.17818 0.180412 0.340514 0.0412322 0.0314928 0.0211598 0.0329253 0.0116022 0.00789158 0.00184934 0.00146787 0.00104303
threshold=1.0000000180025095e-35 1.2650000000000003 1.4350000000000003 228.72500000000005 0.9850000000000001 1.3844500000000004 1.0000000180025095e-35 3029.5900000000006 0.00056150000000000004 65.235000000000014 1.5000000000000002 23.085000000000004 1.0000000180025095e-35 1.5000000000000002 1668.4650000000004 1.8834500000000001 1.5000000000000002 1609.9150000000002 8890.9000000000015 261.59000000000009 4165.4600000000009 12.495000000000003 1.5000000000000002 11.630700000000003 10278.095000000003 20.385000000000002 1287.4700000000003 1.5550000000000004 1.0450000000000002 55.605000000000011
decision_type=2 2 2 2 2 2 2 2 2 2 2 2 2 2 2 2 2 2 2 2 2 2 2 2 2 2 2 2 2 2
left_child=1 3 9 -1 21 25 7 8 -2 29 11 12 -9 -10 -7 -13 17 19 28 -8 -21 -5 -18 24 -11 -6 -23 -4 -19 -3
right_child=6 2 27 4 5 14 16 10 13 23 -12 15 -14 -15 -16 -17 22 18 -20 20 -22 26 -24 -25 -26 -27 -28 -29 -30 -31
leaf_value=0.049762067827135215 0.051002779541615251 -0.051636100321011028 -0.052237716228539913 -0.050702309179538607 -0.051083736925462191 0.051570221735947164 0.050900022355291008 0.051514267915974556 -0.051157828605645043 0.041088337306539317 0.050814859244032909 0.033492366375044234 -0.10362834655666008 -0.12691818940621175 0.032613089918249669 0.049999320298583561 0.04919892928266853 -0.053954122647665519 0.050442103596697409 0.027640144233051962 0.050854509166839514 -0.06061446759559716 0.050862799375605838 0.050913522960276451 0.050996805060151654 -0.064095085517262604 -0.056033583940221114 -0.050041733351271926 -0.050309959555858257 -0.056971161582528566
leaf_weight=37.21303134970367 4.9750208854675284 0.51956703384348912 1.017319848411719 4.8155771718302258 1.6611809870519199 24.577145634335466 35.887634754180908 4.6855801343917873 1.2280439133610346 1.7033317912719195 32.506688614375889 6.1235644434345913 2.0095202924858313 0.95220139890443523 10.703789407329166 12.874382490845163 29.826808975543827 0.94358450861181975 1.682514964195434 2.5623286972404449 4.1189442935865372 1.1927781612903343 611.13612993806601 6.0710649490356445 1.6511263847351074 0.19103448741952878 4.4393045181059279 16.647825170803117 0.39077192911645398 0.11122520657954738
leaf_count=23 3 240 134 1208 238 20 24 2 491 74 23 100 69 11 62 28 22 67 5 166 6 22 425 4 1 6 115 43691 216 4
internal_value=0.0458418 0.0208853 -0.0164531 0.0330922 0.0200547 0.0409184 0.0495763 0.0398412 0.00979197 0.0427715 0.0435355 0.0343258 0.00494854 -0.0842454 0.0458189 0.0446787 0.0505031 0.0465336 0.00473988 0.0494955 0.0419516 -0.0540993 0.0507854 0.0491526 0.0459655 -0.0524257 -0.0570037 -0.0501682 -0.0528869 -0.0525768
internal_weight=864.419 112.515 27.7215 84.7938 47.5808 37.1332 751.904 65.355 7.15527 10.0563 58.1997 25.693 6.6951 2.18025 35.2809 18.9979 686.549 45.5858 3.01687 42.5689 6.68127 10.4477 640.963 9.42552 3.35446 1.85222 5.63208 17.6651 1.33436 0.630792
internal_count=47500 45842 44148 1694 1671 326 1658 727 505 323 222 199 71 502 82 128 931 484 288 196 172 1345 447 79 75 244 137 43825 283 244
is_linear=0
shrinkage=0.05


Tree=70
num_leaves=31
num_cat=0
split_feature=45 46 40 0 46 34 31 0 14 8 40 37 8 8 28 33 45 37 11 12 22 0 8 32 33 11 46 40 40 8
split_gain=30.9095 19.3681 21.0336 7.09143 27.7501 8.21139 2.66402 2.76387 10.3653 2.34877 2.08617 1.53718 2.90852 12.8728 0.985566 0.480436 0.451486 0.307257 2.13809 3.01912 0.198245 0.357707 0.0353852 0.033077 0.027552 0.00678274 0.00160049 0.00126385 0.000843338 0.000693417
threshold=1.0000000180025095e-35 1.2650000000000003 1.4350000000000003 228.72500000000005 0.9850000000000001 1.0000000180025095e-35 1.0000000180025095e-35 3029.5900000000006 0.00056150000000000004 40.715000000000011 1.1850000000000003 1.5000000000000002 23.085000000000004 1.0000000180025095e-35 3132.5100000000007 1.8834500000000001 1.5000000000000002 1.5000000000000002 1609.9150000000002 4323.6900000000014 261.59000000000009 4165.4600000000009 12.495000000000003 1.5000000000000002 4.7790500000000007 2397.2300000000005 1.5550000000000004 1.0450000000000002 13.855000000000002 1.0000000180025095e-35
decision_type=2 2 2 2 2 2 2 2 2 2 2 2 2 2 2 2 2 2 2 2 2 2 2 2 2 2 2 2 2 2
left_child=1 3 9 -1 22 10 7 8 -2 -3 -6 12 13 -9 16 -14 -10 18 20 27 -8 -22 29 -19 -7 -24 28 -20 -4 -5
right_child=6 2 26 4 5 24 17 11 14 -11 -12 -13 15 -15 -16 -17 -18 23 19 -21 21 -23 25 -25 -26 -27 -28 -29 -30 -31
leaf_value=0.049633097809942538 0.050952920549449381 -0.051312485942079135 -0.051358398935725406 -0.055098718244194801 0.051741677190822878 -0.052095856480617146 0.050855359293874684 0.051438421980754823 -0.051112605500911082 0.049108333712837654 0.017100864077554647 0.050756260644581677 0.032552943060434589 -0.10363013332270557 -0.18747480981482981 0.049824281219528865 -0.10041118418614953 0.049072019366040442 -0.05375746444881746 0.050385774528246378 0.026629065153197875 0.050744839642429623 -0.055477896547940421 0.050818261958782932 -0.06698673124397414 -0.059339959312117566 -0.050039772040307663 -0.050295285732917354 -0.054941607608003318 -0.050584029191374336
leaf_weight=35.487811269238591 4.7369002103805533 0.62264813222282356 0.76015311674564401 0.086690509895559376 28.486035842914134 1.7546092823613428 34.166598558425903 4.463467717170718 1.1614095615004774 8.9813251951418334 5.1287647722347165 30.956121683120728 5.9887578181515009 1.9114870440098455 0.19976989123097144 12.288445485959526 0.77388831978896622 28.443681980948895 0.90076592750847273 1.6029845636221578 2.5275466993625733 3.9263172839418985 3.7610733800829621 581.82731617568061 0.37746259570121754 1.6293665561679516 15.836506303225176 0.37264399392006453 0.20945620309794322 4.4969269103603438
leaf_count=23 3 295 130 3 19 160 24 2 479 28 145 23 100 69 13 28 10 22 67 6 166 6 101 425 2 36 43691 215 4 1205
internal_value=0.0457508 0.020766 -0.0164291 0.0328623 0.0198451 0.0404211 0.0495048 0.0396409 0.00972609 0.0425978 0.0464564 0.0433377 0.0340222 0.00494217 -0.0817405 0.0441651 -0.0708262 0.0504475 0.0463873 0.00472901 0.0493372 0.0413003 -0.053899 0.0507369 -0.0547321 -0.0566453 -0.0501605 -0.0527443 -0.0521324 -0.0506694
internal_weight=823.867 107.619 26.4101 81.2087 45.7209 35.7469 716.248 62.4802 6.87197 9.60397 33.6148 55.6083 24.6522 6.37495 2.13507 18.2772 1.9353 653.768 43.4969 2.87639 40.6205 6.45386 9.97406 610.271 2.13207 5.39044 16.8061 1.27341 0.969609 4.58362
internal_count=47500 45842 44148 1694 1671 326 1658 727 505 323 164 222 199 71 502 128 489 931 484 288 196 172 1345 447 162 137 43825 282 134 1208
is_linear=0
shrinkage=0.05


Tree=71
num_leaves=31
num_cat=0
split_feature=45 46 40 0 40 0 31 0 14 11 37 8 8 45 33 8 16 37 11 0 22 0 32 8 6 33 33 40 8 1
split_gain=29.5922 18.3099 17.4869 7.29651 26.0605 8.84282 2.61972 2.63148 9.68411 1.74156 1.5165 2.70332 12.2336 0.755221 0.508627 0.425864 1.59292 0.307262 2.02462 2.86559 0.217069 0.374456 0.0347394 0.023715 0.00701459 0.00184112 0.001127 0.00108724 0.000992746 0.000703045
threshold=1.0000000180025095e-35 1.5550000000000004 0.21500000000000002 228.72500000000005 1.4350000000000003 2699.9150000000004 1.0000000180025095e-35 3029.5900000000006 0.00056150000000000004 3316.1300000000006 1.5000000000000002 23.085000000000004 1.0000000180025095e-35 1.5000000000000002 1.8834500000000001 73.895000000000024 34.379650000000005 1.5000000000000002 1609.9150000000002 8890.9000000000015 261.59000000000009 4165.4600000000009 1.5000000000000002 12.495000000000003 1.5000000000000002 3.8798500000000007 3.3803000000000005 1.0450000000000002 55.605000000000011 7.9939500000000008
decision_type=2 2 2 2 2 2 2 2 2 2 2 2 2 2 2 2 2 2 2 2 2 2 2 2 2 2 2 2 2 2
left_child=1 3 15 -1 5 26 7 8 -2 -7 11 12 -9 29 -13 16 28 18 20 27 -8 -22 -19 25 -25 -6 -5 -20 -3 -10
right_child=6 2 -4 4 23 9 17 10 13 -11 -12 14 -14 -15 -16 -17 -18 22 19 -21 21 -23 -24 24 -26 -27 -28 -29 -30 -31
leaf_value=0.049503164807957557 0.05090558700192576 -0.051405831144435699 -0.050038151116316092 -0.050893475052145531 -0.050911182047872997 0.048161571645375663 0.05081294742126985 0.051366473714663609 -0.050663139530588458 0.0067910358208429725 0.050698763234865551 0.031605820944580303 -0.1035636764787816 -0.11125900883877607 0.049641048378046976 0.050593426138032707 0.050834600371950235 0.048943176579534099 -0.053570726616199917 0.050288120259744745 0.025629410527403286 0.050633898353617805 0.050775791440391418 -0.058985738286715939 -0.055214520872913134 -0.053983802990559798 -0.054775926331137342 -0.050280653640744348 -0.056698931729273996 -0.055076503950974055
leaf_weight=33.843438928946853 4.5099630355834952 0.39395208143105498 15.11192620352085 2.3752429481537543 3.3500705928308876 31.505632321903249 32.526715993881226 4.2515788078308132 1.013332918249944 2.7673202675941857 29.478931309655309 5.8630686758551773 1.8194061487884026 0.97974168561631803 11.731205269810742 5.5432814809028059 1.3912814855575562 27.125915235839784 0.85974638856714503 1.5278157078428194 2.4956602924503377 3.7428073760238476 553.90252673486248 1.8070028009096857 3.882018834236078 0.57056650496087957 0.2028846067842095 0.35469934342836495 0.11428206396522 0.09905789338517923
leaf_count=23 3 239 43746 579 742 199 24 2 487 108 23 100 69 11 28 6 1 22 67 5 166 6 425 30 129 22 14 216 4 4
internal_value=0.0456645 0.0206642 -0.0191412 0.0318442 0.0189809 0.0381035 0.0494335 0.0394326 0.009661 0.0448212 0.0431311 0.0337043 0.00493564 -0.079249 0.043631 0.0435922 0.0231607 0.0503933 0.0462373 0.00471845 0.0491744 0.040631 0.0506902 -0.0543504 -0.0564124 -0.0513583 -0.051199 -0.0526098 -0.052596 -0.0510561
internal_weight=785.141 102.859 22.5547 80.3042 46.4607 36.8511 682.282 59.7463 6.6021 34.273 53.1442 23.6653 6.07098 2.09213 17.5943 7.4428 1.89952 622.536 41.5074 2.74226 38.7652 6.23847 581.028 9.60966 5.68902 3.92064 2.57813 1.21445 0.508234 1.11239
internal_count=47500 45842 43996 1846 1823 900 1658 727 505 307 222 199 71 502 128 250 244 931 484 288 196 172 447 923 159 764 593 283 243 491
is_linear=0
shrinkage=0.05


Tree=72
num_leaves=31
num_cat=0
split_feature=45 46 40 0 40 0 31 0 14 11 37 8 33 45 33 8 16 37 11 12 22 0 32 8 6 33 33 40 8 37
split_gain=28.3849 17.289 16.6277 7.01197 24.5648 8.31723 2.5773 2.50046 9.07552 1.72302 1.49859 2.50971 11.4887 0.604692 0.536624 0.404493 1.51322 0.307773 1.91668 2.72277 0.236864 0.390623 0.0364833 0.0203429 0.00595017 0.00157992 0.000972901 0.000936248 0.000844875 0.000670083
threshold=1.0000000180025095e-35 1.5550000000000004 0.21500000000000002 228.72500000000005 1.4350000000000003 2699.9150000000004 1.0000000180025095e-35 3029.5900000000006 0.00056150000000000004 3316.1300000000006 1.5000000000000002 23.085000000000004 7.0453500000000009 1.5000000000000002 1.8834500000000001 73.895000000000024 34.379650000000005 1.5000000000000002 1609.9150000000002 4323.6900000000014 261.59000000000009 4165.4600000000009 1.5000000000000002 12.495000000000003 1.5000000000000002 3.8798500000000007 3.3803000000000005 1.0450000000000002 55.605000000000011 2.5000000000000004
decision_type=2 2 2 2 2 2 2 2 2 2 2 2 2 2 2 2 2 2 2 2 2 2 2 2 2 2 2 2 2 2
left_child=1 3 15 -1 5 26 7 8 -2 -7 11 12 -9 -10 -13 16 28 18 20 27 -8 -22 -19 25 -25 -6 -5 -20 -3 -24
right_child=6 2 -4 4 23 9 17 10 13 -11 -12 14 -14 -15 -16 -17 -18 22 19 -21 21 -23 29 24 -26 -27 -28 -29 -30 -31
leaf_value=0.049371924599597189 0.050860643919910957 -0.051340196247784166 -0.050036350521502362 -0.050851619175190724 -0.050868007028235233 0.047700726273623609 0.05077267225282367 -0.10468597227425643 -0.051005311863336317 0.00645946196946266 0.050642121034722425 0.030653690496403277 0.050240287699618802 -0.10547728194524374 0.049448519360591567 0.050528116001162908 0.050793233914742643 0.048812098239374914 -0.053393398481732468 0.050236012397026901 0.024643828077329941 0.050521061807705582 0.05052510652610967 -0.058504285343616569 -0.054955312933455694 -0.053781660850030756 -0.054543014979315775 -0.050267481769188743 -0.056333924560734654 0.05075037375493438
leaf_weight=32.27631257660687 4.2937047481536856 0.37520581563876709 14.375412875990149 2.2612138194090217 3.1893222849175786 30.251402282447089 30.964293956756592 1.6912791619397491 1.0591661318685512 2.7639897933695456 28.071804258041084 5.745960980391831 4.0914407143136486 0.98169995233183716 11.201436690811532 5.2795777192804962 1.3244785070419312 25.870530020911247 0.82046355260536008 1.4555568860378114 2.4664613182831081 3.5680217736517079 35.386854600161314 1.7326608487637711 3.7096676469809609 0.54472802497912187 0.19379310158547003 0.33831057869247161 0.10939497459912673 491.91187489032745
leaf_count=23 3 239 43746 579 742 199 24 66 491 108 23 100 5 11 28 6 1 22 67 6 166 6 33 30 129 22 14 215 4 392
internal_value=0.045574 0.0205455 -0.0191332 0.0316172 0.0187818 0.0376458 0.0493629 0.0392211 0.00959977 0.0442481 0.0429147 0.0333712 0.00492881 -0.0772075 0.0430762 0.0435366 0.0231326 0.0503404 0.046083 0.0047079 0.0490066 0.0399443 0.0506453 -0.0541352 -0.0560852 -0.0512931 -0.051143 -0.0524808 -0.0524675 0.0507353
internal_weight=748.306 98.3872 21.4641 76.9231 44.6468 35.4704 649.919 57.1365 6.33457 33.0154 50.8019 22.7301 5.78272 2.04087 16.9474 7.08866 1.80908 592.782 39.6131 2.61433 36.9988 6.03448 553.169 9.17638 5.44233 3.73405 2.45501 1.15877 0.484601 527.299
internal_count=47500 45842 43996 1846 1823 900 1658 727 505 307 222 199 71 502 128 250 244 931 484 288 196 172 447 923 159 764 593 282 243 425
is_linear=0
shrinkage=0.05


Tree=73
num_leaves=31
num_cat=0
split_feature=45 46 40 0 40 46 31 17 0 14 37 26 14 8 45 8 16 37 11 0 22 22 32 8 6 33 40 37 8 1
split_gain=27.2388 16.3204 15.8108 6.74174 23.1488 8.05352 2.54166 2.53591 2.37189 8.51576 1.48599 2.6965 4.66607 1.02985 0.4876 0.384126 1.4376 0.308762 1.8139 2.5846 0.257605 2.47655 0.0383124 0.0174536 0.00505085 0.00135594 0.000805513 0.000778021 0.000719424 0.000520946
threshold=1.0000000180025095e-35 1.5550000000000004 0.21500000000000002 228.72500000000005 1.4350000000000003 0.9850000000000001 1.0000000180025095e-35 1.0000000180025095e-35 3029.5900000000006 0.00056150000000000004 1.5000000000000002 13.500000000000002 -1.0000000180025095e-35 23.085000000000004 1.5000000000000002 73.895000000000024 34.379650000000005 1.5000000000000002 1609.9150000000002 8890.9000000000015 261.59000000000009 2683.7850000000003 1.5000000000000002 12.495000000000003 1.5000000000000002 3.8798500000000007 1.0450000000000002 2.5000000000000004 55.605000000000011 7.9939500000000008
decision_type=2 2 2 2 2 2 2 2 2 2 2 2 2 2 2 2 2 2 2 2 2 2 2 2 2 2 2 2 2 2
left_child=1 3 15 -1 5 -5 8 -7 9 -2 11 13 -13 -10 29 16 28 18 20 26 -8 -22 -19 25 -25 -6 -20 -24 -3 -11
right_child=6 2 -4 4 23 7 17 -9 10 14 -12 12 -14 -15 -16 -17 -18 22 19 -21 21 -23 27 24 -26 -27 -28 -29 -30 -31
leaf_value=0.049239021219017909 0.050817964617577475 -0.051277489513983143 -0.050034631963079536 -0.05060080744315109 -0.050826823441195684 0.012611871842473615 0.050734421468253112 0.050274835022457991 0.019900847943348548 -0.05060198897455373 0.050586085406905623 0.050855909056244764 -0.077932102943660764 0.046569394868445406 -0.10049890983319382 0.050462375894221034 0.050753949411901922 0.048678479716294874 -0.053224997427383902 0.050137973748981685 -0.050389366859463769 0.051066454364492087 0.050464504756704692 -0.058050850966803916 -0.054709262380891514 -0.053590130103027038 -0.050254156584647658 0.050713241123492847 -0.055990723233678097 -0.054573141920884707
leaf_weight=30.782977463677526 4.0876418352127066 0.35733226704178611 13.674773702834498 2.4276767248520619 3.0361734218022307 5.3822369110421304 29.475794076919556 26.350874027702957 4.8612181602657136 0.9176431636806226 26.731564693152905 1.4256076812744143 1.3880895736510854 14.178444865916388 0.97886786574963469 5.0284687459934503 1.2608335018157959 24.674672983586788 0.7828560156049198 1.3873306152527221 0.68085447076009487 5.1604796648025513 33.700429717078805 1.6607054519117808 3.5442141903185984 0.51996643497841422 0.32202246044471394 468.25501143932343 0.10468140686862171 0.090752078744117171
leaf_count=23 3 239 43746 701 742 167 24 32 48 487 23 1 98 52 11 6 1 22 67 5 169 3 33 30 129 22 216 392 4 4
internal_value=0.0454816 0.0204226 -0.0191253 0.0313827 0.0185764 0.037172 0.0492917 0.0438868 0.0389968 0.00954143 0.0426798 0.0330086 -0.0126795 0.0397604 -0.0753611 0.0434814 0.0231059 0.0502886 0.0459242 0.00469763 0.0488334 0.039241 0.050602 -0.0539308 -0.0557754 -0.0512309 -0.0523591 0.0506965 -0.0523454 -0.0509594
internal_weight=713.23 94.1309 20.4261 73.7048 42.9218 34.1608 619.099 31.7331 54.6598 6.0749 48.5849 21.8534 2.8137 19.0397 1.98726 6.75132 1.72285 564.439 37.8093 2.49221 35.3171 5.84133 526.63 8.76106 5.20492 3.55614 1.10488 501.955 0.462014 1.0084
internal_count=47500 45842 43996 1846 1823 900 1658 199 727 505 222 199 99 100 502 250 244 931 484 288 196 172 447 923 159 764 283 425 243 491
is_linear=0
shrinkage=0.05


Tree=74
num_leaves=31
num_cat=0
split_feature=45 46 40 24 0 46 31 15 6 8 8 40 26 25 26 0 0 37 37 11 12 33 33 22 22 33 32 33 8 33
split_gain=26.1278 15.4313 17.1054 6.27441 4.41798 25.0212 2.53065 2.27614 6.02817 3.45576 2.00251 1.94028 1.28069 7.70297 1.38373 1.17214 2.88184 0.721155 0.293596 1.72691 2.4563 0.279249 1.22469 0.245329 2.35346 0.153474 0.0402306 0.0284604 0.0194512 0.00383802
threshold=1.0000000180025095e-35 1.2650000000000003 1.4350000000000003 757.11500000000012 228.72500000000005 0.9850000000000001 1.0000000180025095e-35 0.99990000000000012 3.5000000000000004 0.37500000000000006 40.715000000000011 1.1850000000000003 13.500000000000002 75.265000000000015 20.500000000000004 5339.3400000000011 56.430000000000007 1.5000000000000002 1.5000000000000002 1609.9150000000002 4323.6900000000014 1.8834500000000001 1.0590500000000003 261.59000000000009 2683.7850000000003 5.4989500000000016 1.5000000000000002 4.7790500000000007 12.495000000000003 2.8885500000000004
decision_type=2 2 2 2 2 2 2 2 2 2 2 2 2 2 2 2 2 2 2 2 2 2 2 2 2 2 2 2 2 2
left_child=1 3 10 4 -1 28 7 8 15 -10 -3 -7 21 14 -14 16 -2 -15 19 23 -21 22 -9 -8 -25 -11 -20 29 -6 -5
right_child=6 2 -4 27 5 11 18 12 9 25 -12 -13 13 17 -16 -17 -18 -19 26 20 -22 -23 -24 24 -26 -27 -28 -29 -30 -31
leaf_value=0.049104108832123683 0.050742601878558696 -0.051148407055526562 -0.050131674755773625 -0.050986192892606474 -0.050572608748936099 0.051011482718880376 0.050698091345501142 0.047853593357032265 -0.3450751362213999 -0.052597527695681684 0.048716069340939014 0.015535198708369599 -0.17223786057269352 0.016119463013294377 -0.053613568840718911 0.0502800715505934 -0.069867184241530572 0.050461041386218236 0.048542017598399032 -0.052242385763126967 0.050089528557053634 0.049881809645991412 0.0046724218298673237 -0.050370300853822894 0.05101340765371154 -0.09816533022136037 0.050659531344359812 -0.06711883454871076 -0.055421633010544952 -0.058307159206387293
leaf_weight=29.360116451978683 1.2424157857894891 0.53841854579514148 13.766495675401528 1.4426993932574981 3.838637146560357 24.014464444364425 28.057827711105347 9.6329564183397434 0.12390113621950127 0.70902424144151155 7.4186248958285432 4.590956356318201 0.43272619831259251 2.0292496669862867 0.56920274789445102 3.4515279401093721 0.8235833019207347 6.1977628848981112 23.53561208024621 1.0540739320276764 1.3216993517708031 24.905696913134307 1.9794218726747193 0.64788777683861454 4.9137759208679199 0.24991267919540405 477.81484317779541 0.37730319797992695 4.4839340221369639 0.20438571926206339
leaf_count=23 1 295 43825 193 1184 24 24 95 1 237 28 144 25 99 49 4 121 7 22 282 6 38 49 169 3 1 425 2 121 3
internal_value=0.0453942 0.0203067 -0.0164002 0.0319795 0.0346276 0.0231179 0.0492246 0.0387304 0.0112818 -0.0965804 0.0419587 0.0453178 0.0426906 0.0260493 -0.104847 0.0324502 0.0026631 0.0419905 0.050247 0.0458852 0.0046873 0.0468963 0.040493 0.0487965 0.039203 -0.0644731 0.0505601 -0.0547321 -0.0531851 -0.0518946
internal_weight=679.729 90.036 21.7235 68.3125 66.2881 36.928 589.693 52.3474 6.60037 1.08284 7.95704 28.6054 45.747 9.22894 1.00193 5.51753 2.066 8.22701 537.346 35.9953 2.37577 36.5181 11.6124 33.6195 5.56166 0.958937 501.35 2.02439 8.32257 1.64709
internal_count=47500 45842 44148 1694 1496 1473 1658 727 365 239 323 168 362 180 74 126 122 106 931 484 288 182 144 196 172 238 447 198 1305 196
is_linear=0
shrinkage=0.05


Tree=75
num_leaves=31
num_cat=0
split_feature=45 46 40 24 8 8 31 22 46 0 8 6 40 25 0 24 37 37 11 0 22 22 27 32 33 16 0 33 46 37
split_gain=25.0243 14.5826 16.2491 5.93279 4.33313 10.0165 2.54372 2.2491 11.4557 9.09255 2.27085 2.21034 9.52313 1.93294 1.25059 1.07698 0.291101 0.279099 1.64407 2.33201 0.233624 2.2366 0.0697988 0.0422414 0.0239065 0.0229981 0.0347826 0.00328555 0.00222875 0.00104871
threshold=1.0000000180025095e-35 1.2650000000000003 1.4350000000000003 757.11500000000012 3.9750000000000005 1.0000000180025095e-35 1.0000000180025095e-35 280.68000000000001 0.13500000000000004 3029.5900000000006 2.9050000000000007 4.5000000000000009 1.0450000000000002 65.235000000000014 322.78000000000003 5709.7100000000009 1.5000000000000002 1.5000000000000002 1609.9150000000002 8890.9000000000015 261.59000000000009 2683.7850000000003 1017.9300000000002 1.5000000000000002 4.7790500000000007 11.630700000000003 10278.095000000003 2.8885500000000004 0.9850000000000001 2.5000000000000004
decision_type=2 2 2 2 2 2 2 2 2 2 2 2 2 2 2 2 2 2 2 2 2 2 2 2 2 2 2 2 2 2
left_child=1 3 13 4 5 -1 7 -2 10 16 -9 14 -13 -3 -6 -11 -10 18 20 -20 -8 -22 -12 -19 27 26 -15 -5 -7 -25
right_child=6 2 -4 24 11 28 17 8 9 15 22 12 -14 25 -16 -17 -18 23 19 -21 21 -23 -24 29 -26 -27 -28 -29 -30 -31
leaf_value=0.049484658733864255 0.050713096847783169 -0.05224008312139327 -0.050125851730108265 -0.050938502572020754 0.050863828725043948 -0.05039598878462731 0.050663582469538095 -0.20641333494319808 -0.050973648790249175 0.022731585420913011 -0.089659626770029768 0.050282312357143477 -0.072196574743031205 0.039066475255319748 0.033893953284053861 0.049089700480749919 -0.092271717149443849 0.048402402060332528 -0.052135359717699017 0.049991662160902867 -0.050352170985374624 0.050963048392984593 -0.060542149942597358 0.050341209056796135 -0.066012612380898839 0.050676401869465794 0.050742182977398943 -0.057860419148297627 -0.052744956905266982 0.050644482820429042
leaf_weight=5.4883541359595238 21.358592629432678 0.5100005874264778 13.096578980723278 1.3735905591747712 27.888367414474487 2.959423923122813 26.707152247428894 0.40417929424438881 0.76027243909630005 4.7597242068877703 0.27425058407243319 5.581516094680409 2.2176526645198464 1.3116818334092386 17.777310402161675 20.859216134849703 0.9725383237528149 22.450733240693808 1.0048139208374769 1.2597793186432682 0.61650621882290479 4.6786304712295532 0.82481521915178746 30.558459635823965 0.36476260423660267 4.5373690128326416 1.2417356967926025 0.19588076323270787 1.5328823383024426 424.26311326026917
leaf_count=7 18 244 43825 193 21 1017 24 15 442 116 8 8 154 74 151 61 10 22 283 5 169 3 57 33 2 4 1 3 138 392
internal_value=0.0453058 0.0202014 -0.0163756 0.0317806 0.0344105 0.0041675 0.0491525 0.0384136 0.0293094 0.0366952 -0.105075 0.0400562 0.0154561 0.0417781 0.0442576 0.0441926 -0.0741521 0.0502067 0.045848 0.00467728 0.0487614 0.039167 -0.0678079 0.0505196 -0.0544822 0.0485403 0.0447444 -0.0518024 -0.0511975 0.0506241
internal_weight=647.83 86.0771 20.6974 65.3797 63.4455 9.98066 561.753 50.2136 28.855 27.3518 1.50325 53.4648 7.79917 7.60079 45.6657 25.6189 1.73281 511.539 34.2669 2.26459 32.0023 5.29514 1.09907 477.272 1.93423 7.09079 2.55342 1.56947 4.49231 454.822
internal_count=47500 45842 44148 1694 1496 1162 1658 727 709 629 80 334 162 323 172 177 452 931 484 288 196 172 65 447 198 79 75 196 1155 425
is_linear=0
shrinkage=0.05


Tree=76
num_leaves=31
num_cat=0
split_feature=45 46 40 24 8 0 0 31 22 46 0 8 8 24 37 11 12 37 22 22 27 32 33 37 46 40 40 33 33 8
split_gain=24.0927 13.7365 15.4357 5.59753 4.2296 5.09651 19.7611 2.545 2.2213 10.5762 8.51924 1.83234 1.68694 1.11464 0.265275 1.56534 2.21674 0.237252 0.222465 2.12564 0.0563156 0.0443492 0.0201295 0.00121499 0.000658807 0.000515063 0.000335095 0.000175375 0.00013483 8.91045e-05
threshold=1.0000000180025095e-35 1.2650000000000003 1.4350000000000003 757.11500000000012 30.005000000000006 228.72500000000005 5418.0350000000008 1.0000000180025095e-35 280.68000000000001 0.13500000000000004 3029.5900000000006 40.715000000000011 2.9050000000000007 5709.7100000000009 1.5000000000000002 1609.9150000000002 4323.6900000000014 1.5000000000000002 261.59000000000009 2683.7850000000003 1017.9300000000002 1.5000000000000002 2.8885500000000004 2.5000000000000004 1.5550000000000004 1.0450000000000002 13.855000000000002 3.6353000000000004 1.8834500000000001 27.255000000000006
decision_type=2 2 2 2 2 2 2 2 2 2 2 2 2 2 2 2 2 2 2 2 2 2 2 2 2 2 2 2 2 2
left_child=1 3 11 4 5 -1 -7 8 -2 12 17 29 -10 -12 15 18 25 -11 -9 -20 -14 -16 28 -23 26 -17 27 -4 -5 -3
right_child=7 2 24 22 -6 6 -8 14 9 10 13 -13 20 -15 21 16 -18 -19 19 -21 -22 23 -24 -25 -26 -27 -28 -29 -30 -31
leaf_value=0.047228135050243952 0.050677841135853885 -0.050707448995886917 -0.050578360125534565 -0.050614153946775653 0.050733762239363482 -0.053138699935920554 0.043349139721954304 0.050630800952398317 -0.18426626232951682 -0.050928725569647372 0.021830616531788957 0.048405386788849342 -0.086515942465518358 0.048877318449063428 0.048259324167198268 -0.052773153059532445 0.049946311398647497 -0.088841243600925157 -0.050334932550160631 0.050915234278732152 -0.060071406282471963 0.050278157785126856 -0.062368544839104506 0.050612657039511226 -0.050029736473439584 -0.050218847524571709 -0.05360291252723013 -0.052797130984672772 -0.051817123303678797 -0.052407220667028701
leaf_weight=14.221910785883663 20.330699265003204 0.40193112024280964 0.45676558019476843 1.0044945709814772 23.46665848736302 8.2110255322331813 15.001080751782863 25.420662283897403 0.42942316341214137 0.7238153531798186 4.7096665834251352 6.7639224336599 0.2701089911861343 19.925978109356947 21.417534599080682 0.68046322718146202 1.2001840083394197 0.95990044306381606 0.58663463476113875 4.4545248746871948 0.79058157908730209 29.103650206699967 0.53992873989045609 403.81892496347427 11.731988468120106 0.27798251956119202 0.15982209326466545 0.11063046776689589 0.30324138631112862 0.095401107057114132
leaf_count=12 18 273 126 179 23 1312 149 24 15 442 116 28 8 61 22 67 6 10 169 3 57 33 5 392 43691 215 4 4 14 22
internal_value=0.0452064 0.0200504 -0.01635 0.0314902 0.0340914 0.0236586 0.00921764 0.0490834 0.0381164 0.0289331 0.0362699 0.0415947 -0.100656 0.0437067 0.0501676 0.0458123 0.00466713 -0.072543 0.048728 0.0391329 -0.0668056 0.0504803 -0.0542465 0.0505902 -0.0501203 -0.0520323 -0.0515806 -0.051011 -0.0508931 -0.0510335
internal_weight=617.57 82.4688 19.7205 62.7483 60.9007 37.434 23.2121 535.101 48.1402 27.8095 26.3194 7.26125 1.49011 24.6356 486.961 32.6205 2.15863 1.68372 30.4618 5.04116 1.06069 454.34 1.84766 432.923 12.4592 0.958446 0.727218 0.567396 1.30774 0.497332
internal_count=47500 45842 44148 1694 1496 1473 1461 1658 727 709 629 323 80 177 931 484 288 452 196 172 65 447 198 425 43825 282 134 130 193 295
is_linear=0
shrinkage=0.05


Tree=77
num_leaves=31
num_cat=0
split_feature=37 46 40 24 8 0 0 31 2 0 40 18 23 14 15 11 37 37 11 12 22 22 38 16 32 16 0 33 37 9
split_gain=23.0858 12.9192 14.6375 5.37075 4.09571 4.85828 18.584 2.54187 2.18606 5.21332 1.90934 1.03809 0.968957 3.70978 0.732939 2.51441 0.259041 0.253897 1.48866 2.10611 0.215813 2.03777 0.202719 0.0649937 0.046558 0.0165588 0.0251123 0.0164036 0.00140679 0.000743854
threshold=1.0000000180025095e-35 1.2650000000000003 1.4350000000000003 757.11500000000012 30.005000000000006 228.72500000000005 5418.0350000000008 1.0000000180025095e-35 16.500000000000004 4617.4650000000011 1.0000000180025095e-35 0.27920000000000006 1.0000000180025095e-35 0.0071935000000000011 0.99990000000000012 6448.2100000000009 1.5000000000000002 1.5000000000000002 1609.9150000000002 4323.6900000000014 261.59000000000009 2683.7850000000003 2.5000000000000004 -5.2447999999999988 1.5000000000000002 11.630700000000003 10278.095000000003 2.8885500000000004 2.5000000000000004 3.5000000000000004
decision_type=2 2 2 2 2 2 2 2 2 2 2 2 2 2 2 2 2 2 2 2 2 2 2 2 2 2 2 2 2 2
left_child=1 3 10 4 5 -1 -7 8 11 22 29 14 -13 -14 15 -2 -16 18 20 -20 -9 -22 23 -10 -19 26 -12 -5 -26 -3
right_child=7 2 -4 27 -6 6 -8 17 9 -11 25 12 13 -15 16 -17 -18 24 19 -21 21 -23 -24 -25 28 -27 -28 -29 -30 -31
leaf_value=0.046998922723045705 -0.064089433290267589 -0.051234649415573798 -0.050114564773033277 -0.050843559610613265 0.050686174191539701 -0.052996445265421258 0.042562813610055407 0.050599659264982715 -0.076039387074569822 0.034500784198559356 0.040254337175983673 0.0506612801052738 0.050637800540474953 -0.095234150223433914 0.04128065301174523 0.048120927751356388 0.050380852689169808 0.048112469033392724 -0.051918330963272669 0.049891104433682505 -0.050316527920308884 0.050869836628371773 -0.10973649928738803 -0.052528165995681525 0.05021359677313323 0.050612595044393853 0.050672130908380457 -0.061280777883067794 0.050582419528779565 -0.056007572228168039
leaf_weight=13.592631235718725 0.67024109760677619 0.40321902370488061 11.822105495812137 1.2558455243270135 22.341475585024455 7.8303993849258431 14.526477000181329 24.195389449596412 0.4504060479594042 5.8578377156809438 1.1877699179021874 1.1099073886871329 1.0714995861053465 0.73472490091808151 12.60269180103205 1.9567977489350594 20.606250437209383 20.433624394237995 0.9140015243319789 1.1435099174268541 0.56370118365157296 4.2409611940383911 0.25162081098824263 0.8461529977648744 27.718956366181374 4.1197203397750854 1.127638578414917 0.53760559589136381 384.34827297925949 0.10235304269008338
leaf_count=12 215 236 43789 207 25 1313 149 24 3 39 54 1 1 50 188 16 23 22 298 5 173 3 7 207 33 4 1 8 392 2
internal_value=0.0451196 0.0199419 -0.0162763 0.0312519 0.033874 0.0234257 0.0090936 0.0490143 0.0378249 0.0129344 0.0413605 0.0425817 0.013894 -0.0086991 0.0449162 0.0194925 0.0469274 0.0501285 0.0457618 0.00466463 0.0486776 0.0389983 -0.0686661 -0.0606956 0.0504421 0.0487111 0.045328 -0.0539722 0.0505576 -0.0522009
internal_weight=588.564 78.8472 18.7628 60.0844 58.291 35.9495 22.3569 509.717 46.1581 7.40602 6.9407 38.7521 2.91613 1.80622 35.836 2.62704 33.2089 463.558 31.0576 2.05751 29.0001 4.80466 1.54818 1.29656 432.501 6.43513 2.31541 1.79345 412.067 0.505572
internal_count=47500 45800 44086 1714 1499 1474 1462 1700 750 256 297 494 52 51 442 231 211 950 503 303 200 176 217 210 447 59 55 215 425 238
is_linear=0
shrinkage=0.05


Tree=78
num_leaves=31
num_cat=0
split_feature=45 46 40 0 46 34 31 22 46 0 25 40 8 24 37 11 0 22 22 37 32 11 16 0 33 8 11 37 8 46
split_gain=22.1181 12.2642 13.9271 5.12435 18.9889 6.17935 2.56975 2.19773 9.60765 7.52441 1.71525 1.68851 1.1927 1.14553 0.239434 1.41888 2.00126 0.201688 1.92022 0.158031 0.048872 0.0386809 0.0253145 0.0370294 0.013995 0.0135268 0.00334425 0.00162793 0.000661611 0.000491542
threshold=1.0000000180025095e-35 1.2650000000000003 1.4350000000000003 228.72500000000005 0.9850000000000001 1.0000000180025095e-35 1.0000000180025095e-35 280.68000000000001 0.13500000000000004 3029.5900000000006 65.235000000000014 1.1850000000000003 2.9050000000000007 5709.7100000000009 1.5000000000000002 1609.9150000000002 8890.9000000000015 261.59000000000009 2683.7850000000003 1.5000000000000002 1.5000000000000002 6118.3900000000003 11.630700000000003 10278.095000000003 4.7790500000000007 12.495000000000003 2397.2300000000005 2.5000000000000004 55.605000000000011 1.5550000000000004
decision_type=2 2 2 2 2 2 2 2 2 2 2 2 2 2 2 2 2 2 2 2 2 2 2 2 2 2 2 2 2 2
left_child=1 3 10 -1 25 11 7 -2 12 19 28 -6 -9 -11 15 17 -17 -8 -19 -10 -16 -14 23 -12 -7 -5 -27 -22 -3 -4
right_child=6 2 29 4 5 24 14 8 9 13 22 -13 21 -15 20 16 -18 18 -20 -21 27 -23 -24 -25 -26 26 -28 -29 -30 -31
leaf_value=0.048550901492445647 0.050615421265577915 -0.051108908994664616 -0.051432533514693513 -0.050522240134598377 0.050710508654842591 -0.051762783165900418 0.050570071640389562 -0.16272950261219529 -0.050833228439773608 0.020277344401658459 0.03778976715441338 0.015124750461129384 -0.052781667893079948 0.048488457938341639 0.047961520051174433 -0.051838758131179864 0.049814792440713435 -0.05030295451256292 0.050826726690639638 -0.082750868290055402 0.050147145631133642 -0.072958337681527832 0.050582362083814864 0.0506389182532491 -0.063257305497047653 -0.053849776933968599 -0.05696776204519597 0.050553690269714749 -0.055771866751126664 -0.050026994720816502
leaf_weight=24.269409518688917 18.50117415189743 0.36212337530742189 0.66075043985620041 3.3401178295316631 20.235574251040823 1.3629010826552974 23.028492033481605 0.45692626258824276 0.66576362883279461 4.4816568328096791 1.174017053534044 3.990833082527387 0.37373468506848417 18.257695325446548 19.496714238077402 0.87127585873531521 1.0897494727396406 0.53113793578813684 4.0374624729156494 0.92891070403857157 26.401157020591199 0.65184397110715508 3.9210823774337769 1.0733287334442139 0.32866655290126789 2.7054214594900263 1.260744899351266 365.80590867996216 0.096301064593717456 10.616298275919688
leaf_count=23 18 240 134 1208 19 160 24 15 442 116 74 145 58 61 22 283 5 169 3 10 33 7 4 1 2 101 36 392 4 43691
internal_value=0.0450279 0.0198324 -0.0163042 0.0310855 0.0183276 0.0383972 0.0489401 0.0374626 0.0280368 0.0355655 0.0412227 0.0448484 -0.0955404 0.0429284 0.0500928 0.045746 0.00465052 0.0486662 0.0390696 -0.0694255 0.0504049 -0.0656057 0.0481574 0.0439265 -0.0539961 -0.0528666 -0.0548409 0.0505263 -0.0520885 -0.0501093
internal_weight=560.977 75.3976 17.9039 57.4937 33.2243 25.918 485.58 44.3177 25.8165 24.334 6.62685 24.2264 1.4825 22.7394 441.262 29.5581 1.96103 27.5971 4.5686 1.59467 411.704 1.02558 6.16843 2.24735 1.69157 7.30628 3.96617 392.207 0.458424 11.277
internal_count=47500 45842 44148 1694 1671 326 1658 727 709 629 323 164 80 177 931 484 288 196 172 452 447 65 79 75 162 1345 137 425 244 43825
is_linear=0
shrinkage=0.05


Tree=79
num_leaves=31
num_cat=0
split_feature=37 46 40 0 46 34 31 22 46 0 40 40 24 8 37 11 12 22 22 45 32 11 14 0 33 8 11 37 9 46
split_gain=21.1913 11.5325 13.209 4.92463 17.9765 5.82039 2.5673 2.15319 8.90407 7.12484 1.7561 1.71699 1.14453 0.897401 0.229187 1.34984 1.90148 0.1958 1.84173 0.132827 0.0512959 0.032878 0.018311 0.0277749 0.011798 0.0114857 0.0026557 0.0018828 0.000536561 0.000424561
threshold=1.0000000180025095e-35 1.2650000000000003 1.4350000000000003 228.72500000000005 0.9850000000000001 1.0000000180025095e-35 1.0000000180025095e-35 280.68000000000001 0.13500000000000004 3029.5900000000006 1.0000000180025095e-35 1.1850000000000003 5709.7100000000009 2.9050000000000007 1.5000000000000002 1609.9150000000002 4323.6900000000014 261.59000000000009 2683.7850000000003 1.5000000000000002 1.5000000000000002 6118.3900000000003 6.1188080000000005 10278.095000000003 4.7790500000000007 12.495000000000003 2397.2300000000005 2.5000000000000004 3.5000000000000004 1.5550000000000004
decision_type=2 2 2 2 2 2 2 2 2 2 2 2 2 2 2 2 2 2 2 2 2 2 2 2 2 2 2 2 2 2
left_child=1 3 10 -1 25 11 7 -2 13 19 28 -6 -11 -9 15 17 -17 -8 -19 -10 -16 -15 23 -12 -7 -5 -27 -22 -3 -4
right_child=6 2 29 4 5 24 14 8 9 12 22 -13 -14 21 20 16 -18 18 -20 -21 27 -23 -24 -25 -26 26 -28 -29 -30 -31
leaf_value=0.048401571698304856 0.050537091499406939 -0.051134984357964444 -0.051364201532382414 -0.050497440413674682 0.050519255943709422 -0.051682990180235415 0.050541960953519698 -0.14817990775411002 -0.050776059476156099 0.019824026729925483 0.039090612106625511 0.014425206468369431 0.048310021986107982 -0.052627578654354169 0.04780615630746321 -0.051737929541083374 0.049749680458394445 -0.050286306592039913 0.050785785106803455 -0.080340805595866371 0.050078404091699835 -0.071553100027692176 0.05053605670518263 0.050607375579956641 -0.062447874285645258 -0.05365553905864745 -0.056475470748604165 0.050526397190603117 -0.055358876746985933 -0.0500255716560567
leaf_weight=23.155225392431021 17.617543112544809 0.37618863677198788 0.62934033513010845 3.1772692117083379 19.31972647225485 1.2983827159623604 21.91725558042527 0.47618736006552598 0.65251924668337113 4.4196867553109795 1.0737710666144267 3.9723056344373608 17.44210388699139 0.36056771053699777 18.604618232697248 0.8307820908667044 1.0384293626993892 0.51059088221518223 3.8435711860656738 0.90934314479818568 25.147173231467605 0.6312258904799819 3.7686281647911528 1.0216022729873657 0.31658637523651112 2.5836024895543237 1.2335451565013498 348.14857417345047 0.093965448904782534 10.070520811845197
leaf_count=23 21 236 134 1211 19 160 24 15 460 121 51 146 61 57 22 298 5 173 3 9 33 6 7 1 2 107 46 392 2 43655
internal_value=0.0449407 0.0197257 -0.0162276 0.0308493 0.0181093 0.0379992 0.0488705 0.0371612 0.0276941 0.0351805 0.0409981 0.0443636 0.0425512 -0.091761 0.0500555 0.045697 0.00464291 0.048618 0.0389336 -0.0679892 0.0503685 -0.0646727 0.0484527 0.0447056 -0.0537933 -0.0527183 -0.0545668 0.0504962 -0.0519792 -0.0501043
internal_weight=534.641 72.0907 17.034 55.0566 31.9014 24.907 462.55 42.5092 24.8916 23.4237 6.33416 23.292 21.8618 1.46798 420.041 28.1406 1.86921 26.2714 4.35416 1.56186 391.9 0.991794 5.864 2.09537 1.61497 6.99442 3.81715 373.296 0.470154 10.6999
internal_count=47500 45800 44086 1714 1691 327 1700 750 729 651 297 165 182 78 950 503 303 200 176 469 447 63 59 52 162 1364 153 425 238 43789
is_linear=0
shrinkage=0.05


Tree=80
num_leaves=31
num_cat=0
split_feature=45 46 40 0 46 34 31 22 46 13 40 8 0 8 37 27 18 22 1 24 11 33 8 11 46 8 40 33 25 8
split_gain=20.3072 10.9529 12.5645 4.69306 16.9235 5.4816 2.57518 2.14312 8.23701 6.63934 1.73874 1.57896 0.994479 0.678206 0.220918 1.02379 1.18337 0.252677 2.83282 0.121417 0.0272403 0.00998804 0.00998583 0.00245589 0.000366604 0.000208569 0.0001839 9.67986e-05 4.96942e-05 4.76275e-05
threshold=1.0000000180025095e-35 1.2650000000000003 1.4350000000000003 228.72500000000005 0.9850000000000001 1.0000000180025095e-35 1.0000000180025095e-35 280.68000000000001 0.13500000000000004 3241.8350000000005 1.1850000000000003 40.715000000000011 4437.9300000000012 2.9050000000000007 2.5000000000000004 4667.1300000000001 0.32290000000000002 261.59000000000009 8.0036500000000022 6596.6200000000017 6118.3900000000003 2.8885500000000004 12.495000000000003 2397.2300000000005 1.5550000000000004 1.0000000180025095e-35 13.855000000000002 3.6353000000000004 1.0000000180025095e-35 27.255000000000006
decision_type=2 2 2 2 2 2 2 2 2 2 2 2 2 2 2 2 2 2 2 2 2 2 2 2 2 2 2 2 2 2
left_child=1 3 11 -1 22 10 7 -2 13 19 -6 28 -11 -9 15 17 -17 -8 -19 -10 -15 -7 25 -24 26 -5 27 -4 29 -3
right_child=6 2 24 4 5 21 14 8 9 12 -12 -13 -14 20 -16 16 -18 18 -20 -21 -22 -23 23 -25 -26 -27 -28 -29 -30 -31
leaf_value=0.048248128059103078 0.050556224028877342 -0.050961206780346741 -0.050473679259707221 -0.053368528282018268 0.050323006704875411 -0.05096708674401336 0.050510656789420329 -0.1361963071958395 -0.058093774552621748 0.014533354696251591 0.01378338010042706 0.047950135326242052 0.046397861369968922 -0.052533521202031801 0.050501161671776477 -0.017634484390260895 0.050480248337997295 -0.050766304498933247 0.048320986873834709 -0.096037908962310292 -0.070186773062236404 -0.05975055660298445 -0.053474716822933525 -0.05626902055116012 -0.050024509350254591 -0.050414323089608706 -0.052936634919051907 -0.052285135160620833 -0.050456348531434651 -0.052813892551821777
leaf_weight=22.094235144555569 16.760456740856171 0.10595268147881398 0.37422756958403525 0.0609750407456916 18.447373815579347 1.0792627120536042 41.349485337734222 0.49175931120408012 1.331962454169118 2.8299059700730167 3.9534482040326102 5.6145970913930796 18.173625576164341 0.33973531506489962 342.75753337144852 1.2844392639817661 1.2662591887637973 0.76585963841352978 12.400930104602592 0.25047503135283467 0.61249822500394657 0.46229727938771237 2.464715049740335 1.1547195601160636 9.6079068057297246 2.9640090464235982 0.1333113748987671 0.091849165037274361 0.27816592931048945 0.05157492752186954
leaf_count=23 18 61 126 3 19 157 48 15 366 179 145 28 81 58 405 55 6 323 94 3 7 5 101 36 43691 1205 4 4 231 3
internal_value=0.0448524 0.0196178 -0.0162581 0.0306892 0.0180056 0.0375982 0.0488007 0.0368333 0.0272618 0.0346636 0.0438742 0.0408347 0.0421046 -0.0885133 0.0500216 0.0471412 0.0161801 0.0485898 0.0425575 -0.0640997 -0.0638885 -0.0536012 -0.0525941 -0.0543662 -0.0500994 -0.0504739 -0.0512991 -0.0508307 -0.0508582 -0.0515678
internal_weight=509.554 68.9386 16.2576 52.681 30.5868 23.9424 440.615 40.7904 24.03 22.586 22.4008 6.05029 21.0035 1.44399 399.825 57.067 2.5507 54.5163 13.1668 1.58244 0.952234 1.54156 6.64442 3.61943 10.2073 3.02498 0.599388 0.466077 0.435694 0.157528
internal_count=47500 45842 44148 1694 1671 326 1658 727 709 629 164 323 260 80 931 526 61 465 417 369 65 162 1345 137 43825 1208 134 130 295 64
is_linear=0
shrinkage=0.05


Tree=81
num_leaves=31
num_cat=0
split_feature=37 46 40 0 46 34 31 22 46 0 40 40 24 8 46 25 24 18 34 14 9 45 37 11 14 0 33 8 27 9
split_gain=19.4675 10.2935 11.9131 4.51284 16.0206 5.16014 2.56961 2.09792 7.65581 6.37742 1.76118 1.62921 1.19414 0.51962 0.226222 1.08504 0.216276 0.996168 0.128154 0.731368 2.42396 0.0946958 0.0279607 0.0232126 0.0199399 0.0296424 0.00850247 0.00847621 0.00195762 0.000533528
threshold=1.0000000180025095e-35 1.2650000000000003 1.4350000000000003 228.72500000000005 0.9850000000000001 1.0000000180025095e-35 1.0000000180025095e-35 280.68000000000001 0.13500000000000004 3029.5900000000006 1.1850000000000003 1.0000000180025095e-35 5709.7100000000009 2.9050000000000007 1.8250000000000004 32.845000000000006 3418.3350000000005 0.32290000000000002 1.5000000000000002 0.0071935000000000011 1.5000000000000002 1.5000000000000002 2.5000000000000004 6118.3900000000003 6.1188080000000005 10278.095000000003 2.8885500000000004 12.495000000000003 1287.4700000000003 3.5000000000000004
decision_type=2 2 2 2 2 2 2 2 2 2 2 2 2 2 2 2 2 2 2 2 2 2 2 2 2 2 2 2 2 2
left_child=1 3 11 -1 27 10 7 -2 13 21 -6 29 -11 -9 18 -16 17 -17 19 -8 -21 -10 -18 -15 25 -13 -7 -5 -29 -3
right_child=6 2 -4 4 5 26 14 8 9 12 -12 24 -14 23 15 16 22 -19 -20 20 -22 -23 -24 -25 -26 -27 -28 28 -30 -31
leaf_value=0.048090186599726137 0.050475883434544122 -0.051061072142240128 -0.050094615757366762 -0.05045098268713754 0.050120881222157236 -0.050920820456578808 0.050492688638908483 -0.12624987202617313 -0.050710456748632185 0.01799763045606562 0.01313440960024463 0.038130526929577385 0.047819455277412187 -0.052392441956008534 -0.010789633413733813 -0.050701705039322753 0.045439322480555829 0.049756710182708712 0.050458729989837851 -0.05151241092662863 0.05069052967676542 -0.076500229399222061 0.05047768212701146 -0.068979553145124078 0.050481230440677143 0.05055036526342685 -0.059202817198345796 -0.056328652297691434 -0.053482479020380315 -0.055319612868406143
leaf_weight=21.0839913636446 15.959856361791024 0.34598116713459504 9.6842086382239341 2.8776323587080723 17.616687310393907 1.0275357193168009 15.803797423839571 0.50366093279444857 0.59851150102986383 4.2458259413688237 3.9379879175976376 0.99631689836678539 16.031910724108457 0.32768762187333778 0.84896984697843692 0.30973639346484438 3.7327426045521852 1.2139827162609436 345.26111054245848 0.7911047125817271 2.175609827041626 0.87822692061308771 10.498178184032438 0.59192984155379236 3.4223421165952459 0.92780745029449463 0.4437160282395779 0.77778679775656234 2.7062782534849248 0.093404800863936543
leaf_count=23 21 236 43789 1211 19 157 19 15 460 121 146 51 61 57 47 184 103 20 439 123 2 9 13 6 7 1 5 24 129 2
internal_value=0.0447578 0.019502 -0.01618 0.0304389 0.017775 0.0371796 0.0487253 0.0365254 0.0269194 0.0342696 0.0433635 0.0405855 0.0415753 -0.0854271 0.0499797 0.0442721 0.0472392 0.0293359 0.05024 0.0462165 0.0234371 -0.0660478 0.0491561 -0.0630691 0.0481917 0.0441193 -0.0534186 -0.0524592 -0.0541179 -0.0519664
internal_weight=485.715 65.9417 15.4701 50.4716 29.3876 23.0259 419.773 39.1376 23.1778 21.7545 21.5547 5.78585 20.2777 1.42328 380.635 16.6036 15.7546 1.52372 364.032 18.7705 2.96671 1.47674 14.2309 0.919617 5.34647 1.92412 1.47125 6.3617 3.48407 0.439386
internal_count=47500 45800 44086 1714 1691 327 1700 750 729 651 165 297 182 78 950 367 320 204 583 144 125 469 116 63 59 52 162 1364 153 238
is_linear=0
shrinkage=0.05


Tree=82
num_leaves=31
num_cat=0
split_feature=45 46 40 0 46 34 31 22 46 22 40 25 2 8 46 32 24 33 34 10 9 45 16 0 11 8 33 26 11 38
split_gain=18.6622 9.77503 11.3326 4.30044 15.0725 4.85689 2.5784 2.0895 7.09757 5.97815 1.77657 1.47546 1.1229 0.399763 0.225517 1.08025 0.299775 1.09094 0.126902 0.720033 2.33648 0.0979689 0.0283439 0.0400491 0.0192788 0.00737474 0.00724204 0.00451014 0.00181075 0.000548983
threshold=1.0000000180025095e-35 1.2650000000000003 1.4350000000000003 228.72500000000005 0.9850000000000001 1.0000000180025095e-35 1.0000000180025095e-35 280.68000000000001 0.13500000000000004 3749.1900000000001 1.1850000000000003 65.235000000000014 16.500000000000004 2.9050000000000007 1.8250000000000004 2.5000000000000004 5366.6350000000011 0.40435000000000004 1.5000000000000002 276.68000000000006 1.5000000000000002 1.5000000000000002 11.630700000000003 10278.095000000003 6118.3900000000003 12.495000000000003 2.8885500000000004 39.500000000000007 2397.2300000000005 2.5000000000000004
decision_type=2 2 2 2 2 2 2 2 2 2 2 2 2 2 2 2 2 2 2 2 2 2 2 2 2 2 2 2 2 2
left_child=1 3 11 -1 25 10 7 -2 13 21 -6 -3 -11 -9 18 -16 17 -17 19 -8 -21 -10 23 -13 -15 -5 -7 -18 -27 -20
right_child=6 2 -4 4 5 26 14 8 9 12 -12 22 -14 24 15 16 27 -19 29 20 -22 -23 -24 -25 -26 28 -28 -29 -30 -31
leaf_value=0.047927358190310486 0.050502780464782848 -0.051842345272675373 -0.050090269618947747 -0.050429579214167401 0.049911970046221485 -0.050876730620984516 0.050468429941948112 -0.11792276790635431 -0.051393270992732179 0.047006449716393402 0.012543062626384086 0.035905732432262506 0.015794902275467315 -0.052305990476471269 -0.0071322475085052938 0.04972780281713951 0.050409027717497328 -0.050914992703564345 0.050215960941266839 -0.051424214319962275 0.050648813092450534 -0.078341388721904937 0.050480113707027124 0.050523236788111575 -0.067804690996186828 -0.053134769775640106 -0.058689575567387159 0.048398409051049106 -0.055644391436027979 0.050453077474367017
leaf_weight=20.122153237462044 15.181927263736723 0.40186003042617713 9.2398585469127266 2.7393913847627145 16.825904231052853 0.97824789288279024 15.040081083774568 0.51203699473990372 1.0966778012880265 15.893657164284379 3.9218869986943892 0.99838360186549813 3.519900211642379 0.30871365801431239 0.96572165262477838 1.1565834079665354 9.4369960258627525 0.35096936993068073 26.55682990688365 0.76873469112615511 2.0710184686176945 0.48704857635311771 3.2445987462997437 0.88301968574523926 0.57317825657082722 2.2428008779897941 0.42567314859479666 3.9593420740857246 1.0577342482647507 302.02505427598953
leaf_count=23 18 244 43825 1208 19 157 19 15 465 102 145 74 58 58 42 24 21 214 44 129 3 4 4 1 7 101 5 41 36 394
internal_value=0.0446639 0.0193887 -0.0162118 0.0302705 0.0176676 0.0367581 0.0486509 0.0361833 0.0264742 0.0337274 0.0428482 0.0404162 0.0413474 -0.0827822 0.0499437 0.0441153 0.047436 0.0262974 0.0502107 0.0461085 0.0230172 -0.0596807 0.0476489 0.0427663 -0.0623792 -0.0523473 -0.0532456 0.0498148 -0.053939 0.0504339
internal_weight=462.986 63.0815 14.7677 48.3138 28.1916 22.1517 399.904 37.5731 22.3912 20.9973 20.7478 5.52786 19.4136 1.39393 362.331 15.8696 14.9039 1.50755 346.462 17.8798 2.83975 1.58373 5.126 1.8814 0.881892 6.03993 1.40392 13.3963 3.30054 328.582
internal_count=47500 45842 44148 1694 1671 326 1658 727 709 629 164 323 160 80 931 342 300 238 589 151 132 469 79 75 65 1345 162 62 137 438
is_linear=0
shrinkage=0.05


Tree=83
num_leaves=31
num_cat=0
split_feature=37 46 40 0 46 40 31 22 46 0 40 17 24 8 46 25 24 18 37 14 16 45 37 12 0 11 8 11 27 9
split_gain=17.9065 9.17855 10.7457 4.13621 14.2637 4.79162 2.57088 2.04106 6.61438 5.75539 1.50299 1.28603 1.22337 0.311695 0.238654 1.11649 0.19658 0.90533 0.118767 0.794932 2.32143 0.0699873 0.0323433 0.0220474 0.0336829 0.0164664 0.00626012 0.00448146 0.00144133 0.000386865
threshold=1.0000000180025095e-35 1.2650000000000003 1.4350000000000003 228.72500000000005 0.9850000000000001 1.4350000000000003 1.0000000180025095e-35 280.68000000000001 0.13500000000000004 3029.5900000000006 1.0000000180025095e-35 1.0000000180025095e-35 5709.7100000000009 2.9050000000000007 1.8250000000000004 32.845000000000006 3418.3350000000005 0.32290000000000002 1.5000000000000002 0.0071935000000000011 7.0197000000000012 1.5000000000000002 2.5000000000000004 66.52500000000002 10278.095000000003 6118.3900000000003 12.495000000000003 567.2600000000001 1287.4700000000003 3.5000000000000004
decision_type=2 2 2 2 2 2 2 2 2 2 2 2 2 2 2 2 2 2 2 2 2 2 2 2 2 2 2 2 2 2
left_child=1 3 10 -1 26 11 7 -2 13 21 29 -6 -11 -9 18 -16 17 -17 19 -8 -21 -10 -18 24 -12 -15 -5 -7 -28 -3
right_child=6 2 -4 4 5 27 14 8 9 12 23 -13 -14 25 15 16 22 -19 -20 20 -22 -23 -24 -25 -26 -27 28 -29 -30 -31
leaf_value=0.047759244449338739 0.050416215558051515 -0.050992358796161798 -0.050086186126822807 -0.050409046387593873 0.016291215499737007 -0.060669726836652442 0.050443137215395562 -0.11087867721199976 -0.050647890208975616 0.016351891648188736 0.036488439853889706 0.048719763564555062 0.047299369190992396 -0.052176967009022281 -0.013042701702877517 -0.050633790394069268 0.044794640947624073 0.04958899824955567 0.050431403734617644 -0.051298328449247643 0.050421523569428077 -0.073563712543358584 0.050432113506137605 0.050383784001717669 0.05049745703752722 -0.066762180353941922 -0.055696151841885137 -0.052243847220020005 -0.053142727198711326 -0.054766922022831004
leaf_weight=19.206482030451298 14.457272967905736 0.32400666345347318 8.7646357791527389 2.6060533722775316 3.7707386533438756 0.18144525258685362 17.240987896919254 0.51720238759299053 0.54845639240011468 4.0752082320541403 0.87669817102141656 16.158180176396854 14.756866329465991 0.29770154383732006 0.81791315539157849 0.28317044871800923 3.4729818320483892 1.1030860798200592 309.70825505256653 0.78336475882679146 1.9750749315135181 0.84888426074758172 9.5138026475906354 3.1591142050019698 0.84037226438522339 0.55294224945828319 0.71251316167763468 1.2113693579594835 2.4633250127590145 0.085875825025141239
leaf_count=23 21 236 43789 1211 155 9 23 15 460 121 49 26 61 57 47 184 103 20 424 133 3 9 13 9 1 6 24 137 129 2
internal_value=0.0445708 0.0192686 -0.0161286 0.0300082 0.0174293 0.0363178 0.0485799 0.0358759 0.0261425 0.0333377 0.0401753 0.042584 0.0406024 -0.0802689 0.0499079 0.0437805 0.0470141 0.0291165 0.0501903 0.0464559 0.0215343 -0.0645692 0.0489245 0.0479051 0.0433448 -0.0616578 -0.0522252 -0.0533415 -0.0537156 -0.0517832
internal_weight=441.314 60.3608 14.0507 46.3101 27.1036 21.3217 380.953 36.0545 21.5973 20.2294 5.28607 19.9289 18.8321 1.36785 344.899 15.191 14.373 1.38626 329.708 19.9994 2.75844 1.39734 12.9868 4.87618 1.71707 0.850644 5.78189 1.39281 3.17584 0.409882
internal_count=47500 45800 44086 1714 1691 327 1700 750 729 651 297 181 182 78 950 367 320 204 583 159 136 469 116 59 50 63 1364 146 153 238
is_linear=0
shrinkage=0.05


Tree=84
num_leaves=31
num_cat=0
split_feature=45 46 40 0 46 34 31 22 46 22 40 1 2 8 46 32 24 29 37 14 16 45 16 11 33 8 34 11 16 46
split_gain=17.1927 8.71197 10.2208 3.94624 13.4075 4.58822 2.58067 2.03382 6.1429 5.40801 1.68614 1.37219 1.14414 0.243624 0.23875 1.10412 0.283619 1.00968 0.116816 0.777526 2.23092 0.0689971 0.0571078 0.0137056 0.00648393 0.00544748 0.0049967 0.00133623 0.000390596 0.000204727
threshold=1.0000000180025095e-35 1.2650000000000003 1.4350000000000003 228.72500000000005 0.9850000000000001 1.0000000180025095e-35 1.0000000180025095e-35 280.68000000000001 0.13500000000000004 3749.1900000000001 1.1850000000000003 8.0848500000000012 16.500000000000004 2.9050000000000007 1.8250000000000004 2.5000000000000004 5366.6350000000011 0.023950000000000003 1.5000000000000002 0.0071935000000000011 7.0197000000000012 1.5000000000000002 2.0201500000000006 6118.3900000000003 2.8885500000000004 12.495000000000003 11.500000000000002 2397.2300000000005 1.2220500000000003 1.5550000000000004
decision_type=2 2 2 2 2 2 2 2 2 2 2 2 2 2 2 2 2 2 2 2 2 2 2 2 2 2 2 2 2 2
left_child=1 3 11 -1 25 10 7 -2 13 21 -6 28 -11 -9 18 -16 17 -17 19 -8 -21 -10 -13 -15 -7 -5 -18 -27 -3 -4
right_child=6 2 29 4 5 24 14 8 9 12 -12 22 -14 23 15 16 26 -19 -20 20 -22 -23 -24 -25 -26 27 -28 -29 -30 -31
leaf_value=0.047585440955357494 0.050454522498776133 -0.050745484395727083 -0.051069080259213639 -0.050389603626969363 0.049477577973083699 -0.050823855578464854 0.050421339562046488 -0.10486669315582459 -0.051350447008107439 0.046399806449988729 0.012248535489065786 0.036314977427005291 0.014152719778476855 -0.052097637066551218 -0.0090262994185336173 0.04963085237819502 0.048317583767122418 -0.050871224527622043 0.050410187598907669 -0.051226572765251027 0.050369841844776733 -0.074544381742746454 0.05015790677146903 -0.065746644078521349 -0.058339207517023456 -0.052828909175141214 0.050414998055476515 -0.055085026475402546 -0.054704944639680966 -0.050020209054429436
leaf_weight=18.334838327020407 13.750825583934782 0.29998049745336075 0.49446567757695259 2.4805710900545845 15.399790526833391 0.94074688781984039 16.407046437263492 0.51944541928242205 1.0311143277067483 14.661617786958233 3.789839174685766 0.93015660055971228 3.385903889713517 0.28042882960289717 0.93240219226572563 1.0502501503069641 4.4896725741855317 0.32793504737492174 294.72447574138641 0.75818074697599436 1.8806290244683623 0.4653529647621325 3.743595777079463 0.53444902686169371 0.41299260314553976 2.0397749107869463 7.7261338829994202 0.96762630224111479 0.07860882580280304 7.869638376396324
leaf_count=23 18 222 134 1208 19 157 23 15 465 102 145 94 58 58 42 12 51 226 424 139 3 4 6 7 5 101 11 36 1 43691
internal_value=0.0444724 0.0191408 -0.0161642 0.0298172 0.0173023 0.035849 0.0485055 0.0355235 0.0256897 0.0327762 0.0421251 0.0399867 0.0403499 -0.0781073 0.0498748 0.0436082 0.0472183 0.0257167 0.0501649 0.0463698 0.0211792 -0.058563 0.0474029 -0.0610495 -0.0531166 -0.0521241 0.0496441 -0.0535548 -0.0515676 -0.0500822
internal_weight=420.708 57.7826 13.4164 44.3662 26.0313 20.5434 362.926 34.6291 20.8783 19.544 19.1896 5.05234 18.0475 1.33432 328.297 14.5264 13.594 1.37819 313.77 19.0459 2.63881 1.49647 4.67375 0.814878 1.35374 5.48797 12.2158 3.0074 0.378589 8.3641
internal_count=47500 45842 44148 1694 1671 326 1658 727 709 629 164 323 160 80 931 342 300 238 589 165 142 469 100 65 162 1345 62 137 223 43825
is_linear=0
shrinkage=0.05


Tree=85
num_leaves=31
num_cat=0
split_feature=37 0 40 0 31 22 46 13 11 29 0 25 46 25 8 27 8 26 6 37 14 16 45 26 11 46 8 33 11 6
split_gain=16.5065 8.23665 26.0996 5.75105 2.57557 1.9862 5.73497 5.21531 1.27637 1.64179 1.09149 0.577874 0.252914 1.14526 0.19281 0.191269 1.04415 0.130554 0.205697 0.107896 0.720845 2.09589 0.0529703 0.0184052 0.0117307 0.00903751 0.00376768 0.00255876 0.00214385 0.00179614
threshold=1.0000000180025095e-35 228.72500000000005 1.4350000000000003 2699.9150000000004 1.0000000180025095e-35 280.68000000000001 0.13500000000000004 3241.8350000000005 3499.4800000000005 0.31645000000000006 4437.9300000000012 28.775000000000002 1.8250000000000004 32.845000000000006 2.9050000000000007 3872.3800000000006 2.9050000000000007 7.5000000000000009 1.0000000180025095e-35 1.5000000000000002 0.0071935000000000011 7.0197000000000012 1.5000000000000002 38.500000000000007 6118.3900000000003 1.2650000000000003 19.465000000000003 3.3803000000000005 6448.2100000000009 1.5000000000000002
decision_type=2 2 2 2 2 2 2 2 2 2 2 2 2 2 2 2 2 2 2 2 2 2 2 2 2 2 2 2 2 2
left_child=1 17 3 27 5 -2 14 22 11 -10 -9 -5 19 -14 -7 16 -15 -1 -19 20 -6 -22 -8 -17 -16 26 28 -3 -4 -28
right_child=4 2 25 8 12 6 7 10 9 -11 -12 -13 13 15 24 23 -18 18 -20 -21 21 -23 -24 -25 -26 -27 29 -29 -30 -31
leaf_value=0.050499736463050809 0.050363960056702864 -0.050803335781565734 -0.051388801129330579 0.015292424356050917 0.050400620666942814 -0.099687191856338356 -0.051538762786706493 0.0092921269553910939 -0.052215502341248603 0.046553972166114399 0.044938835332588863 0.048336089155702172 -0.015226665554249483 0.050388647603874993 -0.051979773251988638 0.050227468617791073 -0.050555909318024554 0.050645672819909997 0.032215850911963828 0.05039002080571986 -0.051177654652079956 0.050317524802031548 -0.071059963474070509 0.045648574320517166 -0.064842105692834134 -0.050078414906943119 -0.057205704667325885 -0.057168609796314343 -0.054773101546146896 -0.053597406115552915
leaf_weight=11.45717235429038 13.09471495170146 1.5658252400753578 3.117123733500192 1.4176735958317355 15.613119244575502 0.51912165500107466 0.75502460697680607 2.5078952390904332 0.78052745762397424 0.91274555324343964 14.941197800071675 19.836511534915189 0.78971882814948813 1.3187561035156239 0.27037085965275764 8.5312980670278176 0.31793524026579678 3.025536017608828 3.0304519200290088 280.45995908975601 0.71044978429563266 1.7907232465222478 0.64382798149017617 2.9546959241852155 0.51476647559320554 7.9242988925761892 0.53055301113636211 0.17558748436567828 0.55060497953672882 0.98552305871271528
leaf_count=25 21 745 711 136 23 15 375 187 142 5 82 136 47 2 57 22 235 13 34 424 133 3 7 61 6 43740 15 15 24 59
internal_value=0.0443765 0.0190153 0.00588132 0.0361559 0.0484338 0.0352033 0.025352 0.0323685 0.0428037 0.00102541 0.0398155 0.046132 0.0498414 0.0432517 -0.0760448 0.0467709 0.0307797 0.0473611 0.0414233 0.0501485 0.0464085 0.0214882 -0.0605235 0.0490496 -0.0604128 -0.0511403 -0.0527635 -0.0514451 -0.0518969 -0.0548601
internal_weight=401.044 55.3101 37.797 24.6889 345.734 33.2469 20.1522 18.8479 22.9475 1.69327 17.4491 21.2542 312.487 13.9124 1.30426 13.1227 1.63669 17.5132 6.05599 298.574 18.1143 2.50117 1.39885 11.486 0.785137 13.1081 5.1838 1.74141 3.66773 1.51608
internal_count=47500 45800 45728 1179 1700 750 729 651 419 147 269 272 950 367 78 320 237 72 47 583 159 136 382 83 63 44549 809 760 735 74
is_linear=0
shrinkage=0.05


Tree=86
num_leaves=31
num_cat=0
split_feature=45 0 40 0 31 22 46 0 24 25 8 11 46 33 24 32 8 26 3 37 14 16 37 11 46 34 8 33 11 6
split_gain=15.8032 7.81399 24.7449 5.51972 2.58579 1.97926 5.33323 4.89455 1.29542 1.1557 1.80813 0.578218 0.251327 1.1677 0.238217 0.818327 0.152709 0.136329 0.212015 0.106123 0.705067 2.01416 0.044816 0.00978307 0.00782087 0.00351331 0.00326799 0.00220868 0.00185207 0.00158117
threshold=1.0000000180025095e-35 228.72500000000005 1.4350000000000003 2699.9150000000004 1.0000000180025095e-35 280.68000000000001 0.13500000000000004 3029.5900000000006 5709.7100000000009 28.775000000000002 1.0000000180025095e-35 2250.0050000000006 1.8250000000000004 0.6896500000000001 5366.6350000000011 1.5000000000000002 2.9050000000000007 7.5000000000000009 1.5000000000000002 1.5000000000000002 0.0071935000000000011 7.0197000000000012 1.5000000000000002 6118.3900000000003 1.2650000000000003 11.500000000000002 19.465000000000003 3.3803000000000005 6448.2100000000009 1.5000000000000002
decision_type=2 2 2 2 2 2 2 2 2 2 2 2 2 2 2 2 2 2 2 2 2 2 2 2 2 2 2 2 2 2
left_child=1 17 3 27 5 -2 16 22 -9 10 -5 -11 19 -14 15 -15 -7 -1 -19 20 -6 -22 -8 -18 26 -16 28 -3 -4 -28
right_child=4 2 24 9 12 6 7 8 -10 11 -12 -13 13 14 25 -17 23 18 -20 -21 21 -23 -24 -25 -26 -27 29 -29 -30 -31
leaf_value=0.050472748005818795 0.050410937876557149 -0.050755764321351586 -0.051323469977038266 0.050547294671158254 0.050380929230931917 -0.095191040284996309 -0.050585638361874186 0.013303517563834927 0.046356423053854234 0.049805527077450534 -0.052664525672599549 0.027620351118672039 -0.0065466625520772068 0.049838271082680748 0.048534369904393679 -0.050904307822049855 -0.051907076776391906 0.050577968248869433 0.031490797150350559 0.050370857458971123 -0.051112408096088448 0.05026426976467701 -0.070015173887359658 -0.063960202744594338 -0.050074796924535349 0.050378606841219691 -0.056902118961915743 -0.056796724738293253 -0.054549683625112727 -0.053425824183767345
leaf_weight=10.904080394015184 12.453589975833895 1.5154842792544538 2.9663244182302138 0.92274290323257691 14.857316613197328 0.51652086699323507 0.47179565850456373 3.8294839794252793 13.121792517398715 16.710348012100443 0.78561378957238048 3.5633002139511509 1.0878165805333981 0.82519167651480418 4.0769444177567475 0.26673451656824909 0.25465525838080794 2.8978799405449527 2.9216886653593974 266.88070946931839 0.68750395429378763 1.7051483271643519 0.80010738563578343 0.49674772412981838 7.5636841356536024 7.0444694757461548 0.50227408672799334 0.16808991401921947 0.52332864759955544 0.93792141503217863
leaf_count=25 18 766 703 1 23 15 442 116 61 97 212 114 106 10 49 166 58 18 29 424 139 3 10 7 43776 11 14 15 22 50
internal_value=0.0442853 0.0189134 0.00584251 0.0358955 0.0483589 0.0348408 0.0248924 0.0317913 0.0388894 0.0425783 0.00308377 0.0459063 0.0498107 0.0430932 0.0475145 0.025229 -0.0742621 0.0471748 0.0409953 0.0501252 0.0463243 0.0211347 -0.062808 -0.0598753 -0.0510848 0.0497025 -0.0526343 -0.0513589 -0.0518073 -0.0546382
internal_weight=382.259 52.8828 36.1591 23.6656 329.377 31.9447 19.4911 18.2232 16.9513 21.982 1.70836 20.2736 297.432 13.3012 12.2133 1.09193 1.26792 16.7236 5.81957 284.131 17.25 2.39265 1.2719 0.751403 12.4935 11.1214 4.92985 1.68357 3.48965 1.4402
internal_count=47500 45842 45770 1205 1658 727 709 629 177 424 213 211 931 342 236 176 80 72 47 589 165 142 452 65 44565 60 789 781 725 64
is_linear=0
shrinkage=0.05


Tree=87
num_leaves=29
num_cat=0
split_feature=37 0 40 0 11 28 39 37 25 8 46 22 8 33 11 40 9 46 40 22 26 2 32 46 31 0 27 6
split_gain=15.2421 9.34161 28.3447 6.61937 3.10311 3.05532 0.734111 0.333687 0.827579 0.130152 0.00671161 0.0050421 0.00251304 0.00198683 0.00157721 0.00123818 0.00029569 0.000119354 6.51592e-05 5.23284e-05 1.68038e-05 1.85153e-05 6.77178e-06 6.96539e-07 7.33709e-07 6.72013e-08 5.67221e-08 3.42726e-09
threshold=1.5000000000000002 228.72500000000005 1.4350000000000003 2699.9150000000004 3869.0650000000005 1045.075 1.0000000180025095e-35 2.5000000000000004 40.425000000000004 20.575000000000003 1.2650000000000003 131.56500000000003 19.465000000000003 3.3803000000000005 6448.2100000000009 20.815000000000001 3.5000000000000004 1.5550000000000004 13.855000000000002 2142.1950000000002 8.5000000000000018 4.5000000000000009 1.5000000000000002 1.2650000000000003 1.5000000000000002 10278.095000000003 5306.5950000000012 5.5000000000000009
decision_type=2 2 2 2 2 2 2 2 2 2 2 2 2 2 2 2 2 2 2 2 2 2 2 2 2 2 2 2
left_child=1 9 3 13 6 -6 -5 8 -2 -1 12 -10 14 16 -4 -14 -3 18 -12 -19 -11 -22 -9 25 -25 27 -26 -24
right_child=7 2 10 4 5 -7 -8 22 11 20 17 -13 15 -15 -16 -17 -18 19 -20 -21 21 -23 23 24 26 -27 -28 -29
leaf_value=0.042432679524231576 0.029827174216641744 -0.050556011665579784 -0.051253492518201382 0.028509412151405858 0.032235744572103098 -0.033848884257785171 0.048504715510164047 0.050387504616193603 0.050361758985699258 0.050379087842301398 -0.050590276324238119 0.048797052150166297 -0.0556956048910104 -0.056444902255768259 -0.054291554647050114 -0.052771184599652403 -0.053789100374914627 -0.05002456126705427 -0.052065751606085287 -0.050469163738554063 0.050368698514312027 0.050198397904609497 0.05035182939670918 0.050368586557133638 0.050351847766801031 0.050348560852259361 0.050356542719492636 0.050352704155874929
leaf_weight=6.7787174712138976 7.0813186662271645 1.9608924159037995 2.8448488540525427 5.559973052149874 5.1628133051272007 2.6451237901928835 26.321877270005643 14.945082902908323 11.025127232074739 15.742702558418388 0.3308463624562118 9.6593024590620171 0.7089439553892587 0.16086346334486723 0.50269270932767529 0.73948548969201511 0.073365709860809036 7.0930919551501574 0.096694905339973047 0.72991453522990912 3.1686188508610931 3.2158185456792125 170.37199419736862 13.056464493274687 13.750049591064455 16.56636905670166 12.089625179767607 11.984921455383299
leaf_count=17 17 995 715 118 82 97 267 23 18 33 130 29 32 15 24 55 3 44017 4 368 6 38 285 21 23 28 20 20
internal_value=0.0441928 0.0254863 0.013379 0.0334244 0.038099 0.00984801 0.0450177 0.0497833 0.0445803 0.0484943 -0.0509751 0.0496311 -0.0524626 -0.0510956 -0.0517097 -0.0542026 -0.0506726 -0.0501105 -0.050924 -0.050066 0.0503513 0.0502829 0.0503549 0.0503528 0.0503589 0.0503516 0.050354 0.0503519
internal_weight=364.368 83.8373 54.9314 41.8849 39.6898 7.80794 31.8819 280.53 27.7657 28.9059 13.0465 20.6844 4.79597 2.19512 3.34754 1.44843 2.03426 8.25055 0.427541 7.82301 22.1271 6.38444 252.765 237.819 38.8961 198.923 25.8397 182.357
internal_count=47500 47016 46922 1577 564 179 385 484 64 94 45345 47 826 1013 739 87 998 44519 134 44385 77 44 420 397 64 333 43 305
is_linear=0
shrinkage=0.05


Tree=88
num_leaves=28
num_cat=0
split_feature=45 0 40 0 11 22 39 37 46 8 46 8 33 11 28 9 46 40 22 26 2 32 46 31 0 27 6
split_gain=14.779 8.94895 26.7531 6.20402 3.01393 2.81782 0.770099 0.358457 0.895966 0.136782 0.00577038 0.00213019 0.00170635 0.00135087 0.00108599 0.000253123 0.000102783 5.58639e-05 4.51619e-05 1.88172e-05 2.16536e-05 5.82496e-06 5.99717e-07 6.30874e-07 5.76081e-08 4.88063e-08 2.97715e-09
threshold=1.5000000000000002 228.72500000000005 1.4350000000000003 2699.9150000000004 3869.0650000000005 5711.7450000000008 1.0000000180025095e-35 2.5000000000000004 0.63500000000000012 20.575000000000003 1.2650000000000003 19.465000000000003 3.3803000000000005 6448.2100000000009 544.61500000000012 3.5000000000000004 1.5550000000000004 13.855000000000002 2142.1950000000002 8.5000000000000018 4.5000000000000009 1.5000000000000002 1.2650000000000003 1.5000000000000002 10278.095000000003 5306.5950000000012 5.5000000000000009
decision_type=2 2 2 2 2 2 2 2 2 2 2 2 2 2 2 2 2 2 2 2 2 2 2 2 2 2 2
left_child=1 9 3 12 6 -6 -5 8 -2 -1 11 13 15 -4 -13 -3 17 -12 -18 -11 -21 -9 24 -24 26 -25 -23
right_child=7 2 10 4 5 -7 -8 21 -10 19 16 14 -14 -15 -16 -17 18 -19 -20 20 -22 22 23 25 -26 -27 -28
leaf_value=0.042035082064252653 0.050350299232266388 -0.050530326840809658 -0.051193332086509329 0.027545284948076173 -0.031229690746742558 0.032030650692131402 0.048245707106205418 0.050368467137545406 0.030491382522048711 0.050358934053914665 -0.050561944892326842 -0.055623036810019615 -0.056112017317201973 -0.054071043909750663 -0.052789475713473803 -0.053592252753412666 -0.050023380624367064 -0.051961571522697453 -0.050447224520861124 0.050349720818639691 0.050160941691820463 0.050334547135546165 0.050350481584207643 0.0503345691664756 0.05033144513315474 0.050339033711203643 0.05033538292483325
leaf_weight=6.5075829149282098 18.407572805881504 1.8605190692178433 2.7092038583577946 5.4692170961352558 2.7326462658675146 4.9472096313838847 25.169229042905499 14.22144031524658 8.2140855657344201 14.980764281775921 0.31488269226974797 0.5801566086738601 0.15390287432819594 0.48007688829966344 0.81060135064035421 0.07003747799899418 6.7473128920682939 0.092158795829163864 0.69304811574693292 3.0151908194384296 3.0612085294123972 162.11708694696426 12.424046337604521 13.083828449249269 15.763641417026518 11.503906309604643 11.40423399209976
leaf_count=17 31 994 715 118 154 25 267 23 34 33 130 17 15 24 71 3 44017 4 367 6 38 285 21 23 28 20 20
internal_value=0.0440717 0.0252765 0.0132267 0.0329601 0.0375299 0.00952136 0.0445505 0.0497281 0.0442229 0.0483708 -0.0509283 -0.0523386 -0.0510453 -0.0516265 -0.0539715 -0.0506414 -0.0501052 -0.0508788 -0.0500629 0.0503288 0.0502546 0.0503374 0.0503355 0.0503413 0.0503343 0.0503367 0.0503346
internal_weight=347.535 80.3949 52.8302 40.4028 38.3183 7.67986 30.6384 267.14 26.6217 27.5647 12.4274 4.58004 2.08446 3.18928 1.39076 1.93056 7.8474 0.407041 7.44036 21.0572 6.0764 240.518 226.297 37.0118 189.285 24.5877 173.521
internal_count=47500 47015 46921 1576 564 179 385 485 65 94 45345 827 1012 739 88 997 44518 134 44384 77 44 420 397 64 333 43 305
is_linear=0
shrinkage=0.05


Tree=89
num_leaves=28
num_cat=0
split_feature=37 0 40 0 11 28 39 37 46 8 46 8 33 11 40 9 46 40 22 26 2 32 46 31 0 27 6
split_gain=14.34 8.57437 25.2131 5.84333 2.9222 2.79667 0.804857 0.383973 0.925264 0.143652 0.00498047 0.00185375 0.00146725 0.00115727 0.000915044 0.000216992 8.85145e-05 4.79038e-05 3.87914e-05 2.11659e-05 2.52956e-05 5.00789e-06 5.15161e-07 5.42502e-07 4.96455e-08 4.19322e-08 2.53192e-09
threshold=1.5000000000000002 228.72500000000005 1.4350000000000003 2699.9150000000004 3869.0650000000005 1045.075 1.0000000180025095e-35 2.5000000000000004 0.63500000000000012 20.575000000000003 1.2650000000000003 19.465000000000003 3.3803000000000005 6448.2100000000009 20.815000000000001 3.5000000000000004 1.5550000000000004 13.855000000000002 2142.1950000000002 8.5000000000000018 4.5000000000000009 1.5000000000000002 1.2650000000000003 1.5000000000000002 10278.095000000003 5306.5950000000012 5.5000000000000009
decision_type=2 2 2 2 2 2 2 2 2 2 2 2 2 2 2 2 2 2 2 2 2 2 2 2 2 2 2
left_child=1 9 3 12 6 -6 -5 8 -2 -1 11 13 15 -4 -13 -3 17 -12 -18 -11 -21 -9 24 -24 26 -25 -23
right_child=7 2 10 4 5 -7 -8 21 -10 19 16 14 -14 -15 -16 -17 18 -19 -20 20 -22 22 23 25 -26 -27 -28
leaf_value=0.04162443744837744 0.050290979704613409 -0.050504405345807003 -0.051136013745279964 0.026586833513018601 0.031223088928839179 -0.032826006481747355 0.047969385608066906 0.050350370082976728 0.02977646470701515 0.050339615768060952 -0.050534953334001077 -0.05513083974025558 -0.055797000035822011 -0.053862379302167834 -0.052497909752736022 -0.053406212787733276 -0.050022257818457198 -0.051862812002359107 -0.050424485776881078 0.05033159271596889 0.050122446581737284 0.05031812936015434 0.050333273159251006 0.050318147076861386 0.050315176929549815 0.050322389373005594 0.050318919513145932
leaf_weight=6.2497477321157957 17.522986376658086 1.776506866517592 2.5798902456517667 5.3852529570576761 4.9577134753344572 2.5971837071410846 24.076204230354051 13.532591998577116 8.0084998008824169 14.255474285499078 0.29968163120793168 0.64860148562001974 0.14720255599968357 0.45838766064116487 0.67177306774829049 0.066847920417785534 6.4183832984526816 0.087826880248030648 0.66116743876045792 2.8691452926723278 2.914092331106076 154.25959658622742 11.822057068347929 12.449682116508486 14.999565720558165 10.946382224559782 10.851502656936644
leaf_count=17 32 995 715 118 82 97 267 23 32 33 130 32 15 24 55 3 44017 4 368 6 38 285 21 23 28 20 20
internal_value=0.0439464 0.0250596 0.0130702 0.0324592 0.0369468 0.00920462 0.0440609 0.0496721 0.0438562 0.0482427 -0.0508841 -0.0522271 -0.0509932 -0.0515473 -0.0537913 -0.0506096 -0.0501001 -0.0508359 -0.0500598 0.0503069 0.0502262 0.0503209 0.050319 0.0503245 0.0503179 0.0503201 0.0503182
internal_weight=331.514 77.1211 50.8326 39.0069 37.0164 7.5549 29.4615 254.393 25.5315 26.2885 11.8257 4.35865 1.99056 3.03828 1.32037 1.84335 7.46706 0.387509 7.07955 20.0387 5.78324 228.861 215.329 35.2181 180.111 23.3961 165.111
internal_count=47500 47016 46922 1577 564 179 385 484 64 94 45345 826 1013 739 87 998 44519 134 44385 77 44 420 397 64 333 43 305
is_linear=0
shrinkage=0.05


Tree=90
num_leaves=29
num_cat=0
split_feature=45 0 40 0 11 22 39 37 25 8 22 46 8 33 11 28 0 46 40 22 26 2 32 46 31 0 27 6
split_gain=13.9268 8.21832 23.7852 5.47071 2.83066 2.58014 0.838023 0.4107 0.978892 0.150766 0.0085691 0.00428109 0.00156994 0.0012601 0.000991626 0.000800355 0.000185841 7.62221e-05 4.1085e-05 3.34828e-05 2.39025e-05 2.95194e-05 4.307e-06 4.43228e-07 4.66636e-07 4.26689e-08 3.61101e-08 2.18614e-09
threshold=1.5000000000000002 228.72500000000005 1.4350000000000003 2699.9150000000004 3869.0650000000005 5711.7450000000008 1.0000000180025095e-35 2.5000000000000004 40.425000000000004 20.575000000000003 173.19000000000003 1.2650000000000003 19.465000000000003 3.3803000000000005 6448.2100000000009 544.61500000000012 2574.6950000000002 1.5550000000000004 13.855000000000002 2142.1950000000002 8.5000000000000018 4.5000000000000009 1.5000000000000002 1.2650000000000003 1.5000000000000002 10278.095000000003 5306.5950000000012 5.5000000000000009
decision_type=2 2 2 2 2 2 2 2 2 2 2 2 2 2 2 2 2 2 2 2 2 2 2 2 2 2 2 2
left_child=1 9 3 13 6 -6 -5 8 -2 -1 -10 12 14 16 -4 -14 -3 18 -13 -19 -11 -22 -9 25 -25 27 -26 -24
right_child=7 2 11 4 5 -7 -8 22 10 20 -12 17 15 -15 -16 -17 -18 19 -20 -21 21 -23 23 24 26 -27 -28 -29
leaf_value=0.041200464775496014 0.026596878616732468 -0.050401693111949308 -0.051081408092436192 0.025636731641019535 -0.030280838229164487 0.031031044716722342 0.047674356265352193 0.050333168189029602 0.050312008925421627 0.050321077987072749 0.0481068034662104 -0.050509238809045003 -0.055062270849706232 -0.055498856562248247 -0.053664879636627499 -0.052515960063412109 -0.052060291361108707 -0.05002118380189189 -0.051769166343571427 -0.050404694181236866 0.050314260452078978 0.050082671218693066 0.050302516428145344 0.050316915718502067 0.050302533111870266 0.050299710539845402 0.050306568939060617 0.050303269116473509
leaf_weight=6.0045912171481204 6.3593306122347739 1.559463886762386 2.4566247332040789 5.3076170012936954 2.6857290927582644 4.7518499683064874 23.040206610559835 12.876888066530226 10.595836192369463 13.565096616031953 7.5402351446100502 0.28520745314744989 0.53079295578208963 0.14075659565423837 0.43759597677853879 0.7372242181954789 0.18939949553896429 6.1054824850798468 0.083690817962633446 0.62762961930457084 2.7301319980761027 2.7741172398382332 146.78066319227219 11.24905228614807 11.846087038517 14.272304594516752 10.415712952613829 10.32539927959442
leaf_count=17 17 969 715 118 154 25 267 23 20 33 28 130 17 15 24 71 28 44017 4 367 6 38 285 21 23 28 20 20
internal_value=0.0438154 0.0248329 0.0129071 0.0319669 0.0363451 0.00889116 0.0435482 0.0496147 0.0434764 0.0481098 0.0493952 -0.0508415 -0.0521148 -0.0509476 -0.051472 -0.0535818 -0.0505813 -0.0500953 -0.0507951 -0.0500569 0.0502854 0.0501975 0.0503051 0.0503034 0.0503086 0.0503023 0.0503044 0.0503026
internal_weight=316.275 74.0132 48.9393 37.675 35.7854 7.43758 28.3478 242.262 24.4954 25.0739 18.1361 11.2642 4.16224 1.88962 2.89422 1.26802 1.74886 7.10201 0.368898 6.73311 19.0693 5.50425 217.766 204.889 33.5109 171.378 22.2618 157.106
internal_count=47500 47015 46921 1576 564 179 385 485 65 94 48 45345 827 1012 739 88 997 44518 134 44384 77 44 420 397 64 333 43 305
is_linear=0
shrinkage=0.05


Tree=91
num_leaves=28
num_cat=0
split_feature=37 0 40 0 39 8 8 37 46 8 46 8 33 11 40 0 46 40 22 26 2 32 46 31 0 27 6
split_gain=13.5337 7.87832 22.4019 5.14962 2.8213 4.86918 0.479863 0.439711 1.03219 0.158123 0.00369521 0.00136793 0.0010836 0.000849865 0.000676329 0.000159999 6.56376e-05 3.52429e-05 2.8753e-05 2.70875e-05 3.44191e-05 3.70439e-06 3.81232e-07 4.01265e-07 3.66684e-08 3.10424e-08 1.88183e-09
threshold=1.5000000000000002 228.72500000000005 1.4350000000000003 2699.9150000000004 1.0000000180025095e-35 34.715000000000011 4.7350000000000012 2.5000000000000004 0.63500000000000012 20.575000000000003 1.2650000000000003 19.465000000000003 3.3803000000000005 6448.2100000000009 20.815000000000001 2574.6950000000002 1.5550000000000004 13.855000000000002 2142.1950000000002 8.5000000000000018 4.5000000000000009 1.5000000000000002 1.2650000000000003 1.5000000000000002 10278.095000000003 5306.5950000000012 5.5000000000000009
decision_type=2 2 2 2 2 2 2 2 2 2 2 2 2 2 2 2 2 2 2 2 2 2 2 2 2 2 2
left_child=1 9 3 12 5 -5 -6 8 -2 -1 11 13 15 -4 -13 -3 17 -12 -18 -11 -21 -9 24 -24 26 -25 -23
right_child=7 2 10 4 6 -7 -8 21 -10 19 16 14 -14 -15 -16 -17 18 -19 -20 20 -22 22 23 25 -26 -27 -28
leaf_value=0.040762926395845132 0.050257801497739854 -0.050382140473362758 -0.05102939045238003 -0.029527919839944145 0.033339720891403482 0.039223547617943229 0.049870340644517182 0.050316816842071059 0.027796381332719514 0.050303256181746595 -0.050484743959923944 -0.05462393095343792 -0.055216627184168213 -0.053477903509937634 -0.052252414502916733 -0.051958354169768829 -0.05002016528746759 -0.051680363892515097 -0.050384037935738563 0.050297670208190606 0.050041339796109356 0.050287674940660346 0.050301364423305378 0.050287691883880048 0.050285008391241781 0.050291527986295763 0.050288390862367638
leaf_weight=5.7715197466604904 15.994958201423289 1.4898099304555206 2.3391357381697153 3.9504916347505041 5.8719619145849746 7.3982084569870494 17.396732172957854 12.252755016088484 7.5191970359446705 12.907975379479469 0.27142603807442345 0.59278111529420108 0.13455886593146704 0.41767275585880259 0.61002362923318287 0.18050691575626832 5.8078299914923264 0.079742507718037814 0.59888970947395126 2.5978168470319352 2.6409472081577405 139.66224792599678 10.703654140233995 11.271588414907457 13.580105423927305 9.9106210470199567 9.8246561586856824
leaf_count=17 32 970 715 138 263 56 107 23 32 33 130 32 15 24 55 28 44017 4 368 6 38 285 21 23 28 20 20
internal_value=0.0436786 0.0245989 0.0127398 0.0314373 0.0357302 0.0152911 0.0456988 0.0495548 0.0430752 0.0479716 -0.0508013 -0.0520142 -0.0509002 -0.0514004 -0.0534212 -0.0505525 -0.0500907 -0.0507562 -0.0500542 0.0502643 0.0501684 0.0502901 0.0502885 0.0502935 0.0502875 0.0502895 0.0502877
internal_weight=301.778 71.058 47.1398 36.4223 34.6174 11.3487 23.2687 230.72 23.5142 23.9183 10.7175 3.95961 1.80488 2.75681 1.2028 1.67032 6.75789 0.351169 6.40672 18.1467 5.23876 207.206 194.953 31.8859 163.067 21.1822 149.487
internal_count=47500 47016 46922 1577 564 194 370 484 64 94 45345 826 1013 739 87 998 44519 134 44385 77 44 420 397 64 333 43 305
is_linear=0
shrinkage=0.05


Tree=92
num_leaves=28
num_cat=0
split_feature=45 0 40 0 39 8 8 37 46 8 46 8 33 11 28 9 46 26 2 40 22 32 46 31 0 27 6
split_gain=13.1239 7.54065 21.1481 4.82435 2.74437 4.51233 0.514178 0.469028 1.08346 0.165725 0.00317564 0.00115739 0.000930636 0.00072851 0.000590318 0.00013757 5.65195e-05 3.07906e-05 4.00988e-05 3.02366e-05 2.48218e-05 3.18593e-06 3.27772e-07 3.45205e-07 3.1552e-08 2.67016e-08 1.61339e-09
threshold=1.5000000000000002 228.72500000000005 1.4350000000000003 2699.9150000000004 1.0000000180025095e-35 34.715000000000011 4.7350000000000012 2.5000000000000004 0.63500000000000012 20.575000000000003 1.2650000000000003 19.465000000000003 3.3803000000000005 6448.2100000000009 544.61500000000012 3.5000000000000004 1.5550000000000004 8.5000000000000018 4.5000000000000009 13.855000000000002 2142.1950000000002 1.5000000000000002 1.2650000000000003 1.5000000000000002 10278.095000000003 5306.5950000000012 5.5000000000000009
decision_type=2 2 2 2 2 2 2 2 2 2 2 2 2 2 2 2 2 2 2 2 2 2 2 2 2 2 2
left_child=1 9 3 12 5 -5 -6 8 -2 -1 11 13 15 -4 -13 -3 19 -11 -19 -12 -18 -9 24 -24 26 -25 -23
right_child=7 2 10 4 6 -7 -8 21 -10 17 16 14 -14 -15 -16 -17 20 18 -20 -21 -22 22 23 25 -26 -27 -28
leaf_value=0.040311613168818303 0.050288937568285702 -0.050435770087549875 -0.05097984155216928 -0.028219483686742337 0.032388894995525934 0.0384449706669166 0.049744642703427475 0.050301272653360443 0.026926139140923386 0.050286100179491901 -0.050461411340115926 -0.054559656859586504 -0.05494943084059585 -0.05330084555584761 -0.052269707833937244 -0.052912724239269765 -0.050019193230512529 0.050281776084565299 0.049998180962161382 -0.051596140217001145 -0.050366204758248649 0.050273567144844426 0.050286582155120066 0.050273581531723378 0.050271031259062404 0.050277228892499887 0.050274246726437079
leaf_weight=5.549966670980214 15.213004767894747 1.5259077722366772 2.2271628057969783 3.9275853253493533 5.7454080842726425 7.1763356041046791 16.589061178878183 11.658692061901091 7.3650210181949651 12.282529616117246 0.25830480593140226 0.48511741840775335 0.12860300514148537 0.39858905029541336 0.67028987127559958 0.05819478048942972 5.5246834420140658 2.4718812494102158 2.5142614516225876 0.07597411738242954 0.56834292166422518 132.88718301057816 10.184548348188402 10.724799901247026 12.921296924352644 9.4298878610134107 9.3480650484561902
leaf_count=17 31 994 715 138 263 56 107 23 34 33 130 17 15 24 71 3 44017 6 38 4 367 285 21 23 28 20 20
internal_value=0.0435479 0.0243834 0.0125894 0.0309879 0.03518 0.014865 0.04528 0.0494942 0.0426679 0.0478279 -0.0507627 -0.0519125 -0.0508589 -0.0513322 -0.0532312 -0.0505268 -0.0500863 0.0502436 0.0501388 -0.0507193 -0.0500516 0.0502759 0.0502743 0.0502791 0.0502734 0.0502753 0.0502736
internal_weight=287.911 68.1782 45.3596 35.1511 33.4384 11.1039 22.3345 219.732 22.578 22.8186 10.2085 3.78116 1.71271 2.62575 1.15541 1.5841 6.42731 17.2687 4.98614 0.334279 6.09303 197.154 185.496 30.3392 155.157 20.1547 142.235
internal_count=47500 47015 46921 1576 564 194 370 485 65 94 45345 827 1012 739 88 997 44518 77 44 134 44384 420 397 64 333 43 305
is_linear=0
shrinkage=0.05


Tree=93
num_leaves=29
num_cat=0
split_feature=37 0 40 0 39 8 8 37 25 8 22 46 8 33 11 40 0 46 26 2 40 22 32 46 31 0 27 6
split_gain=12.7372 7.21924 19.928 4.546 2.6687 4.17803 0.549129 0.499859 1.141 0.17357 0.0113802 0.00274118 0.00100979 0.00080034 0.000624601 0.000499959 0.000118352 4.86691e-05 3.50919e-05 4.66839e-05 2.59454e-05 2.13116e-05 2.74052e-06 2.82045e-07 2.96809e-07 2.71067e-08 2.29547e-08 1.3934e-09
threshold=1.5000000000000002 228.72500000000005 1.4350000000000003 2699.9150000000004 1.0000000180025095e-35 34.715000000000011 4.7350000000000012 2.5000000000000004 40.425000000000004 20.575000000000003 173.19000000000003 1.2650000000000003 19.465000000000003 3.3803000000000005 6448.2100000000009 20.815000000000001 2574.6950000000002 1.5550000000000004 8.5000000000000018 4.5000000000000009 13.855000000000002 2142.1950000000002 1.5000000000000002 1.2650000000000003 1.5000000000000002 10278.095000000003 5306.5950000000012 5.5000000000000009
decision_type=2 2 2 2 2 2 2 2 2 2 2 2 2 2 2 2 2 2 2 2 2 2 2 2 2 2 2 2
left_child=1 9 3 13 5 -5 -6 8 -2 -1 -10 12 14 16 -4 -14 -3 20 -11 -20 -13 -19 -9 25 -25 27 -26 -24
right_child=7 2 11 4 6 -7 -8 22 10 18 -12 17 15 -15 -16 -17 -18 21 19 -21 -22 -23 23 24 26 -27 -28 -29
leaf_value=0.039846369956113549 0.023127250956513554 -0.050346452135157482 -0.050932647703525492 -0.02695145657061377 0.031427172779007854 0.03764038773548626 0.049612038647988632 0.050286496090110468 0.050270066144936322 0.050269550374284044 0.047567337836134635 -0.050439188333497434 -0.054168635294498883 -0.054696422973555481 -0.053133148378950862 -0.052031726472944378 -0.05176887588803164 -0.050018267629652016 0.05026653382250304 0.049952882695527667 -0.051516244178704207 -0.050347454188558106 0.050260153040396882 0.050272527451371257 0.050260169148139591 0.050257743496880225 0.050263636089395207 0.050260800501783547
leaf_weight=5.3393902091775116 5.7393572814762619 1.3492857058517973 2.1204563387400404 3.9072920419421262 5.6282091134198735 6.9685917503666133 15.821134076002634 11.093267530202864 9.1890499889850599 11.687253360811157 6.7600566525288732 0.24581265993037948 0.54125579400715629 0.12288252408325195 0.38031605775177002 0.55375656284741126 0.16401282948208962 5.2553362663857115 2.3520212494040598 2.3937544806103688 0.072378065990051255 0.54241528376041959 126.43908217549324 9.6904820203781146 10.20439922809601 12.294285595417021 8.9723514914512617 8.8944734334945661
leaf_count=17 17 970 715 138 263 56 107 23 20 33 27 130 32 15 24 55 28 44017 6 38 4 368 285 21 23 28 20 20
internal_value=0.0434109 0.0241587 0.0124335 0.0304948 0.0346105 0.014435 0.0448404 0.0494315 0.0422449 0.0476783 0.0491245 -0.0507262 -0.0518217 -0.0508157 -0.0512673 -0.053088 -0.0505006 -0.0500821 0.050223 0.0501083 -0.0506842 -0.0500491 0.0502624 0.0502609 0.0502654 0.05026 0.0502618 0.0502602
internal_weight=274.722 65.4456 43.6731 33.9614 32.3252 10.8759 21.4493 209.277 21.6885 21.7724 15.9491 9.71173 3.59578 1.63618 2.50077 1.09501 1.5133 6.11594 16.433 4.74578 0.318191 5.79775 187.588 176.495 28.8672 147.628 19.1768 135.334
internal_count=47500 47016 46922 1577 564 194 370 484 64 94 47 45345 826 1013 739 87 998 44519 77 44 134 44385 420 397 64 333 43 305
is_linear=0
shrinkage=0.05


Tree=94
num_leaves=28
num_cat=0
split_feature=45 0 40 0 11 28 39 37 46 8 46 8 33 11 28 0 46 26 2 40 22 32 46 31 0 27 6
split_gain=12.3736 6.91398 18.8013 4.25346 2.60601 2.62746 0.836092 0.532756 1.19541 0.181655 0.00235531 0.000853503 0.000687392 0.000535608 0.000435692 0.000101731 4.19064e-05 4.00866e-05 5.43147e-05 2.22663e-05 1.83997e-05 2.35702e-06 2.42547e-07 2.55348e-07 2.33149e-08 1.97687e-08 1.19462e-09
threshold=1.5000000000000002 228.72500000000005 1.4350000000000003 2699.9150000000004 3869.0650000000005 1045.075 1.0000000180025095e-35 2.5000000000000004 0.63500000000000012 20.575000000000003 1.2650000000000003 19.465000000000003 3.3803000000000005 6448.2100000000009 544.61500000000012 2574.6950000000002 1.5550000000000004 8.5000000000000018 4.5000000000000009 13.855000000000002 2142.1950000000002 1.5000000000000002 1.2650000000000003 1.5000000000000002 10278.095000000003 5306.5950000000012 5.5000000000000009
decision_type=2 2 2 2 2 2 2 2 2 2 2 2 2 2 2 2 2 2 2 2 2 2 2 2 2 2 2
left_child=1 9 3 12 6 -6 -5 8 -2 -1 11 13 15 -4 -13 -3 19 -11 -19 -12 -18 -9 24 -24 26 -25 -23
right_child=7 2 10 4 5 -7 -8 21 -10 17 16 14 -14 -15 -16 -17 20 18 -20 -21 -22 22 23 25 -26 -27 -28
leaf_value=0.039367084663795376 0.050264014935737157 -0.050330069609124811 -0.050887699539995203 0.023080478670964279 0.02983906292602248 -0.033935113637118708 0.046430059621193662 0.05027244681725837 0.024860019698880929 0.050253551973503653 -0.050418023168199134 -0.054108751492595419 -0.054456810465620745 -0.052974280314158517 -0.052047966973502863 -0.051681520469725239 -0.050017386983007867 0.050251891308248343 0.049905116492015338 -0.051440441991139424 -0.050331369868902714 0.05024740144644934 0.050259167025986741 0.050247414836437333 0.050245110421356931 0.050250713234616939 0.050248016049618649
leaf_weight=5.1392731394007596 13.902860432863237 1.2784544426940545 2.018777150886307 4.7764066433883334 4.573065330143435 2.4968553216458531 19.428255051461747 10.555117040872572 6.9435024381382382 11.120709533730404 0.23391991802782275 0.44294941706175428 0.11739078647951817 0.36282534428755742 0.60925995913567021 0.15627088009932766 4.9991163583399612 2.2379472870961754 2.2791351462801686 0.068947039471822791 0.51462588775211759 120.30233383178711 9.2202603816986102 9.7091264128685015 11.697552531957625 8.5369042456150037 8.4627831280231458
leaf_count=17 31 969 715 118 82 97 267 23 34 33 130 17 15 24 71 28 44017 6 38 4 367 285 21 23 28 20 20
internal_value=0.0432666 0.0239231 0.0122702 0.0300124 0.0340219 0.00731619 0.0418224 0.0493661 0.0418025 0.0475223 -0.0506912 -0.0517295 -0.0507783 -0.0512056 -0.0529155 -0.0504773 -0.0500781 0.0502025 0.0500769 -0.0506508 -0.0500467 0.0502495 0.0502481 0.0502524 0.0502472 0.050249 0.0502474
internal_weight=262.185 62.8542 42.0771 32.8267 31.2746 7.06992 24.2047 199.33 20.8464 20.7771 9.25042 3.43381 1.55212 2.3816 1.05221 1.43473 5.81661 15.6378 4.51708 0.302867 5.51374 178.484 167.929 27.4663 140.463 18.246 128.765
internal_count=47500 47015 46921 1576 564 179 385 485 65 94 45345 827 1012 739 88 997 44518 77 44 134 44384 420 397 64 333 43 305
is_linear=0
shrinkage=0.05


Tree=95
num_leaves=29
num_cat=0
split_feature=45 0 40 0 39 8 46 37 25 8 46 46 8 33 11 28 0 33 26 46 40 22 32 46 31 0 27 6
split_gain=12.0539 6.63061 17.7049 3.98654 2.54104 3.89776 1.19764 0.566121 1.23708 0.189975 0.0153365 0.00202844 0.000733501 0.0005908 0.000459374 0.00037323 8.75171e-05 4.58952e-05 0.000112898 3.60835e-05 1.91118e-05 1.58415e-05 2.02772e-06 2.08764e-07 2.19634e-07 2.0026e-08 1.69928e-08 1.03265e-09
threshold=1.5000000000000002 228.72500000000005 1.4350000000000003 2699.9150000000004 1.0000000180025095e-35 34.715000000000011 0.015000000000000001 2.5000000000000004 40.425000000000004 20.575000000000003 0.63500000000000012 1.2650000000000003 19.465000000000003 3.3803000000000005 6448.2100000000009 544.61500000000012 2574.6950000000002 0.07690000000000001 1.5000000000000002 1.5550000000000004 13.855000000000002 2142.1950000000002 1.5000000000000002 1.2650000000000003 1.5000000000000002 10278.095000000003 5306.5950000000012 5.5000000000000009
decision_type=2 2 2 2 2 2 2 2 2 2 2 2 2 2 2 2 2 2 2 2 2 2 2 2 2 2 2 2
left_child=1 9 3 13 5 -5 -6 8 -2 -1 -10 12 14 16 -4 -14 -3 -11 -19 20 -13 -21 -9 25 -25 27 -26 -24
right_child=7 2 11 4 6 -7 -8 22 10 17 -12 19 15 -15 -16 -17 -18 18 -20 21 -22 -23 23 24 26 -27 -28 -29
leaf_value=0.038873699270641507 0.020939435864456915 -0.050314227780827836 -0.050844892795042854 -0.026412156244873183 -0.0088871312464283217 0.036701305442448096 0.046785118690240879 0.050259091124341862 0.050243783982455374 0.050243258564457285 0.046943907157780698 -0.050397865645824928 -0.053900156751957445 -0.054229853793839128 -0.052823751533122867 -0.051947424537407208 -0.051598527159652435 0.05026451815245863 0.049777613597163262 -0.050016547790222521 -0.051368520814931207 -0.05031522008732351 0.050235275658799497 0.050246464200305686 0.050235290723753205 0.05023309898598436 0.050238425826774992 0.050235861469780568
leaf_weight=4.9491209583502522 5.4164936793968108 1.2164767335852982 1.9218961978112918 3.8666547343891597 1.0184171225992056 6.65965493733529 18.779145777501981 10.042938768863676 8.7204904258251172 10.018553884525316 5.9054404679918653 0.2225982649688375 0.42293592250643974 0.11212109139160009 0.34608879915322166 0.58063938932536985 0.1488825200285645 2.7805547124589785 2.0819286391924834 4.7553843462828809 0.065673960561980493 0.48968044566208835 114.46204271912575 8.7727443873882311 9.2377795577049273 11.129649639129637 8.1224905848503095 8.0519469976425153
leaf_count=17 17 969 715 138 156 56 214 23 21 28 27 130 17 15 24 71 28 7 42 44017 4 367 285 21 23 28 20 20
internal_value=0.0431087 0.0236608 0.0120873 0.0294596 0.0333673 0.0135177 0.0439213 0.0492993 0.0413519 0.0473598 0.0489114 -0.0506579 -0.0516449 -0.0507408 -0.0511469 -0.0527704 -0.0504543 0.0501821 0.050056 -0.0500744 -0.050619 -0.0500444 0.0502373 0.0502359 0.05024 0.0502351 0.0502368 0.0502353
internal_weight=250.298 60.4364 40.6063 31.8014 30.3239 10.5263 19.7976 189.862 20.0424 19.8302 14.6259 8.8049 3.27156 1.47748 2.26798 1.00358 1.36536 14.881 4.86248 5.53334 0.288272 5.24506 169.82 159.777 26.133 133.644 17.3603 122.514
internal_count=47500 47015 46921 1576 564 194 370 485 65 94 48 45345 827 1012 739 88 997 77 49 44518 134 44384 420 397 64 333 43 305
is_linear=0
shrinkage=0.05


Tree=96
num_leaves=28
num_cat=0
split_feature=37 0 40 0 39 10 46 37 46 8 46 8 33 11 40 0 33 26 46 40 22 32 46 31 0 27 6
split_gain=11.71 6.34677 16.6768 3.75706 2.4727 3.61424 1.15947 0.601915 1.29486 0.198525 0.00175099 0.00064083 0.000508145 0.000394055 0.00031839 7.53338e-05 5.35905e-05 0.000128526 3.10698e-05 1.64064e-05 1.35955e-05 1.74418e-06 1.7963e-07 1.8897e-07 1.72216e-08 1.46173e-08 8.8923e-10
threshold=1.5000000000000002 228.72500000000005 1.4350000000000003 2699.9150000000004 1.0000000180025095e-35 5471.255000000001 0.015000000000000001 2.5000000000000004 0.63500000000000012 20.575000000000003 1.2650000000000003 19.465000000000003 3.3803000000000005 6448.2100000000009 20.815000000000001 2574.6950000000002 0.07690000000000001 1.5000000000000002 1.5550000000000004 13.855000000000002 2142.1950000000002 1.5000000000000002 1.2650000000000003 1.5000000000000002 10278.095000000003 5306.5950000000012 5.5000000000000009
decision_type=2 2 2 2 2 2 2 2 2 2 2 2 2 2 2 2 2 2 2 2 2 2 2 2 2 2 2
left_child=1 9 3 12 5 -5 -6 8 -2 -1 11 13 15 -4 -13 -3 -11 -18 19 -12 -20 -9 24 -24 26 -25 -23
right_child=7 2 10 4 6 -7 -8 21 -10 16 18 14 -14 -15 -16 -17 17 -19 20 -21 -22 22 23 25 -26 -27 -28
leaf_value=0.038366211025212121 0.050186910584326207 -0.050299116079152599 -0.050804128316412768 -0.033225439091609799 -0.0084552762056112479 0.031978175219274881 0.046421050441119542 0.050246392313771052 0.022842314609508089 0.050229330144653486 -0.050378669995512271 -0.053571017389052747 -0.054014839150655913 -0.052681092722616389 -0.051740424178628112 -0.051519672057409975 0.050250056088346332 0.049717602403020353 -0.050015748028566835 -0.05130026941321756 -0.050298948733881736 0.050223748051830309 0.050234387907593561 0.050223762729832561 0.050221678688706674 0.050226743730704987 0.050224305364703098
leaf_weight=4.7684617316699613 12.719212415162476 1.1633259475747788 1.8295941224059777 2.9914166269300058 1.0169501744094329 7.340016152287717 17.99989553206251 9.5554923117160779 6.5633406442939295 9.532519437314475 0.21182066381879838 0.47168466193397751 0.10706669600040175 0.33007882640958985 0.4784775429070578 0.14183272443915473 2.6456875355797811 1.9827230920491272 4.5235320032406889 0.062552022325689904 0.46759133679734066 108.90402194857597 8.3468481600284594 8.7892137765884417 10.589196950197218 7.7281037271022788 7.6609667837619773
leaf_count=17 32 970 715 144 156 50 214 23 32 28 130 32 15 24 55 28 7 42 44017 4 368 285 21 23 28 20 20
internal_value=0.0429571 0.0234214 0.0119248 0.028956 0.0327891 0.0130988 0.0434865 0.0492292 0.0408794 0.0471902 -0.0506264 -0.0515671 -0.0507034 -0.051091 -0.0526492 -0.0504318 0.0501616 0.050022 -0.0500708 -0.0505888 -0.0500423 0.0502257 0.0502244 0.0502283 0.0502236 0.0502252 0.0502238
internal_weight=238.922 58.0652 39.1358 30.7605 29.3483 10.3314 19.0168 180.856 19.2826 18.9294 8.37533 3.10984 1.41223 2.15967 0.950162 1.30516 14.1609 4.62841 5.2655 0.274373 4.99112 161.574 152.018 24.8642 127.154 16.5173 116.565
internal_count=47500 47016 46922 1577 564 194 370 484 64 94 45345 826 1013 739 87 998 77 49 44519 134 44385 420 397 64 333 43 305
is_linear=0
shrinkage=0.05


Tree=97
num_leaves=28
num_cat=0
split_feature=45 0 40 0 11 0 39 37 46 8 46 8 33 11 28 0 33 26 46 40 22 32 46 31 0 27 6
split_gain=11.3835 6.0755 15.7318 3.512 2.50117 2.55641 0.792669 0.637763 1.34233 0.207296 0.00150418 0.000541104 0.000436476 0.000338077 0.000275734 6.4773e-05 6.25079e-05 0.000146634 2.67512e-05 1.40856e-05 1.1742e-05 1.50033e-06 1.54437e-07 1.62573e-07 1.48269e-08 1.25694e-08 7.67272e-10
threshold=1.5000000000000002 228.72500000000005 1.4350000000000003 2699.9150000000004 3869.0650000000005 8890.9000000000015 1.0000000180025095e-35 2.5000000000000004 0.63500000000000012 20.575000000000003 1.2650000000000003 19.465000000000003 3.3803000000000005 6448.2100000000009 544.61500000000012 2574.6950000000002 0.07690000000000001 1.5000000000000002 1.5550000000000004 13.855000000000002 2142.1950000000002 1.5000000000000002 1.2650000000000003 1.5000000000000002 10278.095000000003 5306.5950000000012 5.5000000000000009
decision_type=2 2 2 2 2 2 2 2 2 2 2 2 2 2 2 2 2 2 2 2 2 2 2 2 2 2 2
left_child=1 9 3 12 6 -6 -5 8 -2 -1 11 13 15 -4 -13 -3 -11 -18 19 -12 -20 -9 24 -24 26 -25 -23
right_child=7 2 10 4 5 -7 -8 21 -10 16 18 14 -14 -15 -16 -17 17 -19 20 -21 -22 22 23 25 -26 -27 -28
leaf_value=0.037844667529521328 0.050229686563853904 -0.050284756370508249 -0.050765309667374373 0.021809886967401812 -0.019548238714766478 0.043192315945781767 0.045382470068778956 0.050234319401907736 0.022000509289345868 0.050215877315390393 -0.050360391143135744 -0.053516520981083518 -0.053811119126824437 -0.052545874041037832 -0.051757586852388342 -0.051444748947384669 0.05023615073324255 0.049653272012762324 -0.050014986993311333 -0.051235490027412414 -0.050285233235478101 0.050212788633349707 0.05022290468005839 0.05021280143998777 0.050210820165466553 0.050215635416678665 0.050213319369931966
leaf_weight=4.5968448797648334 12.095753669738771 1.1013425403216413 1.7416610075742935 4.5017636422708227 4.0440459537494453 2.7126242334488779 17.162117321684491 9.0915948152542096 6.4603763371997038 9.0699811185477284 0.20156133772979945 0.38568440810195159 0.10222081939718908 0.31476826951984538 0.52760067989584059 0.13510699428297801 2.5173349622928063 1.8884076419199116 4.3029805084843247 0.059574654369498603 0.44335352948110074 103.61475083231926 7.9415371417999294 8.3623378276824933 10.074879080057142 7.3527847528457633 7.2888911366462699
leaf_count=17 31 969 715 118 160 19 267 23 34 28 130 17 15 24 71 28 7 42 44017 4 367 285 21 23 28 20 20
internal_value=0.0428002 0.0231747 0.0117581 0.0284725 0.0322004 0.00564043 0.0404841 0.0491577 0.0404016 0.0470132 -0.0505961 -0.0514876 -0.0506711 -0.0510379 -0.0525004 -0.0504115 0.0501408 0.0499863 -0.0500673 -0.05056 -0.0500402 0.0502146 0.0502134 0.0502171 0.0502127 0.0502141 0.0502128
internal_weight=228.092 55.809 37.7364 29.7592 28.4206 6.75667 21.6639 172.283 18.5561 18.0726 7.97718 2.96971 1.33867 2.05643 0.913285 1.23645 13.4757 4.40574 5.00747 0.261136 4.74633 153.727 144.635 23.6567 120.979 15.7151 110.904
internal_count=47500 47015 46921 1576 564 179 385 485 65 94 45345 827 1012 739 88 997 77 49 44518 134 44384 420 397 64 333 43 305
is_linear=0
shrinkage=0.05


Tree=98
num_leaves=30
num_cat=0
split_feature=37 0 40 0 11 8 37 25 25 8 22 46 8 33 11 40 33 19 27 0 46 40 22 32 46 31 0 27 6
split_gain=11.1054 5.82602 14.7944 3.30326 2.44086 2.94395 0.67453 1.40785 0.326576 0.216278 0.0221603 0.00129851 0.000473403 0.000375441 0.000290094 0.000235443 7.2839e-05 0.000169067 0.000339551 5.575e-05 2.30332e-05 1.20947e-05 1.00754e-05 1.2904e-06 1.32759e-07 1.39834e-07 1.27787e-08 1.08312e-08 6.51198e-10
threshold=1.5000000000000002 228.72500000000005 1.4350000000000003 2699.9150000000004 1896.9500000000003 30.405000000000005 2.5000000000000004 40.425000000000004 28.775000000000002 20.575000000000003 1873.5200000000002 1.2650000000000003 19.465000000000003 3.3803000000000005 6448.2100000000009 20.815000000000001 0.07690000000000001 1.0000000180025095e-35 521.62000000000012 2574.6950000000002 1.5550000000000004 13.855000000000002 2142.1950000000002 1.5000000000000002 1.2650000000000003 1.5000000000000002 10278.095000000003 5306.5950000000012 5.5000000000000009
decision_type=2 2 2 2 2 2 2 2 2 2 2 2 2 2 2 2 2 2 2 2 2 2 2 2 2 2 2 2 2
left_child=1 9 3 13 8 -6 7 -2 -5 -1 -9 12 14 19 -4 -14 -11 18 -18 -3 21 -13 -22 -8 26 -26 28 -27 -25
right_child=6 2 11 4 5 -7 23 10 -10 16 -12 20 15 -15 -16 -17 17 -19 -20 -21 22 -23 -24 24 25 27 -28 -29 -30
leaf_value=0.037309189761560592 0.017170764627376444 -0.050271146166082505 -0.050728346941194394 0.024745318813161055 -0.011265241684872489 0.037792551649122451 0.05022284043215032 0.050212298994532105 0.047503862955250921 0.050202853199594222 0.045959256688459904 -0.050342985100499296 -0.053221919039822846 -0.053618062989609007 -0.052417678358869228 -0.051570994683028143 0.050228164205982188 0.050209619353608598 0.048807824456349354 -0.051373554450152285 -0.050014262217620876 -0.051174004274178064 -0.050270459742581999 0.050202370100920539 0.050211986944497571 0.050202379506798782 0.050200496320536081 0.050205076570256649 0.050202871366272807
leaf_weight=4.4338394076039576 4.9281511828303364 1.0535856341703063 1.6578959211656177 1.784191501064927 5.7262283011805248 6.5632612646149937 8.650119334459303 7.9576578438281995 13.527450879773822 8.6298149598878791 4.9791903361547156 0.19179569373955008 0.42983107547479438 0.09757670519320516 0.30013061316276424 0.43402616506136837 0.89767385006416478 2.5041947066783905 0.79206964185868856 0.12869135898654338 4.0931794830903527 0.056735534948529676 0.4234525715401104 98.58134138584137 7.5558249652385738 7.9561114609241468 9.5854426026344282 6.9956192672252655 6.9348143041133872
leaf_count=17 17 970 715 90 313 51 23 22 110 28 25 130 32 15 24 55 3 7 39 28 44017 4 368 285 21 23 28 20 20
internal_value=0.0426249 0.0228936 0.011567 0.0278897 0.031531 0.0149343 0.0490838 0.0399122 0.0448519 0.0468285 0.0485754 -0.0505674 -0.0514174 -0.0506372 -0.0509873 -0.0523924 0.0501198 0.0499488 0.0495624 -0.0503911 -0.0500641 -0.0505327 -0.0500383 0.0502041 0.0502029 0.0502064 0.0502022 0.0502036 0.0502024
internal_weight=217.85 53.7256 36.468 28.881 27.6011 12.2895 164.124 17.865 15.3116 17.2576 12.9368 7.58705 2.82188 1.27985 1.95803 0.863857 12.8238 4.19394 1.68974 1.18228 4.76516 0.248531 4.51663 146.259 137.609 22.5076 115.102 14.9517 105.516
internal_count=47500 47016 46922 1577 564 364 484 64 200 94 47 45345 826 1013 739 87 77 49 42 998 44519 134 44385 420 397 64 333 43 305
is_linear=0
shrinkage=0.05


Tree=99
num_leaves=29
num_cat=0
split_feature=45 0 40 0 39 9 46 37 46 33 19 27 2 46 8 33 11 28 0 46 40 22 32 46 31 0 27 6
split_gain=10.8341 5.58516 13.9389 3.08081 2.39164 3.52337 1.20055 0.714319 1.45413 0.227585 0.502935 0.797835 1.2058 0.00111531 0.000399283 0.000322516 0.000248957 0.000203801 4.79432e-05 1.9831e-05 1.03863e-05 8.70255e-06 1.11005e-06 1.14257e-07 1.2031e-07 1.09706e-08 9.30763e-09 5.61656e-10
threshold=1.5000000000000002 228.72500000000005 1.4350000000000003 2699.9150000000004 1.0000000180025095e-35 2.5000000000000004 0.015000000000000001 2.5000000000000004 0.63500000000000012 0.07690000000000001 1.0000000180025095e-35 521.62000000000012 4.5000000000000009 1.2650000000000003 19.465000000000003 3.3803000000000005 6448.2100000000009 544.61500000000012 2574.6950000000002 1.5550000000000004 13.855000000000002 2142.1950000000002 1.5000000000000002 1.2650000000000003 1.5000000000000002 10278.095000000003 5306.5950000000012 5.5000000000000009
decision_type=2 2 2 2 2 2 2 2 2 2 2 2 2 2 2 2 2 2 2 2 2 2 2 2 2 2 2 2
left_child=1 9 3 15 5 -5 -6 8 -2 -1 11 -11 -13 14 16 18 -4 -16 -3 20 -15 -21 -9 25 -25 27 -26 -24
right_child=7 2 13 4 6 -7 -8 22 -10 10 -12 12 -14 19 17 -17 -18 -19 -20 21 -22 -23 23 24 26 -27 -28 -29
leaf_value=0.050241891650049081 0.050210630485175593 -0.05025801265816663 -0.050693152316473603 -0.011734510460238927 -0.011046714524342478 0.050359662983946986 0.045520309402619551 0.05021192533014978 0.01986673597721849 0.050177353304680088 0.050204634522549044 0.050131335932507563 -0.068759514907691707 -0.050326412752503991 -0.05317169918489794 -0.053435088952183789 -0.052296126681294158 -0.051586546790383894 -0.051305900088811064 -0.050013574658292287 -0.051115635299612633 -0.050258094330762948 0.050192460368470665 0.050201606323635899 0.050192470826777573 0.050190680493884227 0.050195034054172694 0.05019293764401677
leaf_weight=11.971888361789754 11.078916728496553 0.99705277061366604 1.5781066631025162 6.184574619081106 0.9963560179166987 3.622742772102356 16.010426792010549 8.2299914956092817 6.1342978472821406 0.85446035576751345 2.7851805090904236 0.37310244090622291 0.49781641516892705 0.18250026979512757 0.35145284443206026 0.093127633190306258 0.28613988837605564 0.47930504550458863 0.12257235513243359 3.8936050576121488 0.054028581856982782 0.40139300262308086 93.791519701480865 7.1887717247009304 7.5695436894893628 9.1196933388710004 6.6557365655899048 6.5978720486164084
leaf_count=37 31 969 715 188 156 6 214 23 34 4 8 2 43 130 17 15 24 71 28 44017 4 367 285 21 23 28 20 20
internal_value=0.0424433 0.0226096 0.0113764 0.0273411 0.0308666 0.0112026 0.0422063 0.0490055 0.0393969 0.0466356 0.0370637 0.015851 -0.0178266 -0.05054 -0.0513455 -0.0506079 -0.0509392 -0.0522571 -0.0503727 -0.050061 -0.0505067 -0.0500364 0.0501941 0.050193 0.0501963 0.0501923 0.0501937 0.0501925
internal_weight=208.102 51.7358 35.2534 28.0269 26.8141 9.80732 17.0068 156.366 17.2132 16.4824 4.51056 1.72538 0.870919 7.22653 2.695 1.21275 1.86425 0.830758 1.11963 4.53153 0.236529 4.295 139.153 130.923 21.4141 109.509 14.2253 100.389
internal_count=47500 47015 46921 1576 564 194 370 485 65 94 57 49 45 45345 827 1012 739 88 997 44518 134 44384 420 397 64 333 43 305
is_linear=0
shrinkage=0.05


Tree=100
num_leaves=29
num_cat=0
split_feature=37 0 40 0 11 8 37 25 25 8 24 46 8 33 11 40 26 20 0 46 40 22 32 46 31 0 27 6
split_gain=10.5323 5.35607 13.1212 2.90308 2.36652 2.72068 0.753333 1.49803 0.348746 0.233544 0.0266287 0.000962851 0.000349808 0.000277436 0.000213683 0.000174128 7.7489e-05 0.000165564 4.12587e-05 1.70743e-05 8.92024e-06 7.4663e-06 9.54793e-07 9.81773e-08 1.03474e-07 9.47155e-09 8.00632e-09 4.79773e-10
threshold=1.5000000000000002 228.72500000000005 1.4350000000000003 2699.9150000000004 1896.9500000000003 30.405000000000005 2.5000000000000004 40.425000000000004 28.775000000000002 20.575000000000003 3056.1300000000006 1.2650000000000003 19.465000000000003 3.3803000000000005 6448.2100000000009 20.815000000000001 8.5000000000000018 36.050000000000004 2574.6950000000002 1.5550000000000004 13.855000000000002 2142.1950000000002 1.5000000000000002 1.2650000000000003 1.5000000000000002 10278.095000000003 5306.5950000000012 5.5000000000000009
decision_type=2 2 2 2 2 2 2 2 2 2 2 2 2 2 2 2 2 2 2 2 2 2 2 2 2 2 2 2
left_child=1 9 3 13 8 -6 7 -2 -5 -1 -9 12 14 18 -4 -14 -11 -18 -3 20 -13 -21 -8 25 -25 27 -26 -24
right_child=6 2 11 4 5 -7 22 10 -10 16 -12 19 15 -15 -16 -17 17 -19 -20 21 -22 -23 23 24 26 -27 -28 -29
leaf_value=0.03618443991814909 0.014920596815239592 -0.050245776621940533 -0.050659643271939475 0.022899595753398172 -0.011164105650665343 0.036733693981559304 0.050201548697874278 0.050193164123404577 0.047021454345019316 0.05017121145228122 0.045344423071567913 -0.05031063472605151 -0.052907720780326385 -0.053261643870576761 -0.05218085594075627 -0.05141839073730075 0.049477836099573236 0.050188291180938954 -0.051241609681225958 -0.050012916127127494 -0.051060221277800945 -0.050244683789611777 0.050183041729659886 0.050191735383723339 0.05018304945187483 0.050181346053781495 0.050185486708087625 0.050183493962873818
leaf_weight=4.0759244372893582 4.6819615559652474 0.95416438703978446 1.5021093869763711 1.7040274564933522 5.6814474584243708 6.2001342022849713 7.8301875293254843 7.2668701798829698 12.417297855805371 8.2985722976736707 4.6393718751787674 0.17365269902074931 0.39142957806689072 0.088866938509454374 0.27277077624603396 0.3936092152580386 1.4256607293500558 1.9303961694240568 0.11673702757980209 3.7037591870157485 0.051447944540996104 0.38346491155607498 89.233576893806458 6.8394821286201504 7.2016904950141889 8.6764936447143537 6.3323065638542175 6.2772414982318869
leaf_count=17 17 970 715 90 313 51 23 23 110 33 24 130 32 15 24 55 38 6 28 44017 4 368 285 21 23 28 20 20
internal_value=0.0422736 0.0223585 0.0112069 0.0268224 0.0302746 0.0138303 0.0489261 0.0388815 0.0441107 0.0464864 0.0483038 -0.050514 -0.0512821 -0.0505771 -0.0508934 -0.052161 0.0500892 0.0498865 -0.0503543 -0.050058 -0.050482 -0.0500347 0.0501846 0.0501835 0.0501867 0.0501829 0.0501842 0.0501831
internal_weight=198.745 49.7655 34.0349 27.1627 26.0029 11.8816 148.979 16.5882 14.1213 15.7306 11.9062 6.87224 2.55992 1.15977 1.77488 0.785039 11.6546 3.35606 1.0709 4.31232 0.225101 4.08722 132.391 124.561 20.3735 104.187 13.534 95.5108
internal_count=47500 47016 46922 1577 564 364 484 64 200 94 47 45345 826 1013 739 87 77 44 998 44519 134 44385 420 397 64 333 43 305
is_linear=0
shrinkage=0.05


Tree=101
num_leaves=28
num_cat=0
split_feature=45 0 40 0 39 10 46 37 46 33 27 40 46 8 33 11 28 0 46 40 22 32 46 31 0 27 6
split_gain=10.2869 5.13556 12.3585 2.70517 2.33621 3.32769 1.17786 0.795527 1.56383 0.244776 0.627071 0.917221 0.000826907 0.000294696 0.000238349 0.000183431 0.000150707 3.54889e-05 1.47002e-05 7.66192e-06 6.44967e-06 8.21761e-07 8.45835e-08 8.90188e-08 8.11538e-09 6.89084e-09 4.19206e-10
threshold=1.5000000000000002 228.72500000000005 1.4350000000000003 2699.9150000000004 1.0000000180025095e-35 5471.255000000001 0.015000000000000001 2.5000000000000004 0.63500000000000012 0.07690000000000001 706.6600000000002 21.915000000000003 1.2650000000000003 19.465000000000003 3.3803000000000005 6448.2100000000009 544.61500000000012 2574.6950000000002 1.5550000000000004 13.855000000000002 2142.1950000000002 1.5000000000000002 1.2650000000000003 1.5000000000000002 10278.095000000003 5306.5950000000012 5.5000000000000009
decision_type=2 2 2 2 2 2 2 2 2 2 2 2 2 2 2 2 2 2 2 2 2 2 2 2 2 2 2
left_child=1 9 3 14 5 -5 -6 8 -2 -1 -11 -12 13 15 17 -4 -15 -3 19 -14 -20 -9 24 -24 26 -25 -23
right_child=7 2 12 4 6 -7 -8 21 -10 10 11 -13 18 16 -16 -17 -18 -19 20 -21 -22 22 23 25 -26 -27 -28
leaf_value=0.050215205778552409 0.050193509906913993 -0.050233750941150936 -0.05062774048310606 -0.03496847896808649 -0.011762685596054978 0.029506878788096561 0.044856920438265543 0.050191682431095445 0.017726084048214297 0.050162123853847732 -0.030659843411631124 0.049064438890499627 -0.050295611920718533 -0.052861570847278876 -0.053097205347854719 -0.0520715233482874 -0.051432365608731517 -0.051180510912109546 -0.050012292707211414 -0.051007607042493332 -0.05023353561767805 0.050174079310682233 0.050182349364005931 0.050174089496113461 0.050172470400430706 0.050176407639049139 0.050174512704652056
leaf_weight=10.887494001275625 10.158244520425795 0.90259522394990443 1.429728328585042 2.8720681457198225 0.97913638639147471 6.6000535002240213 14.843879381121949 7.4497320353984824 5.8416049351799293 2.6982519368466447 0.71925329984514952 0.72384964665980078 0.16523165217949998 0.32004440210948804 0.084788022453721967 0.25999862567550724 0.43537283518526237 0.11117291312257294 3.5231674966726136 0.048988005772116594 0.36338761873230385 84.896380811929703 6.5071027874946621 6.8516523241996747 8.2547593116760236 6.0245387554168701 5.9721384644508353
leaf_count=37 31 969 715 144 156 50 214 23 34 11 18 28 130 17 15 24 71 28 44017 4 367 285 21 23 28 20 20
internal_value=0.0420773 0.0220593 0.0110086 0.0262607 0.0295965 0.00995713 0.0413533 0.0488415 0.0383395 0.0462797 0.0359334 0.00932926 -0.0504891 -0.0512169 -0.0505506 -0.0508499 -0.0520379 -0.0503376 -0.0500552 -0.0504584 -0.050033 0.0501756 0.0501746 0.0501776 0.050174 0.0501752 0.0501741
internal_weight=189.925 47.9685 32.9396 26.3937 25.2951 9.47212 15.823 141.956 15.9998 15.0288 4.14135 1.4431 6.54592 2.44514 1.09856 1.68973 0.755417 1.01377 4.10077 0.21422 3.88656 125.956 118.507 19.3833 99.1233 12.8762 90.8685
internal_count=47500 47015 46921 1576 564 194 370 485 65 94 57 46 45345 827 1012 739 88 997 44518 134 44384 420 397 64 333 43 305
is_linear=0
shrinkage=0.05


Tree=102
num_leaves=29
num_cat=0
split_feature=37 0 40 0 11 8 37 25 25 8 24 46 8 33 11 40 26 20 0 46 40 22 32 46 31 0 27 6
split_gain=10.0161 4.92175 11.6269 2.54831 2.34472 2.52742 0.836544 1.5828 0.364461 0.253605 0.0313412 0.000713893 0.000258542 0.000205046 0.000157481 0.000128799 9.76572e-05 0.000219613 3.05351e-05 1.26562e-05 6.58175e-06 5.5326e-06 7.0681e-07 7.26587e-08 7.65792e-08 7.00285e-09 5.92982e-09 3.58312e-10
threshold=1.5000000000000002 228.72500000000005 1.4350000000000003 2699.9150000000004 1896.9500000000003 30.405000000000005 2.5000000000000004 40.425000000000004 28.775000000000002 20.575000000000003 3056.1300000000006 1.2650000000000003 19.465000000000003 3.3803000000000005 6448.2100000000009 20.815000000000001 8.5000000000000018 36.050000000000004 2574.6950000000002 1.5550000000000004 13.855000000000002 2142.1950000000002 1.5000000000000002 1.2650000000000003 1.5000000000000002 10278.095000000003 5306.5950000000012 5.5000000000000009
decision_type=2 2 2 2 2 2 2 2 2 2 2 2 2 2 2 2 2 2 2 2 2 2 2 2 2 2 2 2
left_child=1 9 3 13 8 -6 7 -2 -5 -1 -9 12 14 18 -4 -14 -11 -18 -3 20 -13 -21 -8 25 -25 27 -26 -24
right_child=6 2 11 4 5 -7 22 10 -10 16 -12 19 15 -15 -16 -17 17 -19 -20 21 -22 -23 23 24 26 -27 -28 -29
leaf_value=0.034923937113290414 0.012677151635147769 -0.050222771042639405 -0.050597368590161507 0.021281583000386645 -0.011570246239710667 0.035432582467418434 0.050182299816088904 0.050175666995570592 0.046559231315493513 0.050145853718268733 0.04471649272239428 -0.050281310297711324 -0.052624802506948579 -0.052941291750206704 -0.051967810608329217 -0.051280879759425461 0.04931574192154025 0.050172768807337204 -0.051122442908270262 -0.050011697455078899 -0.05095764616825843 -0.050221363028274284 0.050165563130042071 0.050173424351453833 0.050165569873958274 0.050164030725879882 0.050167774556569233 0.050165973924759182
leaf_weight=3.7523004906252018 4.4585172208026043 0.86409836932580819 1.360795441840309 1.6281336030515401 5.5962562439526646 5.8494147552992217 7.0876958370208731 6.6108897685553512 11.485683211241847 7.5369986012083228 4.364943785010837 0.15721678771296899 0.35624303408621916 0.080884389215498231 0.24779945838236006 0.35687817948564771 1.2932515843713193 1.7713072299957273 0.10586803570186021 3.3513794920199875 0.046643367648357525 0.34724095169985947 80.769300997257233 6.1908208727836636 6.5185722410678846 7.8534576892852774 5.7316798567771912 5.6818165779113761
leaf_count=17 17 970 715 90 313 51 23 23 110 33 24 130 32 15 24 55 38 6 28 44017 4 368 285 21 23 28 20 20
internal_value=0.0418914 0.0217883 0.0108286 0.0257252 0.0289877 0.012451 0.0487558 0.0377996 0.0434209 0.0460952 0.0480046 -0.0504655 -0.0511598 -0.0505227 -0.0508085 -0.0519522 0.0500491 0.0498111 -0.050321 -0.0500525 -0.0504361 -0.0500314 0.050167 0.050166 0.0501689 0.0501655 0.0501666 0.0501656
internal_weight=181.456 46.1884 31.8345 25.6103 24.5595 11.4457 135.268 15.4344 13.1138 14.3539 10.9758 6.2242 2.32172 1.05085 1.60859 0.713121 10.6016 3.06456 0.969966 3.90248 0.20386 3.69862 119.833 112.746 18.4411 94.3046 12.2503 86.4511
internal_count=47500 47016 46922 1577 564 364 484 64 200 94 47 45345 826 1013 739 87 77 44 998 44519 134 44385 420 397 64 333 43 305
is_linear=0
shrinkage=0.05


Tree=103
num_leaves=27
num_cat=0
split_feature=45 0 40 8 8 11 37 46 39 10 33 27 40 46 8 11 28 46 40 22 32 46 31 0 27 6
split_gain=9.79206 4.71886 10.9487 2.42819 4.49761 4.55918 0.880907 1.66981 0.56996 1.64699 0.265764 0.655217 0.890531 0.000613045 0.000217549 0.000135218 0.000111491 1.08962e-05 5.65436e-06 4.77974e-06 6.08155e-07 6.25694e-08 6.58936e-08 6.00875e-09 5.09005e-09 3.0704e-10
threshold=1.5000000000000002 228.72500000000005 1.4350000000000003 30.405000000000005 1.0000000180025095e-35 2131.8300000000004 2.5000000000000004 0.63500000000000012 1.0000000180025095e-35 4770.380000000001 0.07690000000000001 706.6600000000002 21.915000000000003 1.2650000000000003 19.465000000000003 6448.2100000000009 544.61500000000012 1.5550000000000004 13.855000000000002 2142.1950000000002 1.5000000000000002 1.2650000000000003 1.5000000000000002 10278.095000000003 5306.5950000000012 5.5000000000000009
decision_type=2 2 2 2 2 2 2 2 2 2 2 2 2 2 2 2 2 2 2 2 2 2 2 2 2 2
left_child=1 10 3 4 -3 -6 7 -2 9 -5 -1 -12 -13 14 15 -4 -16 18 -15 -19 -8 23 -23 25 -24 -22
right_child=6 2 13 8 5 -7 20 -9 -10 -11 11 12 -14 17 16 -17 -18 19 -20 -21 21 22 24 -25 -26 -27
leaf_value=0.05018995310075465 0.050178139453961539 0.049876110201330093 -0.050568454814879552 -0.051023206681323818 0.019776335814559093 -0.057769522593168289 0.050173377535969815 0.015595150027485617 0.049610779115010634 0.037529362719854735 0.050135614717059018 -0.032011876665927148 0.048798999237468173 -0.050267694567760791 -0.052582482468773895 -0.051869414355517555 -0.05129336265128337 -0.050011130785599579 -0.050910198295279034 -0.050211310803721515 0.050157460784487934 0.050164938337753887 0.050157469781703518 0.050156005471902965 0.05015956393896133 0.050157850642017547
leaf_weight=9.9055461378302407 9.3244297802448255 4.3171077262013622 1.2951501214665762 0.58518848996027184 4.3706076710441266 3.3469258066616021 6.7431935667991629 5.5787771466711993 7.1833963908575242 5.1121875216049375 2.4478667699440844 0.70788539764180292 0.65763383568264544 0.14958871967246556 0.29126574831752794 0.23614999689380045 0.39542845776304603 3.1879659777041529 0.044408850502804853 0.32896753568093107 76.84223484992981 5.8898621201515224 6.2016339898109418 7.4716052114963523 5.4530123770236969 5.4055642187595359
leaf_count=37 31 12 715 163 804 532 23 34 33 32 11 18 28 130 17 24 71 44017 4 367 285 21 23 28 20 20
internal_value=0.0416799 0.0214755 0.0106245 0.0251562 0.00900773 -0.0138536 0.0486644 0.0372326 0.0402439 0.028434 0.045872 0.0346559 0.00690663 -0.050443 -0.0511007 -0.0507691 -0.0518402 -0.05005 -0.0504148 -0.0500299 0.0501588 0.0501579 0.0501606 0.0501574 0.0501584 0.0501575
internal_weight=173.474 44.5633 30.8443 24.9154 12.0346 7.71753 128.91 14.9032 12.8808 5.69738 13.7189 3.81339 1.36552 5.92893 2.21799 1.5313 0.686694 3.71093 0.193998 3.51693 114.007 107.264 17.5445 89.7194 11.6546 82.2478
internal_count=47500 47015 46921 1576 1348 1336 485 65 228 195 94 57 46 45345 827 739 88 44518 134 44384 420 397 64 333 43 305
is_linear=0
shrinkage=0.05


Tree=104
num_leaves=28
num_cat=0
split_feature=45 0 40 0 39 9 46 37 46 8 46 8 33 26 2 11 28 9 46 40 22 32 46 31 0 27 6
split_gain=9.44928 4.49726 10.3454 2.32468 2.20983 3.19 1.13644 0.923468 1.68563 0.27461 0.000527849 0.000187064 0.000146122 0.000123578 0.000189072 0.000116116 9.56759e-05 3.10066e-05 9.38078e-06 4.85813e-06 4.1147e-06 5.23152e-07 5.38283e-08 5.66892e-08 5.18266e-09 4.38475e-09 2.60968e-10
threshold=1.5000000000000002 228.72500000000005 1.4350000000000003 2699.9150000000004 1.0000000180025095e-35 2.5000000000000004 0.015000000000000001 2.5000000000000004 0.63500000000000012 20.575000000000003 1.2650000000000003 19.465000000000003 3.3803000000000005 8.5000000000000018 4.5000000000000009 6448.2100000000009 544.61500000000012 3.5000000000000004 1.5550000000000004 13.855000000000002 2142.1950000000002 1.5000000000000002 1.2650000000000003 1.5000000000000002 10278.095000000003 5306.5950000000012 5.5000000000000009
decision_type=2 2 2 2 2 2 2 2 2 2 2 2 2 2 2 2 2 2 2 2 2 2 2 2 2 2 2
left_child=1 9 3 12 5 -5 -6 8 -2 -1 11 15 17 -11 -15 -4 -13 -3 19 -12 -20 -9 24 -24 26 -25 -23
right_child=7 2 10 4 6 -7 -8 21 -10 13 18 16 -14 14 -16 -17 -18 -19 20 -21 -22 22 23 25 -26 -27 -28
leaf_value=0.033586336468877771 0.050169422083184922 -0.050248157730807277 -0.05054093042712731 -0.013050083607401175 -0.013081851574353865 0.050298690443704899 0.044037537222923084 0.05016489389899751 0.014977589650960918 0.050121110046756401 -0.050254733673299225 -0.05245327755592713 -0.052619150858649405 0.050135622343273081 0.04931399301605835 -0.051776051761715784 -0.051230011601034721 -0.051739706809403013 -0.050010592891245077 -0.050865139809455395 -0.050201009904643518 0.050149759148594313 0.050156869507348059 0.050149766764094196 0.050148373281951597 0.050151759478689967 0.050150127639004199
leaf_weight=3.459031566802877 8.8711743652820569 0.87281857252310757 1.2326389277950505 5.8554172922013095 0.93212323018815446 3.0082051753997803 13.237621504478737 6.4153815358877173 5.5199000043212427 6.8475422126357426 0.14232896476823986 0.27772578730582598 0.073933859210228547 1.4074591977987441 1.3933734993916003 0.22502766166144272 0.37659659563360037 0.036292080243583769 3.0325189475388474 0.042279482644516975 0.31298619177687204 73.105536311864853 5.603488743305209 5.9000600278377515 7.1082651019096366 5.1878527700901031 5.1427035629749289
leaf_count=17 31 994 715 188 156 6 214 23 34 33 130 17 15 6 38 24 71 3 44017 4 367 285 21 23 28 20 20
internal_value=0.0415256 0.0212834 0.0105044 0.0248175 0.0280312 0.00844972 0.0402801 0.048572 0.0366711 0.0456734 -0.0504216 -0.0510469 -0.0504815 0.0500067 0.0497269 -0.0507316 -0.0517492 -0.0503077 -0.0500476 -0.0503945 -0.0500284 0.050151 0.0501502 0.0501528 0.0501497 0.0501507 0.0501498
internal_weight=165.62 42.7659 29.6585 24.0164 23.0334 8.86362 14.1697 122.854 14.3911 13.1074 5.6421 2.11199 0.983045 9.64837 2.80083 1.45767 0.654322 0.909111 3.53011 0.184608 3.34551 108.463 102.048 16.6914 85.3565 11.0879 78.2482
internal_count=47500 47015 46921 1576 564 194 370 485 65 94 45345 827 1012 77 44 739 88 997 44518 134 44384 420 397 64 333 43 305
is_linear=0
shrinkage=0.05


Tree=105
num_leaves=27
num_cat=0
split_feature=37 7 21 7 0 40 0 26 38 1 0 40 22 16 7 40 11 29 46 32 46 31 0 27 6 31
split_gain=9.22686 6.16788 48.9204 5.18728 3.36816 11.0852 5.15249 0.198477 0.101087 0.00150763 0.000401392 0.000380173 0.000197754 0.000102128 6.48047e-05 5.67374e-05 1.86128e-05 1.49607e-05 1.15054e-05 4.50218e-07 4.63405e-08 4.87893e-08 4.44824e-09 3.7736e-09 2.27601e-10 7.4607e-12
threshold=2.5000000000000004 1.0000000180025095e-35 1.5000000000000002 1.5000000000000002 228.72500000000005 1.4350000000000003 2699.9150000000004 15.500000000000002 2.5000000000000004 8.7547500000000014 228.72500000000005 1.6850000000000003 4857.0100000000011 34.379650000000005 2.5000000000000004 0.21500000000000002 9547.6450000000023 0.066050000000000011 1.0950000000000004 1.5000000000000002 1.2650000000000003 1.5000000000000002 10278.095000000003 5306.5950000000012 5.5000000000000009 2.5000000000000004
decision_type=2 2 2 2 2 2 2 2 2 2 2 2 2 2 2 2 2 2 2 2 2 2 2 2 2 2
left_child=1 2 9 4 7 6 -6 17 -7 15 -5 -11 13 -12 -14 -1 -13 -3 -17 -2 22 -22 24 -23 25 -21
right_child=19 3 -4 10 5 8 -8 -9 -10 11 12 16 14 -15 -16 18 -18 -19 -20 20 21 23 -24 -25 -26 -27
leaf_value=-0.051579665342600028 0.05015682744853181 0.050053017352104059 -2.6459339370076314 -0.054024676746093084 -0.060675783522626474 -0.050552067339738153 0.036434526541777604 0.037459558413988257 -0.077880746549782651 -0.055817910004052396 -0.050210070116768896 -0.050171442967345853 -0.050836057536947345 -0.052467569064352883 -0.052419203965228534 -0.050626171502252543 -0.052042198363739682 0.050164725125726187 -0.050041579743085318 0.050142485365563143 0.050149196139552127 0.050142440550336446 0.050141116421131171 0.050144335846062239 0.050142785391904615 0.050142427488563637
leaf_weight=0.11955851819948193 6.1034564375877371 4.3083200280234477 0.018608919926919043 0.082802991586503949 1.4353693554003282 4.0905982300828319 28.231750872015255 3.9533720564213573 0.36889071821497044 0.27883427118649706 1.6793349810650395 0.020215710956108524 0.11252526260068396 0.051639553956192574 0.15189980866125552 0.15690521958458703 0.038842742513224948 9.8494246390473545 0.18155278302037914 6.1031385362148276 5.3309983909130088 5.6131099462509138 6.7625448405742636 4.935550332069397 4.8925892859697333 63.446900591254234
leaf_count=21 23 29 2 22 595 27041 380 26 50 7 16341 138 47 52 19 74 11 38 2187 25 21 23 28 20 20 260
internal_value=0.0413208 0.0248068 -0.111763 0.0268548 0.0299368 0.0206877 0.0317361 0.0473648 -0.0528127 -0.0525125 -0.0506135 -0.055046 -0.050472 -0.0502774 -0.0517455 -0.0506433 -0.0514018 0.0501307 -0.0503126 0.0501437 0.0501428 0.0501453 0.0501423 0.0501433 0.0501425 0.0501424
internal_weight=158.319 55.1304 0.814518 54.3159 52.2377 34.1266 29.6671 18.1111 4.45949 0.795909 2.0782 0.337893 1.9954 1.73097 0.264425 0.458017 0.0590585 14.1577 0.338458 103.188 97.0848 15.8797 81.2052 10.5487 74.4426 69.55
internal_count=47500 47080 2440 44640 28159 28066 975 93 27091 2438 16481 156 16459 16393 66 2282 149 67 2261 420 397 64 333 43 305 285
is_linear=0
shrinkage=0.05


Tree=106
num_leaves=28
num_cat=0
split_feature=37 0 40 8 8 11 37 40 39 22 33 27 19 28 46 8 11 40 46 40 22 32 46 31 0 27 6
split_gain=9.12209 4.16035 9.10529 2.37644 4.30882 4.06969 0.918099 1.93627 0.573317 1.45407 0.298747 0.703986 0.910879 1.07755 0.000393355 0.000142067 8.58979e-05 7.09795e-05 6.95401e-06 3.59133e-06 3.03527e-06 3.87419e-07 3.99044e-08 4.19727e-08 3.82012e-09 3.24829e-09 1.98511e-10
threshold=1.5000000000000002 228.72500000000005 1.4350000000000003 30.405000000000005 1.0000000180025095e-35 2131.8300000000004 2.5000000000000004 0.49500000000000005 1.0000000180025095e-35 2683.7850000000003 0.07690000000000001 706.6600000000002 1.0000000180025095e-35 531.74500000000012 1.2650000000000003 19.465000000000003 6448.2100000000009 20.815000000000001 1.5550000000000004 13.855000000000002 2142.1950000000002 1.5000000000000002 1.2650000000000003 1.5000000000000002 10278.095000000003 5306.5950000000012 5.5000000000000009
decision_type=2 2 2 2 2 2 2 2 2 2 2 2 2 2 2 2 2 2 2 2 2 2 2 2 2 2 2
left_child=1 10 3 4 -3 -6 7 -2 9 -5 -1 -12 13 -13 15 16 -4 -17 19 -16 -20 -8 24 -24 26 -25 -23
right_child=6 2 14 8 5 -7 21 -9 -10 -11 11 12 -14 -15 18 17 -18 -19 20 -21 -22 22 23 25 -26 -27 -28
leaf_value=0.050155868624218308 0.050169909217636283 0.049819141205134566 -0.050489765367575726 -0.051008330277895197 0.017544563930285511 -0.05768280078045146 0.050149156013436183 0.010502871568844076 0.04952888037509727 0.036064653380866285 0.050097345419422561 0.027646985709763729 0.05016219775529869 -0.09803125653363301 -0.050230575613467138 -0.052143977140350885 -0.05160453915185103 -0.051045652950099309 -0.050009582237261152 -0.050781883375023477 -0.050181133244184342 0.050135465329884214 0.050141898593172467 0.050135474258644931 0.050134215017583805 0.050137277087335709 0.050135803146168223
leaf_weight=8.6106905057968088 8.753176733851431 3.856035497701674 1.1164100858622976 0.53419692119495987 4.0900120885016804 3.2079441213281825 5.80665299296379 4.7436359167331821 6.3363483278990316 4.6799541081636562 2.1134431194222993 0.33633684899541527 0.55529183149337769 0.34600893696187995 0.12880982259594054 0.29504820998045023 0.20444735858472984 0.29335545305002597 2.7427394046990234 0.038329932038323022 0.28459489987289988 66.167006075382233 5.0717219263315192 5.3400785326957685 6.4335947930812827 4.6954850405454636 4.654606729745864
leaf_count=37 31 12 715 153 804 533 23 33 33 42 11 5 2 39 130 32 24 55 44017 4 368 285 21 23 28 20 20
internal_value=0.041132 0.0205691 0.0099627 0.0235277 0.00706641 -0.0155229 0.0484556 0.0362284 0.0394238 0.0271439 0.0452264 0.0325601 0.00261277 -0.0360829 -0.0503824 -0.0509502 -0.0506623 -0.0515964 -0.050043 -0.050357 -0.0500257 0.0501366 0.0501358 0.0501382 0.0501354 0.0501363 0.0501355
internal_weight=151.436 39.77 27.8082 22.7045 11.154 7.29796 111.666 13.4968 11.5505 5.21415 11.9618 3.35108 1.23764 0.682346 5.10374 1.90926 1.32086 0.588404 3.19447 0.16714 3.02733 98.1691 92.3625 15.1073 77.2552 10.0356 70.8216
internal_count=47500 47016 46922 1577 1349 1337 484 64 228 195 94 57 46 44 45345 826 739 87 44519 134 44385 420 397 64 333 43 305
is_linear=0
shrinkage=0.05


Tree=107
num_leaves=26
num_cat=0
split_feature=37 0 40 0 8 8 24 10 6 11 38 37 40 28 46 33 0 2 32 46 31 0 27 6 31
split_gain=8.8583 4.90912 13.5035 4.78264 2.08155 3.29251 1.48263 1.06242 0.344651 0.305697 0.0853067 0.068289 0.0429878 0.00668152 0.000304393 8.72273e-05 5.95665e-05 3.28145e-05 3.33326e-07 3.43267e-08 3.61107e-08 3.28562e-09 2.79401e-09 1.69862e-10 5.62039e-12
threshold=2.5000000000000004 228.72500000000005 1.4350000000000003 2699.9150000000004 29.565000000000001 1.0000000180025095e-35 9632.4000000000015 9810.965000000002 7.5000000000000009 1314.7850000000001 2.5000000000000004 1.5000000000000002 2.9650000000000003 600.7650000000001 1.2650000000000003 3.3803000000000005 56.430000000000007 22.500000000000004 1.5000000000000002 1.2650000000000003 1.5000000000000002 10278.095000000003 5306.5950000000012 5.5000000000000009 2.5000000000000004
decision_type=2 2 2 2 2 2 2 2 2 2 2 2 2 2 2 2 2 2 2 2 2 2 2 2 2
left_child=1 9 3 11 5 -5 10 -8 -6 13 14 15 -12 -1 -4 -3 -15 -9 -2 21 -21 23 -22 24 -20
right_child=18 2 6 4 8 -7 7 17 -10 -11 12 -13 -14 16 -16 -17 -18 -19 19 20 22 -23 -24 -25 -26
leaf_value=0.047394300809403336 0.050141860567222751 -0.050278856429622203 -0.050902117240269378 0.050298895302680724 0.047212167957438531 -0.0055452214398159496 -0.25637191512819996 -0.050624548766549288 0.029663528344769832 0.030958944800898253 -0.087472324130437012 -0.071965313960645011 -0.052561004085573126 0.050175899167311591 -0.050087075143909345 -0.052197045249047704 0.049931059781422996 -0.052408538276633498 0.050128889264817858 0.050134958658284226 0.050128849449155202 0.050127652211752062 0.0501305636827441 0.05012916147095068 0.050128836460299198
leaf_weight=2.8905948612373349 5.5242425650358191 0.8131860577159411 1.8231279217307008 4.2232194691896456 12.712487597571455 7.0382337335176999 0.15699279308319081 0.061330368960625492 3.5874744560569516 2.6311309100128701 0.24487209320068348 0.63320454955101013 0.1377954740455607 7.3463772335671802 3.082282625157859 0.063925564430974191 3.7533464443986304 0.044463865509897005 5.5238083750009528 4.8250221014022818 5.0802942067384702 6.1206057369709006 4.4670665860176086 4.4281706511974326 57.424302205443382
leaf_count=20 23 998 826 11 70 466 1 191 39 28 1 3 76 28 44261 15 39 7 25 21 23 28 20 20 260
internal_value=0.0409642 0.0242594 0.0135367 0.0271812 0.0319285 0.0153972 -0.0579242 -0.173843 0.0433499 0.0465949 -0.0521637 -0.0594522 -0.074901 0.0495355 -0.05039 -0.0504187 0.0500931 -0.0513743 0.0501299 0.0501292 0.0501314 0.0501288 0.0501297 0.0501289 0.0501288
internal_weight=144.638 51.244 34.6226 29.0717 27.5614 11.2615 5.55087 0.262787 16.3 16.6214 5.28808 1.51032 0.382668 13.9903 4.90541 0.877112 11.0997 0.105794 93.3935 87.8693 14.3724 73.4969 9.54736 67.3763 62.9481
internal_count=47500 47080 46965 1602 586 477 45363 199 109 115 45164 1016 77 87 45087 1013 67 198 420 397 64 333 43 305 285
is_linear=0
shrinkage=0.05


Tree=108
num_leaves=26
num_cat=0
split_feature=37 0 40 0 8 8 24 10 6 11 38 37 40 28 46 33 0 2 32 46 31 0 27 6 11
split_gain=8.70388 4.71826 12.6597 4.47516 2.02298 3.15773 1.09361 0.650353 0.360943 0.313123 0.0712654 0.0569248 0.034631 0.00756785 0.00026239 7.50071e-05 6.65879e-05 2.80978e-05 2.8676e-07 2.94964e-08 3.10699e-08 2.83403e-09 2.40219e-09 1.44581e-10 4.68958e-12
threshold=2.5000000000000004 228.72500000000005 1.4350000000000003 2699.9150000000004 29.565000000000001 1.0000000180025095e-35 9632.4000000000015 9810.965000000002 7.5000000000000009 1314.7850000000001 2.5000000000000004 1.5000000000000002 2.9650000000000003 600.7650000000001 1.2650000000000003 3.3803000000000005 56.430000000000007 22.500000000000004 1.5000000000000002 1.2650000000000003 1.5000000000000002 10278.095000000003 5306.5950000000012 5.5000000000000009 1353.9800000000002
decision_type=2 2 2 2 2 2 2 2 2 2 2 2 2 2 2 2 2 2 2 2 2 2 2 2 2
left_child=1 9 3 11 5 -5 10 -8 -6 13 14 15 -12 -1 -4 -3 -15 -9 -2 21 -21 23 -22 24 -20
right_child=18 2 6 4 8 -7 7 17 -10 -11 12 -13 -14 16 -16 -17 -18 -19 19 20 22 -23 -24 -25 -26
leaf_value=0.047138010765869216 0.050134923828379155 -0.050265487457535424 -0.050858670566814083 0.050284295293373429 0.046923809412311328 -0.0052665671145190121 -0.20970176940627458 -0.050594369131723049 0.028741725662898499 0.030348959953553446 -0.084333800749734456 -0.070446278972400508 -0.052433302347470838 0.050166448612520058 -0.05008300652828504 -0.052087525876433671 0.049901087382059152 -0.05228563445971629 0.050122539512550163 0.050128359495365031 0.050122549901097768 0.050121411383342973 0.050124179536048655 0.05012284661304639 0.05012259190135307
leaf_weight=2.7641984342189962 5.2555308490991584 0.77372705216476123 1.7356570407391689 4.0183876603841799 12.164963612740392 7.0400484727870207 0.18158315122127522 0.058373173169457004 3.519178972055669 2.5518454957054919 0.24137291312217701 0.61497749388217926 0.13138628050000989 6.9893735783116409 2.9321901054245245 0.06093250502817682 3.5723849590722239 0.042392244737129658 55.260861158370972 4.5902919620275489 4.833117410540579 5.822806939482688 4.2497327327728271 4.2127235382795325 4.6245697140693656
leaf_count=20 23 998 826 11 70 466 1 191 39 28 1 3 76 28 44261 15 39 7 263 21 23 28 20 20 22
internal_value=0.0407693 0.0239425 0.0133059 0.0266588 0.0312969 0.0149194 -0.0574153 -0.153173 0.0428441 0.0463945 -0.0520515 -0.0589033 -0.0730898 0.0494671 -0.0503714 -0.0503985 0.0500767 -0.0513059 0.0501236 0.0501229 0.050125 0.0501225 0.0501233 0.0501226 0.0501225
internal_weight=138.243 49.393 33.5152 28.1922 26.7426 11.0584 5.32295 0.282349 15.6841 15.8778 5.04061 1.44964 0.372759 13.326 4.66785 0.83466 10.5618 0.100765 88.8496 83.5941 13.6731 69.921 9.08285 64.0982 59.8854
internal_count=47500 47080 46965 1602 586 477 45363 199 109 115 45164 1016 77 87 45087 1013 67 198 420 397 64 333 43 305 285
is_linear=0
shrinkage=0.05


Tree=109
num_leaves=27
num_cat=0
split_feature=45 7 0 40 11 8 1 37 40 26 0 22 46 16 8 7 40 29 27 46 32 46 31 0 27 6
split_gain=8.57536 3.6758 2.89508 6.7705 1.99068 2.40163 0.980907 0.894999 1.75967 0.273933 0.00048805 0.000220054 0.000218099 9.01197e-05 8.85055e-05 7.53781e-05 3.50192e-05 1.60879e-05 7.9016e-06 4.30619e-06 2.46743e-07 2.53955e-08 2.67464e-08 2.43671e-09 2.07029e-09 1.25553e-10
threshold=1.5000000000000002 1.5000000000000002 228.72500000000005 1.4350000000000003 1633.1800000000003 30.405000000000005 7.8973500000000012 2.5000000000000004 0.49500000000000005 12.500000000000002 228.72500000000005 4857.0100000000011 1.2650000000000003 34.379650000000005 19.465000000000003 2.5000000000000004 1.1850000000000003 0.11005000000000002 757.96500000000003 1.5550000000000004 1.5000000000000002 1.2650000000000003 1.5000000000000002 10278.095000000003 5306.5950000000012 5.5000000000000009
decision_type=2 2 2 2 2 2 2 2 2 2 2 2 2 2 2 2 2 2 2 2 2 2 2 2 2 2
left_child=1 2 9 4 6 -6 -4 8 -2 17 -3 13 14 16 -5 18 -12 -1 -13 -14 -9 23 -23 25 -24 -22
right_child=7 10 3 12 5 -7 -8 20 -10 -11 11 15 19 -15 -16 -17 -18 -19 -20 -21 21 22 24 -25 -26 -27
leaf_value=0.049990213860470534 0.050091898164550709 -0.054337536913493072 -0.050115296373722022 -0.050589782840215008 -0.015040853095084419 0.033491580355136531 0.043747869282582626 0.050128326362936904 0.010389126591885792 0.031590895224413294 -0.050535870325804672 -0.051333317528519197 -0.05031938559715457 -0.052384150686926922 -0.051390669014989343 -0.05262135720152869 -0.050017537253042976 0.050135940125901272 -0.050226735010788615 -0.050030032363631932 0.05011655216009351 0.050122084867568667 0.050116558079258383 0.050115475924233426 0.050118109158366009 0.050116841686714611
leaf_weight=3.4036818403692433 7.6117543922737223 0.087040178274036317 0.28678420302458718 1.0976329717159381 5.066248346869541 5.1304232315087575 9.4543936245609057 4.9998569190502158 4.4063792375382036 2.7145884541387204 0.50913625526663941 0.02529911883175362 0.13859750590927422 0.049050453955714945 0.50305967035455967 0.14772909067687578 0.90521507192079298 4.2697873581491876 0.044520389892568346 1.7791476564034381 56.971421182155609 4.3669536709785453 4.5979392528533918 5.539464756846427 4.0429481267929077 4.0077346861362448
leaf_count=27 32 22 367 485 471 76 119 23 33 25 474 1 84 52 55 18 15863 20 44 28812 285 21 23 28 20 20
internal_value=0.0405668 0.019596 0.0232675 0.0135356 0.0248203 0.00937809 0.0409845 0.0483023 0.0355351 0.045242 -0.0506868 -0.0504978 -0.0504106 -0.0502772 -0.0508415 -0.0519815 -0.0502041 0.0500713 -0.0506277 -0.0500509 0.0501176 0.0501169 0.0501189 0.0501165 0.0501173 0.0501166
internal_weight=132.157 35.6123 33.8443 23.4563 19.9378 10.1967 9.74118 96.5445 12.0181 10.3881 1.76799 1.68095 3.51844 1.4634 1.60069 0.217549 1.41435 7.67347 0.0698195 1.91775 84.5263 79.5265 13.0078 66.5186 8.64089 60.9792
internal_count=47500 47015 30541 30469 1033 547 486 485 65 72 16474 16452 29436 16389 540 63 16337 47 45 28896 420 397 64 333 43 305
is_linear=0
shrinkage=0.05


Tree=110
num_leaves=26
num_cat=0
split_feature=37 0 40 0 8 8 24 10 6 11 38 37 40 28 46 0 33 2 32 46 31 0 27 6 31
split_gain=8.45542 4.40697 11.351 4.10835 1.91922 3.03266 0.839776 0.433975 0.403132 0.337274 0.0609451 0.048138 0.0286758 0.00930144 0.000192108 7.17329e-05 6.13036e-05 2.42212e-05 2.12318e-07 2.18766e-08 2.30041e-08 2.09131e-09 1.77861e-09 1.0786e-10 3.70903e-12
threshold=2.5000000000000004 228.72500000000005 1.4350000000000003 2699.9150000000004 29.565000000000001 1.0000000180025095e-35 9632.4000000000015 9810.965000000002 7.5000000000000009 1314.7850000000001 2.5000000000000004 1.5000000000000002 2.9650000000000003 579.32000000000005 1.2650000000000003 56.430000000000007 3.3803000000000005 22.500000000000004 1.5000000000000002 1.2650000000000003 1.5000000000000002 10278.095000000003 5306.5950000000012 5.5000000000000009 2.5000000000000004
decision_type=2 2 2 2 2 2 2 2 2 2 2 2 2 2 2 2 2 2 2 2 2 2 2 2 2
left_child=1 9 3 11 5 -5 10 -8 -6 13 14 16 -12 -1 -4 -15 -3 -9 -2 21 -21 23 -22 24 -20
right_child=18 2 6 4 8 -7 7 17 -10 -11 12 -13 -14 15 -16 -17 -18 -19 19 20 22 -23 -24 -25 -26
leaf_value=0.046511727786114405 0.050122052311103171 -0.050258039233042819 -0.050777604257570975 0.050273011214022348 0.04651563732741415 -0.0055698668725316074 -0.1808426411419547 -0.050582799349667321 0.026762270005804858 0.028737666640968031 -0.081886586796895325 -0.069259203839041023 -0.052350191747489283 0.050150163186298981 -0.050080454886946318 0.049868314113868183 -0.051961008223853959 -0.052192842016545497 0.050110896394488541 0.050116116737115329 0.050110862093362789 0.050109831967413455 0.050112336075204933 0.050111129314658415 0.050110850129443822
leaf_weight=2.2869860218197564 4.7565913349390021 0.71714024623725581 1.5729299012309628 3.7492756247520465 11.226366661750943 6.9158828662184533 0.20004035532474507 0.054678704893376562 3.3547147568315259 2.3619761727750292 0.2377675175666808 0.59919492900371552 0.12557533507424523 6.3816505018039589 2.6581048421676314 3.4931878565839725 0.057050085619266611 0.040781657393381465 4.7560503482818595 4.1544570475816718 4.3741797506809217 5.2698804140090934 3.8462031334638596 3.8126987367868415 49.442848712205887
leaf_count=19 23 998 826 11 70 466 1 191 39 28 1 3 76 28 44261 40 15 7 25 21 23 28 20 20 260
internal_value=0.0403291 0.0232403 0.0127371 0.0255992 0.0301807 0.0140614 -0.0572821 -0.138985 0.0419709 0.0460272 -0.0520272 -0.0586188 -0.0716785 0.049385 -0.0503396 0.0500505 -0.0503835 -0.0512706 0.0501118 0.0501112 0.0501131 0.0501108 0.0501116 0.0501109 0.0501109
internal_weight=126.446 46.0333 31.5095 26.6196 25.2462 10.6652 4.88988 0.295501 14.5811 14.5238 4.59438 1.37339 0.363343 12.1618 4.23103 9.87484 0.77419 0.0954604 80.4129 75.6563 12.3748 63.2815 8.22038 58.0116 54.1989
internal_count=47500 47080 46965 1602 586 477 45363 199 109 115 45164 1016 77 87 45087 68 1013 198 420 397 64 333 43 305 285
is_linear=0
shrinkage=0.05


Tree=111
num_leaves=26
num_cat=0
split_feature=37 0 40 0 8 8 24 6 11 10 38 37 40 28 46 0 33 2 32 46 31 0 27 6 11
split_gain=8.31741 4.23364 10.6435 3.84183 1.85546 2.90508 0.648106 0.417246 0.344425 0.29823 0.0511089 0.0402736 0.0233153 0.0105028 0.000165555 8.09359e-05 5.27161e-05 2.07482e-05 1.82661e-07 1.87845e-08 1.9797e-08 1.80576e-09 1.53006e-09 9.16884e-11 2.92033e-12
threshold=2.5000000000000004 228.72500000000005 1.4350000000000003 2699.9150000000004 29.565000000000001 1.0000000180025095e-35 9632.4000000000015 7.5000000000000009 1314.7850000000001 9810.965000000002 2.5000000000000004 1.5000000000000002 2.9650000000000003 579.32000000000005 1.2650000000000003 56.430000000000007 3.3803000000000005 22.500000000000004 1.5000000000000002 1.2650000000000003 1.5000000000000002 10278.095000000003 5306.5950000000012 5.5000000000000009 1353.9800000000002
decision_type=2 2 2 2 2 2 2 2 2 2 2 2 2 2 2 2 2 2 2 2 2 2 2 2 2
left_child=1 8 3 11 5 -5 10 -6 13 -8 14 16 -12 -1 -4 -15 -3 -11 -2 21 -21 23 -22 24 -20
right_child=18 2 6 4 7 -7 9 -9 -10 17 12 -13 -14 15 -16 -17 -18 -19 19 20 22 -23 -24 -25 -26
leaf_value=0.046188332531985676 0.050116086469711031 -0.050245660361478442 -0.050740090301146672 0.050259680896052088 0.046174281388083369 -0.0052900232768325357 -0.15919691375214307 0.02585155721783193 0.028108007340600556 -0.050554600380708664 -0.079379549353534487 -0.067975419253420544 -0.052233132707151214 0.050141684508816613 -0.050076688452658571 0.049834795914231379 -0.051863443378344712 -0.052081387561151306 0.050105434664277887 0.050110440675582284 0.050105443059014966 0.050104464109169224 0.050106844711008118 0.050105698191765281 0.050105479282940048
leaf_weight=2.1903024702041867 4.5251346826553336 0.68232873035231623 1.4972955240318686 3.5673433542251605 10.755839675432069 6.9176036188437138 0.21543243527412403 3.3006594217149532 2.2958418580237767 0.052040273068996612 0.23312985897064198 0.5804608017206192 0.11971189696123474 6.0714144512312469 2.5286529962486384 3.3250027356552891 0.054367231121432269 0.038873632882314268 47.579289957880974 3.9522781074047071 4.1612871587276459 5.0133887678384772 3.6590123772621155 3.6271343827247611 3.9817295074462882
leaf_count=19 23 998 826 11 70 466 1 39 28 191 1 3 76 28 44261 40 15 7 263 21 23 28 20 20 22
internal_value=0.0401133 0.022906 0.0125001 0.0250636 0.0295284 0.0136099 -0.0568414 0.0414022 0.0458006 -0.127149 -0.0519226 -0.0581258 -0.0701693 0.0493063 -0.0503234 0.0500331 -0.0503651 -0.0512074 0.0501063 0.0501057 0.0501076 0.0501054 0.0501061 0.0501055 0.0501054
internal_weight=120.926 44.4263 30.5437 25.8586 24.5414 10.4849 4.68514 14.0565 13.8826 0.306346 4.37879 1.31716 0.352842 11.5867 4.02595 9.39642 0.736696 0.0909139 76.4993 71.9741 11.7726 60.2015 7.8203 55.1882 51.561
internal_count=47500 47080 46965 1602 586 477 45363 109 115 199 45164 1016 77 87 45087 68 1013 198 420 397 64 333 43 305 285
is_linear=0
shrinkage=0.05


Tree=112
num_leaves=26
num_cat=0
split_feature=37 0 40 0 8 8 24 6 11 10 38 37 40 28 46 0 33 2 32 46 31 0 27 6 11
split_gain=8.18621 4.06663 9.98106 3.5918 1.79059 2.78261 0.507594 0.430083 0.351357 0.212171 0.0429377 0.0337554 0.019037 0.0118409 0.000142664 9.16329e-05 4.53332e-05 1.77776e-05 1.57203e-07 1.61828e-08 1.70378e-08 1.55258e-09 1.31764e-09 7.98508e-11 2.74269e-12
threshold=2.5000000000000004 228.72500000000005 1.4350000000000003 2699.9150000000004 29.565000000000001 1.0000000180025095e-35 9632.4000000000015 7.5000000000000009 1314.7850000000001 9810.965000000002 2.5000000000000004 1.5000000000000002 2.9650000000000003 579.32000000000005 1.2650000000000003 56.430000000000007 3.3803000000000005 22.500000000000004 1.5000000000000002 1.2650000000000003 1.5000000000000002 10278.095000000003 5306.5950000000012 5.5000000000000009 1353.9800000000002
decision_type=2 2 2 2 2 2 2 2 2 2 2 2 2 2 2 2 2 2 2 2 2 2 2 2 2
left_child=1 8 3 11 5 -5 10 -6 13 -8 14 16 -12 -1 -4 -15 -3 -11 -2 21 -21 23 -22 24 -20
right_child=18 2 6 4 7 -7 9 -9 -10 17 12 -13 -14 15 -16 -17 -18 -19 19 20 22 -23 -24 -25 -26
leaf_value=0.045841908654177699 0.0501104116132981 -0.050233866091198842 -0.050704367056751021 0.050247002509194311 0.045807538219440586 -0.0050241979470349932 -0.14312622467957509 0.024949135415388055 0.027474497604171668 -0.050527756707763674 -0.077137580270366421 -0.066798535372130388 -0.052122014576138145 0.050133499194952802 -0.050073089142101485 0.049798778808281922 -0.051770818022747522 -0.051975820041386948 0.050100279872283132 0.050105042596294169 0.050100288988150603 0.050099357440881731 0.050101622568547957 0.050100532137105247 0.050100324195769853
leaf_weight=2.0988343144417732 4.3049164414405814 0.64919971372910967 1.4252497068428049 3.3941966593265551 10.311153113667386 6.9193809633434284 0.2273021638393401 3.2503546598018138 2.2329565162071949 0.049527876588399522 0.22803898155689228 0.56163062155246735 0.11411011535528814 5.7762272847467084 2.4054976352081212 3.1650714874558616 0.051805902643536683 0.037050955368613359 45.26336008310318 3.7599180340766889 3.9587357044219971 4.7693567574024192 3.4809138923883438 3.4505837857723227 3.7879181653261176
leaf_count=19 23 998 826 11 70 466 1 39 28 191 1 3 76 28 44261 40 15 7 263 21 23 28 20 20 22
internal_value=0.039889 0.022564 0.0122594 0.0245208 0.0288672 0.0131655 -0.0564361 0.0408083 0.0455631 -0.117755 -0.0518237 -0.057665 -0.0687946 0.0492217 -0.050308 0.050015 -0.0503475 -0.0511474 0.0501011 0.0501006 0.0501023 0.0501002 0.0501009 0.0501003 0.0501003
internal_weight=115.673 42.8976 29.6245 25.1377 23.8751 10.3136 4.48678 13.5615 13.2731 0.313881 4.1729 1.26264 0.342149 11.0401 3.83075 8.9413 0.701006 0.0865788 72.7757 68.4708 11.1996 57.2712 7.43965 52.5019 49.0513
internal_count=47500 47080 46965 1602 586 477 45363 109 115 199 45164 1016 77 87 45087 68 1013 198 420 397 64 333 43 305 285
is_linear=0
shrinkage=0.05


Tree=113
num_leaves=23
num_cat=0
split_feature=37 33 40 27 0 11 0 33 33 37 40 15 8 33 46 6 32 46 31 0 27 6
split_gain=8.10391 3.21893 4.84854 3.31388 17.5277 2.65896 2.40249 1.66413 1.60173 0.832379 1.5374 0.424798 0.297347 0.000653457 0.000117765 1.12197e-05 1.35245e-07 1.3925e-08 1.46563e-08 1.33505e-09 1.1352e-09 6.80913e-11
threshold=1.5000000000000002 0.07690000000000001 1.4350000000000003 1181.2050000000002 228.72500000000005 1633.1800000000003 8890.9000000000015 7.0453500000000009 0.23965000000000003 2.5000000000000004 0.49500000000000005 5.8166500000000001 4.7350000000000012 0.25685000000000008 1.2650000000000003 1.0000000180025095e-35 1.5000000000000002 1.2650000000000003 1.5000000000000002 10278.095000000003 5306.5950000000012 5.5000000000000009
decision_type=2 2 2 2 2 2 2 2 2 2 2 2 2 2 2 2 2 2 2 2 2 2
left_child=1 15 5 8 -5 11 7 -7 -4 10 -2 12 -3 -10 -6 -1 -11 19 -19 21 -20 -18
right_child=9 2 3 4 14 6 -8 -9 13 16 -12 -13 -14 -15 -16 -17 17 18 20 -21 -22 -23
leaf_value=0.050145398371271403 0.050123860955476246 0.025090545187848985 0.049939293537354608 -1.0075008203082223 -0.050676575388712924 -0.024121990134916897 0.039886214650598155 0.043219387624972572 -0.055167832548462553 0.050105015633347273 0.010390864346175515 -0.0066467689425458113 0.046448844438058461 -0.050412687006657957 -0.050028963945133315 0.050011208872724783 0.050095383957374 0.050099909881953453 0.050095389155828875 0.05009450364995735 0.050096658250866899 0.05009561956249349
leaf_weight=2.9004523715266286 6.3352364748716337 2.0935958050504304 1.2907112688153564 0.048562958545517509 1.0641246093364318 5.8145472723881522 3.0337793243816122 1.089276503655128 0.085118191454966907 4.0953930467367163 3.9541071902931435 0.47699749819003123 7.3521190336123254 0.47784470048281946 2.0627310032841706 3.3647378803725587 46.663468614220619 3.5769018679857236 3.7660249322652817 4.5371810346841803 3.3114676177501678 3.2826105505228034
leaf_count=14 31 417 15 35 684 805 32 10 4 23 33 14 305 3606 41043 32 285 21 23 28 20 20
internal_value=0.0396557 0.0180398 0.00997629 -0.0338784 -0.064889 0.0210813 0.00280001 -0.013497 0.0192439 0.0481241 0.0348548 0.0393901 0.0417149 -0.0511316 -0.0502494 0.0500733 0.0500962 0.0500956 0.0500973 0.0500953 0.050096 0.0500954
internal_weight=110.677 31.1546 24.8894 5.02909 3.17542 19.8603 9.9376 6.90382 1.85367 79.5224 10.2893 9.92271 9.44571 0.562963 3.12686 6.26519 69.233 65.1377 10.6544 54.4833 7.07749 49.9461
internal_count=47500 47016 46970 45387 41762 1583 847 815 3625 484 64 736 722 3610 41727 46 420 397 64 333 43 305
is_linear=0
shrinkage=0.05


Tree=114
num_leaves=26
num_cat=0
split_feature=37 0 40 0 8 8 6 24 11 10 38 37 40 28 46 33 0 2 32 46 31 0 27 6 11
split_gain=7.95162 3.81473 8.95305 3.33811 1.73775 2.66806 0.452024 0.407777 0.36013 0.157525 0.0369338 0.0290996 0.015966 0.0113318 0.000104263 3.62992e-05 2.82004e-05 1.53328e-05 1.16422e-07 1.19751e-08 1.26111e-08 1.14698e-09 9.75321e-10 5.87335e-11 1.93978e-12
threshold=2.5000000000000004 228.72500000000005 1.4350000000000003 2699.9150000000004 29.565000000000001 1.0000000180025095e-35 7.5000000000000009 9632.4000000000015 1314.7850000000001 9810.965000000002 2.5000000000000004 1.5000000000000002 2.9650000000000003 600.7650000000001 1.2650000000000003 3.3803000000000005 56.430000000000007 22.500000000000004 1.5000000000000002 1.2650000000000003 1.5000000000000002 10278.095000000003 5306.5950000000012 5.5000000000000009 1353.9800000000002
decision_type=2 2 2 2 2 2 2 2 2 2 2 2 2 2 2 2 2 2 2 2 2 2 2 2 2
left_child=1 8 3 11 5 -5 -6 10 13 -9 14 15 -12 -1 -4 -3 -15 -11 -2 21 -21 23 -22 24 -20
right_child=18 2 7 4 6 -7 -8 9 -10 17 12 -13 -14 16 -16 -17 -18 -19 19 20 22 -23 -24 -25 -26
leaf_value=0.045933783399205147 0.050099884949975138 -0.050216430359028202 -0.050637951990525593 0.050226094222344655 0.045359043673877421 -0.0056062243311188423 0.023414665911480073 -0.13155034483229619 0.026487213576640363 -0.050517335109712229 -0.075385361185374977 -0.065880553356376992 -0.052049052536655274 0.050118269775147918 -0.050071090833103016 -0.05163704824678636 0.049918802753064762 -0.051896131725351041 0.050090719903576254 0.050095026839126471 0.050090727844806518 0.050089886398238706 0.050091933905520927 0.05009094728818364 0.050090759125257227
leaf_weight=2.1179093771861499 3.8960473090410224 0.61987957466045063 1.2916078116868446 3.1308199018239993 9.6223530108691175 6.7596189685864374 3.103587571240495 0.23561982810497273 2.1162661943017147 0.046435916287009604 0.22334659099578846 0.54575186967849731 0.10909647182961635 5.2498177562374622 2.1808168651687083 0.048482789803529158 2.6747612095277873 0.035637933116959175 40.963601753115654 3.4027775824069959 3.5826786756515503 4.3162879049777976 3.1502549797296524 3.1227997839450827 3.4280881881713858
leaf_count=20 23 998 826 11 70 466 39 1 28 191 1 3 76 28 44261 15 39 7 263 21 23 28 20 20 22
internal_value=0.0394031 0.0218529 0.0116835 0.023453 0.0277888 0.0120675 0.0400073 -0.0563501 0.0452324 -0.110771 -0.0518062 -0.0573143 -0.0677272 0.0491827 -0.0502819 -0.0503195 0.0500509 -0.051116 0.0500915 0.050091 0.0500925 0.0500907 0.0500913 0.0500907 0.0500907
internal_weight=105.974 40.1118 27.9531 23.8305 22.6164 9.89044 12.7259 4.12256 12.1588 0.317694 3.80487 1.21411 0.332443 10.0425 3.47242 0.668362 7.92458 0.0820738 65.8625 61.9665 10.1357 51.8308 6.73293 47.5145 44.3917
internal_count=47500 47080 46965 1602 586 477 109 45363 115 199 45164 1016 77 87 45087 1013 67 198 420 397 64 333 43 305 285
is_linear=0
shrinkage=0.05


Tree=115
num_leaves=27
num_cat=0
split_feature=37 0 40 0 8 33 8 12 24 10 38 37 40 40 29 46 33 2 15 32 46 31 0 27 6 31
split_gain=7.83159 3.66168 8.39565 3.11962 1.67085 2.61696 0.53346 0.438125 0.325715 0.11726 0.0311185 0.024463 0.0131247 9.48745e-05 0.000110951 8.98266e-05 3.12193e-05 1.31421e-05 5.11084e-06 1.00189e-07 1.03305e-08 1.08488e-08 9.86461e-10 8.39832e-10 5.16636e-11 1.85452e-12
threshold=2.5000000000000004 228.72500000000005 1.4350000000000003 2699.9150000000004 30.405000000000005 2.6437500000000003 16.635000000000002 212.02000000000001 9632.4000000000015 9810.965000000002 2.5000000000000004 1.5000000000000002 2.9650000000000003 23.385000000000002 0.14725000000000002 1.2650000000000003 3.3803000000000005 22.500000000000004 0.57415000000000016 1.5000000000000002 1.2650000000000003 1.5000000000000002 10278.095000000003 5306.5950000000012 5.5000000000000009 2.5000000000000004
decision_type=2 2 2 2 2 2 2 2 2 2 2 2 2 2 2 2 2 2 2 2 2 2 2 2 2 2
left_child=1 6 3 11 5 -5 -1 -6 10 -10 15 16 -12 18 -15 -4 -3 -11 -8 -2 22 -22 24 -23 25 -21
right_child=19 2 8 4 7 -7 13 -9 9 17 12 -13 -14 14 -16 -17 -18 -19 -20 20 21 23 -24 -25 -26 -27
leaf_value=0.022130372867895966 0.050095003681742446 -0.050206018533250879 -0.050607115573023713 -0.023903859300075114 0.030730161570415616 0.030190694287489262 0.050018373651348147 0.049869084916892958 -0.12149804792655605 -0.050492267390209948 -0.073542027099406812 -0.064871614403019404 -0.051947201574395023 0.049294978907870983 0.050002668366333436 -0.050067747588426761 -0.051555869291125628 -0.05180027991673937 0.050107643182581679 0.050086322920168715 0.050090384518885138 0.050086296178108863 0.050085493863503167 0.050087443618645491 0.05008650481411521 0.050086285857649564
leaf_weight=2.0959588179975972 3.7063868790864936 0.58976688975417946 1.2293451120149259 3.3630786980647844 6.3783841049298626 6.6700287854037015 2.3916657576555718 5.6292254999279976 0.24217292666435231 0.044192586836288683 0.21764199435710896 0.52700316905975342 0.10397410709265387 0.94788570997479871 1.3322846218507036 2.0745922009464266 0.046189039894670714 0.033960992554057157 4.8643116127495887 3.705787554383277 3.2371145933866483 3.4082433432340622 4.1061310321092597 2.996877133846283 2.9707558304071418 38.5245371311903
leaf_count=17 23 998 826 402 79 82 23 23 1 191 1 3 76 35 11 44261 15 7 29 25 21 23 28 20 20 260
internal_value=0.0391568 0.021498 0.0114415 0.0229074 0.0271187 0.0120583 0.0449699 0.0397026 -0.0559837 -0.104313 -0.0517137 -0.0569054 -0.0665607 0.0499898 0.0497085 -0.0502684 -0.0503041 -0.0510607 0.0500782 0.050087 0.0500865 0.050088 0.0500862 0.0500868 0.0500863 0.0500863
internal_weight=101.437 38.7817 27.1496 23.2037 22.0407 10.0331 11.6321 12.0076 3.94588 0.320327 3.62555 1.16296 0.321616 9.53615 2.28017 3.30394 0.635956 0.0781536 7.25598 62.6558 58.9494 9.64224 49.3072 6.40512 45.2011 42.2303
internal_count=47500 47080 46965 1602 586 484 115 102 45363 199 45164 1016 77 98 46 45087 1013 198 52 420 397 64 333 43 305 285
is_linear=0
shrinkage=0.05


Tree=116
num_leaves=24
num_cat=0
split_feature=37 33 40 27 0 24 16 22 8 8 33 37 40 46 33 46 29 32 46 31 0 27 6
split_gain=7.75945 2.97765 4.05195 2.89975 7.79982 2.70237 3.0377 2.37351 1.63503 3.19905 1.41129 0.797482 1.39776 0.0447353 0.000677833 7.54139e-05 1.60292e-05 8.61156e-08 8.8333e-09 9.33558e-09 8.5722e-10 7.21802e-10 4.25189e-11
threshold=1.5000000000000002 0.07690000000000001 1.4350000000000003 1181.2050000000002 228.72500000000005 256.60500000000008 0.57085000000000019 5711.7450000000008 4.7350000000000012 1.0000000180025095e-35 0.23965000000000003 2.5000000000000004 0.49500000000000005 1.2650000000000003 0.25685000000000008 1.2650000000000003 0.10150000000000002 1.5000000000000002 1.2650000000000003 1.5000000000000002 10278.095000000003 5306.5950000000012 5.5000000000000009
decision_type=2 2 2 2 2 2 2 2 2 2 2 2 2 2 2 2 2 2 2 2 2 2 2
left_child=1 16 5 10 -5 8 7 -7 9 -3 -4 12 -2 -10 -12 -6 -1 -13 20 -20 22 -21 -19
right_child=11 2 3 4 15 6 -8 -9 13 -11 14 17 -14 -15 -16 -17 -18 18 19 21 -22 -23 -24
leaf_value=0.049938832578810301 0.050108475727272894 0.049359234302535984 0.04986729155756859 -0.53421872611338483 -0.050583231176437163 -0.056206703289772932 0.042990080018616539 0.010283823478825893 0.049940013003506617 -0.051498578116053309 -0.055236038587932523 0.050090360782583158 0.010289594678906284 0.037497227304016882 -0.050355616885945545 -0.050024956561967295 0.050112026896561579 0.050082078615747053 0.050085967680323279 0.050082079644895153 0.050081318194027662 0.050083170287338656 0.05008227925733269
leaf_weight=2.3297784430578785 5.539417162537573 1.8218029611562143 1.127365709067816 0.085894110881782004 0.91755726857809383 2.7798153037165312 2.4587915175652597 2.5952437317973818 6.5979867479945824 1.383107603582175 0.085994838093028991 3.5259427130222312 3.6601324107723485 0.81117056776565721 0.41201613287739747 1.7753470029556409 3.1316782385110855 40.174021109938622 3.0795032978057844 3.2422873973846436 3.9061901420354834 2.8509547710418701 2.8261028081178656
leaf_count=28 31 11 15 35 684 558 18 34 31 743 4 23 33 188 3606 41043 18 285 21 23 28 20 20
internal_value=0.0389018 0.0168702 0.00894333 -0.034147 -0.065176 0.0192305 -0.00304468 -0.024103 0.035671 0.00583315 0.0189011 0.047968 0.0342661 0.0485777 -0.0511984 -0.0502152 0.0500381 0.0500828 0.0500823 0.0500837 0.050082 0.0500826 0.0500821
internal_weight=97.1181 28.3136 22.8521 4.40418 2.7788 18.4479 7.83385 5.37506 10.6141 3.20491 1.62538 68.8046 9.19955 7.40916 0.498011 2.6929 5.46146 59.605 56.0791 9.17275 46.9063 6.09324 43.0001
internal_count=47500 47016 46970 45387 41762 1583 610 592 973 754 3625 484 64 219 3610 41727 46 420 397 64 333 43 305
is_linear=0
shrinkage=0.05


Tree=117
num_leaves=27
num_cat=0
split_feature=37 0 40 0 7 8 8 24 10 24 37 13 22 45 40 29 33 2 15 32 46 31 0 27 6 31
split_gain=7.50001 3.39153 7.57509 2.86487 1.73546 1.51702 0.538648 0.265928 0.0902892 0.0269455 0.0207308 0.0108592 0.000219238 0.000107406 7.80284e-05 8.5343e-05 2.25482e-05 1.13356e-05 4.58687e-06 7.41994e-08 7.64564e-09 8.03449e-09 7.28875e-10 6.23072e-10 3.83764e-11 1.47793e-12
threshold=2.5000000000000004 228.72500000000005 1.4350000000000003 2699.9150000000004 1.5000000000000002 29.565000000000001 16.635000000000002 9632.4000000000015 9810.965000000002 6596.6200000000017 1.5000000000000002 3019.1900000000005 5711.7450000000008 1.5000000000000002 23.385000000000002 0.14725000000000002 3.3803000000000005 22.500000000000004 0.57415000000000016 1.5000000000000002 1.2650000000000003 1.5000000000000002 10278.095000000003 5306.5950000000012 5.5000000000000009 2.5000000000000004
decision_type=2 2 2 2 2 2 2 2 2 2 2 2 2 2 2 2 2 2 2 2 2 2 2 2 2 2
left_child=1 6 3 10 5 -5 -1 9 -9 13 16 -11 -6 -4 18 -16 -3 -10 -8 -2 22 -22 24 -23 25 -21
right_child=19 2 7 4 12 -7 14 8 17 11 -12 -13 -14 -15 15 -17 -18 -19 -20 20 21 23 -24 -25 -26 -27
leaf_value=0.021196264443615026 0.050085947137090907 -0.050201325047947609 -0.05022617604085805 0.01359900814097123 -0.050878850065827187 0.041313322515920188 0.050010033120211794 -0.11397303389933444 -0.0504823290056573 -0.072092499443128955 -0.064084348927750778 -0.050694515222148254 -0.053155388810014303 -0.051736932252914827 0.049335864286838026 0.049986819941632274 -0.051404951414710832 -0.051727750720953272 0.050098666397342333 0.050078095444836948 0.050081768084115699 0.0500780692554628 0.050077345202847248 0.050079108178102599 0.050078259182255613 0.050078060681310523
leaf_weight=1.9999022958654666 3.3542686253786078 0.54046434504380758 2.8894286821641804 8.8879434195841949 0.56624623548122954 11.10966694774106 2.1837258566520159 0.24624234437942494 0.041468233464911464 0.21262455583564577 0.51136700809001923 0.082218745354111888 0.13004384853411466 0.12263969018385967 0.85823783233354367 1.2181855271410311 0.041929429178708233 0.032660254270012956 4.4025612437399104 3.353672355413436 2.9295536503195745 3.0843999087810516 3.7159703373908988 2.7121265381574631 2.6884824186563483 34.864022344350815
leaf_count=17 23 998 44764 326 173 81 23 1 191 3 3 387 6 10 35 11 15 7 29 25 21 23 28 20 20 260
internal_value=0.0387393 0.0209173 0.0109876 0.0221255 0.0262938 0.0289957 0.0445853 -0.0559136 -0.0994093 -0.0516998 -0.0567382 -0.0661255 -0.051304 -0.0502877 0.049985 0.0497178 -0.050288 -0.051031 0.0500693 0.0500787 0.0500783 0.0500796 0.050078 0.0500786 0.0500781 0.0500781
internal_weight=92.7801 36.0776 25.4149 21.7877 20.6939 19.9976 10.6626 3.62728 0.320371 3.30691 1.09376 0.294843 0.69629 3.01207 8.66271 2.07642 0.582394 0.0741285 6.58629 56.7025 53.3482 8.72608 44.6221 5.79653 40.9062 38.2177
internal_count=47500 47080 46965 1602 586 407 115 45363 199 45164 1016 390 179 44774 98 46 1013 198 52 420 397 64 333 43 305 285
is_linear=0
shrinkage=0.05


Tree=118
num_leaves=27
num_cat=0
split_feature=37 0 40 0 8 8 8 6 24 10 24 37 13 45 40 29 33 2 15 32 46 31 0 27 6 31
split_gain=7.4073 3.26053 7.09681 2.67316 1.49541 2.4253 0.549225 0.494597 0.215285 0.0692297 0.0227453 0.0174702 0.00898551 9.23745e-05 9.00344e-05 9.91634e-05 1.93931e-05 9.71917e-06 5.14307e-06 6.37725e-08 6.54875e-09 6.92116e-09 6.32198e-10 5.37828e-10 3.16547e-11 9.37916e-13
threshold=2.5000000000000004 228.72500000000005 1.4350000000000003 2699.9150000000004 30.405000000000005 1.0000000180025095e-35 16.635000000000002 7.5000000000000009 9632.4000000000015 9810.965000000002 6596.6200000000017 1.5000000000000002 3019.1900000000005 1.5000000000000002 23.385000000000002 0.14725000000000002 3.3803000000000005 22.500000000000004 0.57415000000000016 1.5000000000000002 1.2650000000000003 1.5000000000000002 10278.095000000003 5306.5950000000012 5.5000000000000009 2.5000000000000004
decision_type=2 2 2 2 2 2 2 2 2 2 2 2 2 2 2 2 2 2 2 2 2 2 2 2 2 2
left_child=1 6 3 11 5 -5 -1 -6 10 -10 13 16 -12 -4 18 -16 -3 -11 -8 -2 22 -22 24 -23 25 -21
right_child=19 2 8 4 7 -7 14 -9 9 17 12 -13 -14 -15 15 -17 -18 -19 -20 20 21 23 -24 -25 -26 -27
leaf_value=0.020534493660754521 0.050081747557106759 -0.050191638338182493 -0.050215411500645658 0.050202365939692163 0.044619099638094628 -0.0053322529759627759 0.049997030804340405 0.020162662426711511 -0.10708198531438824 -0.050458935718184494 -0.070556107148836145 -0.063212964423694465 -0.05066129705274941 -0.051650815297120012 0.049252708545653875 0.049971767554128209 -0.051335432475310083 -0.051640681890084618 0.050093250255020462 0.050074281176020197 0.050077775437720129 0.050074255188832441 0.050073568840824915 0.050075244826376708 0.050074437233742032 0.050074252757636918
leaf_weight=1.962114659603684 3.1909397840499869 0.51420230587428395 2.7490839105680611 2.7885103821754473 7.9922927067382243 6.6649093684827676 2.077751096156133 2.7886178797343746 0.24890650808811177 0.039463630251702853 0.20654590476260626 0.49296174943447113 0.078258878560518497 0.11684807794517826 0.81772541794634879 1.1591143287951124 0.039937152550919564 0.031118452316150069 4.1882871887355577 3.1903486847877494 2.7868942245841009 2.9341898113489151 3.5350002199411383 2.5800485908985138 2.5575538724660865 33.166144073009491
leaf_count=17 23 998 44764 11 66 473 23 36 1 191 3 3 387 10 35 11 15 7 29 25 21 23 28 20 20 260
internal_value=0.0384561 0.0205274 0.0107223 0.0215336 0.0255648 0.011049 0.0443092 0.0382931 -0.0555788 -0.0946878 -0.0516131 -0.0563655 -0.0650894 -0.0502739 0.0499685 0.0496743 -0.0502741 -0.0509799 0.0500613 0.0500749 0.0500745 0.0500757 0.0500742 0.0500747 0.0500743 0.0500743
internal_weight=88.8978 34.9566 24.7517 21.2814 20.2343 9.45342 10.205 10.7809 3.47023 0.319489 3.15074 1.0471 0.284805 2.86593 8.24288 1.97684 0.554139 0.0705821 6.26604 53.9411 50.7502 8.30113 42.449 5.51424 38.914 36.3565
internal_count=47500 47080 46965 1602 586 484 115 102 45363 199 45164 1016 390 44774 98 46 1013 198 52 420 397 64 333 43 305 285
is_linear=0
shrinkage=0.05


Tree=119
num_leaves=25
num_cat=0
split_feature=37 33 40 24 9 27 0 0 8 8 33 37 25 46 24 33 46 29 32 46 31 0 27 6
split_gain=7.34994 2.7465 3.44736 2.69363 2.84217 2.50902 4.35129 2.1709 1.55822 2.93285 1.23709 0.757174 1.2601 0.0493589 0.0266129 0.000648323 4.83432e-05 2.33466e-05 5.48913e-08 5.64654e-09 5.95162e-09 5.44134e-10 4.61014e-10 2.7093e-11
threshold=1.5000000000000002 0.07690000000000001 1.4350000000000003 256.60500000000008 2.5000000000000004 1181.2050000000002 228.72500000000005 8890.9000000000015 4.7350000000000012 1.0000000180025095e-35 0.23965000000000003 2.5000000000000004 40.425000000000004 1.2650000000000003 3056.1300000000006 0.25685000000000008 1.2650000000000003 0.10150000000000002 1.5000000000000002 1.2650000000000003 1.5000000000000002 10278.095000000003 5306.5950000000012 5.5000000000000009
decision_type=2 2 2 2 2 2 2 2 2 2 2 2 2 2 2 2 2 2 2 2 2 2 2 2
left_child=1 17 3 8 7 10 -7 -5 9 -3 -4 12 -2 -10 -14 -12 -8 -1 -13 21 -21 23 -22 -20
right_child=11 2 5 4 -6 6 16 -9 13 -11 15 18 14 -15 -16 -17 -18 -19 19 20 22 -23 -24 -25
leaf_value=0.049873627434017707 0.0054041129957482781 0.04929430138984002 0.04977346463564411 -0.044145732054589798 0.047445805541751637 -0.35728445554843558 -0.050502972596942079 0.024774660482478936 0.049862606280602489 -0.051461468986985261 -0.055166637167237353 0.050077754460049397 0.050093386886265273 0.036117136625670503 0.04309260295974774 -0.050306618057509557 -0.050021494347398998 0.050096972154671932 0.050070627537604065 0.050073976294261337 0.050070630091896343 0.050069974605163693 0.050071569499810703 0.050070800172727817
leaf_weight=2.0601427655128672 2.6574546582996827 1.6286787953758959 0.97194660903187402 3.8192054153969357 1.9032612072296613 0.1213834534864876 0.79147232965169712 1.6303044980159027 5.9569957309577148 1.297761833797267 0.085043913202753174 3.0355517566204062 3.2947149166029703 0.73353191795649753 2.3087628827051958 0.35533901426924785 1.5275065551745681 2.7082339376211166 34.585808269679546 2.6511718407273284 2.7912847101688385 3.362831473350524 2.4543937221169472 2.4329927340149871
leaf_count=28 17 11 15 587 13 35 684 10 31 743 4 23 23 188 24 3606 41043 18 285 21 23 28 20 20
internal_value=0.0381826 0.0157712 0.0079326 0.0176264 -0.00515583 -0.0347649 -0.0654609 -0.0235271 0.0350448 0.00461306 0.0182745 0.0478095 0.0337607 0.0483556 0.0472089 -0.0512452 -0.0501858 0.0500005 0.0500712 0.0500708 0.050072 0.0500706 0.0500711 0.0500706
internal_weight=85.1658 25.5908 20.8224 16.9697 7.35277 3.85269 2.44036 5.44951 9.61697 2.92644 1.41233 59.575 8.26093 6.69053 5.60348 0.440383 2.31898 4.76838 51.314 48.2785 7.89685 40.3816 5.24568 37.0188
internal_count=47500 47016 46970 1583 610 45387 41762 597 973 754 3625 484 64 219 47 3610 41727 46 420 397 64 333 43 305
is_linear=0
shrinkage=0.05


Tree=120
num_leaves=27
num_cat=0
split_feature=37 0 40 0 7 46 8 24 10 24 37 13 22 40 29 45 33 2 15 32 46 31 0 27 6 31
split_gain=7.09681 3.02694 6.40696 2.45442 1.55222 1.52653 0.548754 0.175133 0.055108 0.0195316 0.0146919 0.00742073 0.000191133 9.32241e-05 9.86233e-05 9.00252e-05 1.3926e-05 9.1222e-06 5.68241e-06 4.72632e-08 4.86568e-09 5.12151e-09 4.6623e-10 3.96486e-10 2.42224e-11 7.88702e-13
threshold=2.5000000000000004 228.72500000000005 1.4350000000000003 2699.9150000000004 1.5000000000000002 0.13500000000000004 16.635000000000002 9632.4000000000015 9810.965000000002 6596.6200000000017 1.5000000000000002 3019.1900000000005 5711.7450000000008 23.385000000000002 0.14725000000000002 1.5000000000000002 3.3803000000000005 22.500000000000004 0.57415000000000016 1.5000000000000002 1.2650000000000003 1.5000000000000002 10278.095000000003 5306.5950000000012 5.5000000000000009 2.5000000000000004
decision_type=2 2 2 2 2 2 2 2 2 2 2 2 2 2 2 2 2 2 2 2 2 2 2 2 2 2
left_child=1 6 3 10 5 -5 -1 9 -9 15 16 -11 -6 18 -15 -4 -3 -10 -8 -2 22 -22 24 -23 25 -21
right_child=19 2 7 4 12 -7 13 8 17 11 -12 -13 -14 14 -16 -17 -18 -19 -20 20 21 23 -24 -25 -26 -27
leaf_value=0.01973453038017179 0.050073957547397165 -0.050188900863028456 -0.050195295948243346 2.5208891180377971e-05 -0.050821803784306618 0.035004794369206442 0.049979597318641704 -0.10156332935298516 -0.050468989655661704 -0.069260018790189143 -0.062473169326993067 -0.050686048399023756 -0.053007498625538232 0.049195564919692999 0.049948992568369377 -0.051628968646772133 -0.051205911351200756 -0.051627580670699849 0.050085617394714843 0.050067201795911231 0.050070363015423162 0.050067180581827068 0.050066557321328635 0.05006807379038878 0.050067344106392367 0.050067174346431889
leaf_weight=1.8786749540959116 2.8877195790410033 0.47368662866029509 2.4888584553677906 3.9824194371758557 0.52585150234517541 14.386058459058402 1.8875529164542966 0.24994076788425434 0.037808133053658821 0.20082784783699015 0.47637534141540527 0.073438955856545363 0.12351646710885689 0.74116366129601363 1.0492312253845737 0.1145364875847007 0.036235093231880455 0.030853973990815575 3.8248884211352561 2.8871447816491118 2.5220500454306594 2.6553304344415665 3.1990370899438849 2.3348504230380058 2.3144900426268569 30.014103308320045
leaf_count=17 23 998 44764 162 173 245 23 1 191 3 3 387 6 35 11 10 15 7 29 25 21 23 28 20 20 260
internal_value=0.038006 0.0199348 0.0102438 0.0207467 0.0247352 0.027421 0.0439008 -0.0554898 -0.0906642 -0.0515954 -0.0561595 -0.0642866 -0.0512375 0.0499519 0.0496371 -0.0502584 -0.0502612 -0.0509896 0.0500506 0.0500678 0.0500674 0.0500685 0.0500671 0.0500676 0.0500672 0.0500672
internal_weight=81.3966 32.5819 23.2004 20.0041 19.0178 18.3685 9.38151 3.19626 0.318603 2.87766 0.986297 0.274267 0.649368 7.50284 1.79039 2.60339 0.509922 0.0686621 5.71244 48.8147 45.927 7.51223 38.4148 4.99018 35.2157 32.9012
internal_count=47500 47080 46965 1602 586 407 115 45363 199 45164 1016 390 179 98 46 44774 1013 198 52 420 397 64 333 43 305 285
is_linear=0
shrinkage=0.05


Tree=121
num_leaves=24
num_cat=0
split_feature=45 33 40 24 9 27 0 26 8 8 33 37 40 46 33 46 29 32 46 31 0 27 6
split_gain=7.03036 2.58578 3.08415 2.59553 2.68271 2.2531 2.77425 2.00567 1.48145 2.7583 1.12973 0.751862 1.24499 0.0544277 0.000583269 3.58065e-05 3.06984e-05 4.06804e-08 4.18704e-09 4.40915e-09 4.00966e-10 3.415e-10 2.05347e-11
threshold=1.5000000000000002 0.07690000000000001 1.4350000000000003 256.60500000000008 2.5000000000000004 1181.2050000000002 228.72500000000005 7.5000000000000009 4.7350000000000012 1.0000000180025095e-35 0.23965000000000003 2.5000000000000004 0.49500000000000005 1.2650000000000003 0.25685000000000008 1.2650000000000003 0.10150000000000002 1.5000000000000002 1.2650000000000003 1.5000000000000002 10278.095000000003 5306.5950000000012 5.5000000000000009
decision_type=2 2 2 2 2 2 2 2 2 2 2 2 2 2 2 2 2 2 2 2 2 2 2
left_child=1 16 3 8 7 10 -7 -5 9 -3 -4 12 -2 -10 -12 -8 -1 -13 20 -20 22 -21 -19
right_child=11 2 5 4 -6 6 15 -9 13 -11 14 17 -14 -15 -16 -17 -18 18 19 21 -22 -23 -24
leaf_value=0.049820064539920335 0.050021282930520161 0.049224417012195515 0.049697229022983763 0.0048513479727436935 0.047404531664809971 -0.27204976753915017 -0.050454198892158367 -0.056877405347320345 0.049770100923577663 -0.051463132044855475 -0.054987156082310695 0.050070345937954674 0.0092522484354019829 0.034902472578085035 -0.050277670028481894 -0.050019457047100424 0.050088032645564731 0.050063896111706932 0.050066926882652046 0.050063899309133422 0.050063307063952123 0.050064749229098517 0.05006405412137236
leaf_weight=1.8917309441785644 4.5446090719196937 1.514743200725212 0.88064603080783788 2.8350261723717258 1.7637598374822117 0.15099824046774335 0.72080455236755403 2.455767164916324 5.5061352631601039 1.2345711601574292 0.08261544016750122 2.7470770105719557 3.1849739593963022 0.69305001901011554 0.32195407988911029 1.3811904829958619 2.4568319246172905 31.298633806407452 2.3992087170481673 2.5259898379445076 3.0432107970118514 2.2211221903562546 2.201752081513404
leaf_count=28 32 11 15 212 12 35 685 385 31 743 4 23 33 188 3607 41041 18 285 21 23 28 20 20
internal_value=0.0376957 0.0151006 0.0073407 0.0166808 -0.00599808 -0.0349039 -0.0650393 -0.0238006 0.0345597 0.00401098 0.0179237 0.0476611 0.0332224 0.0481079 -0.0512394 -0.0501685 0.0499715 0.0500644 0.0500641 0.0500652 0.0500639 0.0500643 0.0500639
internal_weight=78.0564 23.8898 19.5413 16.0031 7.05455 3.53821 2.25299 5.29079 8.9485 2.74931 1.28522 54.1666 7.72958 6.19919 0.40457 2.102 4.34856 46.437 43.6899 7.14632 36.5436 4.74711 33.5004
internal_count=47500 47015 46969 1582 609 45387 41761 597 973 754 3626 485 65 219 3611 41726 46 420 397 64 333 43 305
is_linear=0
shrinkage=0.05


Tree=122
num_leaves=23
num_cat=0
split_feature=37 33 40 27 24 10 15 0 8 8 33 24 40 33 29 32 46 31 0 27 6 31
split_gain=6.82012 2.82884 4.95682 2.79099 1.93471 3.32567 2.09767 1.78334 1.43132 2.72902 1.12262 0.141648 0.0342592 0.000498627 4.43503e-05 3.50118e-08 3.61266e-09 3.7946e-09 3.42958e-10 2.93504e-10 1.80407e-11 6.53699e-13
threshold=2.5000000000000004 0.07690000000000001 1.4350000000000003 1181.2050000000002 256.60500000000008 9555.1400000000012 1.5221500000000001 228.72500000000005 4.7350000000000012 1.0000000180025095e-35 0.23965000000000003 9632.4000000000015 1.0000000180025095e-35 0.25685000000000008 0.097650000000000015 1.5000000000000002 1.2650000000000003 1.5000000000000002 10278.095000000003 5306.5950000000012 5.5000000000000009 2.5000000000000004
decision_type=2 2 2 2 2 2 2 2 2 2 2 2 2 2 2 2 2 2 2 2 2 2
left_child=1 14 4 10 8 6 -6 -5 9 -3 -4 -9 -10 -12 -1 -2 18 -18 20 -19 21 -17
right_child=15 2 3 7 5 -7 -8 11 12 -11 13 -13 -14 -15 -16 16 17 19 -20 -21 -22 -23
leaf_value=0.049781508238013188 0.050066909744220657 0.049210239903147823 0.049710071999344123 -0.22022852682641403 -0.042797603594629294 0.047584115007710211 0.013279546406910762 -0.051757773215384766 0.042038501551488978 -0.05140028176157832 -0.054720377514347308 -0.087497467812547275 0.050162465029832105 -0.050264288226762321 0.050079144355130979 0.05006079826295471 0.050063658935839563 0.050060779512561715 0.05006021594147321 0.050061587369245347 0.05006092618161781 0.050060772062956754
leaf_weight=1.7742073762528914 2.613275244832038 1.5793607964842578 0.96976757800075464 0.17642037509722319 3.2486619193496136 3.2623874459604849 3.4266812119385577 2.3213614306273489 1.6642627484670809 1.1757602324159959 0.078959677579405252 0.31483648354696914 5.8922336130563053 0.30633167117639459 4.2490613248446607 2.6127224415540757 2.282343164086341 2.4029418379068375 2.8949658945202819 2.1129268407821655 2.0944988802075377 27.161268658936024
leaf_count=27 23 12 16 35 462 29 136 41549 188 743 4 195 43 3607 34 25 21 23 28 20 20 260
internal_value=0.0375129 0.0193027 0.0117322 -0.0379251 0.0219526 0.00620943 -0.0140113 -0.0663256 0.037125 0.00627425 0.0210242 -0.0560261 0.0483732 -0.0511775 0.0499915 0.0500613 0.0500609 0.050062 0.0500607 0.0500612 0.0500608 0.0500608
internal_weight=74.6152 30.4403 24.417 4.16768 20.2493 9.93773 6.67534 2.81262 10.3116 2.75512 1.35506 2.6362 7.5565 0.385291 6.02327 44.1749 41.5617 6.79821 34.7635 4.51587 31.8685 29.774
internal_count=47500 47080 47019 45406 1613 627 598 41779 986 755 3627 41744 231 3611 61 420 397 64 333 43 305 285
is_linear=0
shrinkage=0.05


Tree=123
num_leaves=23
num_cat=0
split_feature=37 33 40 27 24 10 15 8 8 0 33 24 40 33 29 32 46 31 0 27 6 31
split_gain=6.62122 2.71922 4.64728 2.60457 1.87373 3.1333 1.93457 1.35321 2.59166 1.2577 1.06684 0.119264 0.0381531 0.00042642 5.24839e-05 3.01229e-08 3.09941e-09 3.26439e-09 2.98208e-10 2.52504e-10 1.50813e-11 4.61853e-13
threshold=2.5000000000000004 0.07690000000000001 1.4350000000000003 1181.2050000000002 256.60500000000008 9555.1400000000012 1.5221500000000001 4.7350000000000012 1.0000000180025095e-35 228.72500000000005 0.23965000000000003 9632.4000000000015 1.0000000180025095e-35 0.25685000000000008 0.097650000000000015 1.5000000000000002 1.2650000000000003 1.5000000000000002 10278.095000000003 5306.5950000000012 5.5000000000000009 2.5000000000000004
decision_type=2 2 2 2 2 2 2 2 2 2 2 2 2 2 2 2 2 2 2 2 2 2
left_child=1 14 4 10 7 6 -6 8 -3 -5 -4 -11 -9 -12 -1 -2 18 -18 20 -19 21 -17
right_child=15 2 3 9 5 -7 -8 12 -10 11 13 -13 -14 -15 -16 16 17 19 -20 -21 -22 -23
leaf_value=0.049743255824650466 0.050063643422311621 0.049114259619588249 0.04966758189043196 -0.18703061627485285 -0.041524013083144753 0.047336498293890861 0.012677450988247949 0.041396560023954497 -0.051339783408495016 -0.051704671842676735 -0.054469057806531052 -0.084895130832253085 0.050135100252521984 -0.050251543829762019 0.050075141236917212 0.050057829752042066 0.05006055037143943 0.050057812147420437 0.050057275199579532 0.050058580402101815 0.050057951596057138 0.050057807297181983
leaf_weight=1.6889440524792032 2.4859824627637854 1.5051979274831011 0.92324113335416658 0.19674550627314635 3.1826013595036766 3.1191107187496527 3.4103836255380884 1.6070321673396391 1.1197024878892987 2.2103583093271486 0.075446549699336174 0.30842591193959368 5.6078490528161637 0.29146373734511144 4.0421470909786876 2.4854421466589036 2.1711633875966063 2.2858810648322105 2.7539344280958167 2.0099959000945091 1.9924643710255612 25.838090665638447
leaf_count=27 23 12 16 35 462 29 136 188 743 41549 4 195 43 3607 34 25 21 23 28 20 20 260
internal_value=0.0373389 0.0190894 0.0115749 -0.0374888 0.0216268 0.00604693 -0.013487 0.0370046 0.00626363 -0.065279 0.0210046 -0.0557689 0.0481887 -0.0511188 0.0499773 0.0500583 0.050058 0.050059 0.0500578 0.0500582 0.0500578 0.0500578
internal_weight=71.3116 29.2886 23.5576 4.00568 19.5519 9.7121 6.59298 9.83978 2.6249 2.71553 1.29015 2.51878 7.21488 0.36691 5.73109 42.023 39.537 6.46704 33.0699 4.29588 30.316 28.3235
internal_count=47500 47080 47019 45406 1613 627 598 986 755 41779 3627 41744 231 3611 61 420 397 64 333 43 305 285
is_linear=0
shrinkage=0.05


Tree=124
num_leaves=23
num_cat=0
split_feature=37 33 40 27 24 10 0 8 8 33 0 24 40 33 29 32 46 31 0 27 6 31
split_gain=6.43176 2.61452 4.35778 2.43426 1.81451 2.95096 1.82818 1.27871 2.46102 1.01379 0.918456 0.1004 0.0424086 0.00036479 6.1917e-05 2.5924e-08 2.67225e-09 2.80807e-09 2.55053e-10 2.17085e-10 1.30775e-11 4.47642e-13
threshold=2.5000000000000004 0.07690000000000001 1.4350000000000003 1181.2050000000002 256.60500000000008 9555.1400000000012 8890.9000000000015 4.7350000000000012 1.0000000180025095e-35 0.23965000000000003 228.72500000000005 9632.4000000000015 1.0000000180025095e-35 0.25685000000000008 0.097650000000000015 1.5000000000000002 1.2650000000000003 1.5000000000000002 10278.095000000003 5306.5950000000012 5.5000000000000009 2.5000000000000004
decision_type=2 2 2 2 2 2 2 2 2 2 2 2 2 2 2 2 2 2 2 2 2 2
left_child=1 14 4 9 7 6 -6 8 -3 -4 -5 -12 -9 -11 -1 -2 18 -18 20 -19 21 -17
right_child=15 2 3 10 5 -7 -8 12 -10 13 11 -13 -14 -15 -16 16 17 19 -20 -21 -22 -23
leaf_value=0.04970182446487207 0.050060534793837985 0.049009720546326206 0.049621339383346383 -0.16387916387906143 -0.029606604957377117 0.04706849713512503 0.029191310794180199 0.040720070376938984 -0.051281578951521134 -0.054232169281143362 -0.05165193344617916 -0.082493308107809304 0.05010702311506731 -0.050239407024430222 0.050071318945137416 0.050055006098378346 0.050057593381190979 0.050054989621330828 0.050054478986899735 0.050055719971812157 0.050055121227923251 0.050054983327117997
leaf_weight=1.6078794972236234 2.3648827672004691 1.434767317554366 0.87901239193160952 0.21284641506099466 4.672913158332447 2.983465566085215 1.8435712765785863 1.5534175381399107 1.066272405651034 0.072072523596943938 2.1046508742201699 0.3017063262495866 5.3372656406645547 0.27731417171571593 3.8452953915802937 2.3643556982278922 2.0653934031724921 2.174516849219799 2.6197661235928527 1.9120737388730047 1.8953952118754376 24.579303301870823
leaf_count=27 23 12 16 35 587 29 11 188 743 4 41549 195 43 3607 34 25 21 23 28 20 20 260
internal_value=0.0371577 0.0188693 0.0114128 -0.0370886 0.0212909 0.00588365 -0.0129722 0.0368758 0.00625236 0.0209842 -0.0643246 -0.0555188 0.0479909 -0.051063 0.0499624 0.0500555 0.0500551 0.0500561 0.050055 0.0500553 0.050055 0.050055
internal_weight=68.1681 28.1925 22.7393 3.8476 18.8917 9.49995 6.51648 9.39172 2.50104 1.2284 2.6192 2.40636 6.89068 0.349387 5.45317 39.9757 37.6108 6.15198 31.4588 4.08659 28.8391 26.9437
internal_count=47500 47080 47019 45406 1613 627 598 986 755 3627 41779 41744 231 3611 61 420 397 64 333 43 305 285
is_linear=0
shrinkage=0.05


Tree=125
num_leaves=23
num_cat=0
split_feature=37 33 40 27 24 10 15 8 8 33 0 38 40 33 29 32 46 31 0 27 6 15
split_gain=6.24785 2.51357 4.08769 2.27799 1.75526 2.77776 1.71155 1.20766 2.33676 0.963332 0.687593 0.0846441 0.0470379 0.000312168 7.28531e-05 2.22979e-08 2.29025e-09 2.41667e-09 2.21821e-10 1.86113e-10 1.08926e-11 3.23297e-13
threshold=2.5000000000000004 0.07690000000000001 1.4350000000000003 1181.2050000000002 256.60500000000008 9555.1400000000012 1.5221500000000001 4.7350000000000012 1.0000000180025095e-35 0.23965000000000003 228.72500000000005 2.5000000000000004 1.0000000180025095e-35 0.25685000000000008 0.097650000000000015 1.5000000000000002 1.2650000000000003 1.5000000000000002 10278.095000000003 5306.5950000000012 5.5000000000000009 1.8153500000000002
decision_type=2 2 2 2 2 2 2 2 2 2 2 2 2 2 2 2 2 2 2 2 2 2
left_child=1 14 4 9 7 6 -6 8 -3 -4 -5 -12 -9 -11 -1 -2 18 -18 20 -19 21 -17
right_child=15 2 3 10 5 -7 -8 12 -10 13 11 -13 -14 -15 -16 16 17 19 -20 -21 -22 -23
leaf_value=0.049656854410986759 0.050057579767700311 0.048895821891999543 0.049570937223625933 -0.14678935587511099 -0.039357864057301684 0.046778755188277808 0.012244963039648948 0.040009457512114016 -0.05122560627208287 -0.054008794552563702 -0.050179304151557858 -0.073336873651145815 0.050078058743596936 -0.050227849324646683 0.050067667976442548 0.050052305121819331 0.050054781624128124 0.050052305671577049 0.050051819241829922 0.050052999019829215 0.050052430710732933 0.050052282982691688
leaf_weight=1.5308132260324807 2.2496755272150031 1.3678935714997407 0.83697164982004257 0.22538723404613881 3.0842544088063715 2.8551031099505053 3.3546064344445767 1.5032447855155622 1.0153500376527516 0.068833881354294135 1.7927290239676952 0.5059603444269668 5.0798275699053193 0.2638485668744579 3.6580181219214865 23.832949452102195 1.9647705629467953 2.0685725510120396 2.4921277090907088 1.8189171701669691 1.8030501678585995 1.7979912981390942
leaf_count=27 23 12 16 35 462 29 136 188 743 4 41647 97 43 3607 34 265 21 23 28 20 20 20
internal_value=0.0369735 0.0186489 0.0112518 -0.0367186 0.0209553 0.00572904 -0.0124731 0.036738 0.00624039 0.0209629 -0.0634481 -0.0552765 0.0477789 -0.0510101 0.0499465 0.0500528 0.0500524 0.0500534 0.0500523 0.0500526 0.0500523 0.0500523
internal_weight=65.1709 27.1428 21.954 3.69373 18.2603 9.29396 6.43886 8.96632 2.38324 1.16965 2.52408 2.29869 6.58307 0.332682 5.18883 38.0281 35.7784 5.85226 29.9261 3.88749 27.434 25.6309
internal_count=47500 47080 47019 45406 1613 627 598 986 755 3627 41779 41744 231 3611 61 420 397 64 333 43 305 285
is_linear=0
shrinkage=0.05


Tree=126
num_leaves=23
num_cat=0
split_feature=37 33 40 27 24 10 2 8 8 33 0 24 40 33 29 32 46 31 0 27 6 31
split_gain=6.07515 2.41773 3.83317 2.13374 1.69887 2.61404 1.67475 1.13991 2.21854 0.915343 0.524615 0.072215 0.0520496 0.000267216 8.55236e-05 1.91962e-08 1.97679e-09 2.07833e-09 1.89527e-10 1.60786e-10 9.67759e-12 2.94875e-13
threshold=2.5000000000000004 0.07690000000000001 1.4350000000000003 1181.2050000000002 256.60500000000008 9555.1400000000012 14.500000000000002 4.7350000000000012 1.0000000180025095e-35 0.23965000000000003 228.72500000000005 9632.4000000000015 1.0000000180025095e-35 0.25685000000000008 0.097650000000000015 1.5000000000000002 1.2650000000000003 1.5000000000000002 10278.095000000003 5306.5950000000012 5.5000000000000009 2.5000000000000004
decision_type=2 2 2 2 2 2 2 2 2 2 2 2 2 2 2 2 2 2 2 2 2 2
left_child=1 14 4 9 7 6 -6 8 -3 -4 -5 -12 -9 -11 -1 -2 18 -18 20 -19 21 -17
right_child=15 2 3 10 5 -7 -8 12 -10 13 11 -13 -14 -15 -16 16 17 19 -20 -21 -22 -23
leaf_value=0.049607961803380146 0.050054767862307663 0.048771706946249264 0.049515939803080194 -0.13364925756471013 0.0065617610525033733 0.046465908723134469 -0.047420765771084526 0.039265485651239419 -0.051171807062652154 -0.053798053998353315 -0.05150205548456907 -0.07832102594301954 0.050048018989575761 -0.050216845755600037 0.050064177028724136 0.050049765814567992 0.050052106370015947 0.050049751502415862 0.050049289223956087 0.050050412247053977 0.0500498709366674 0.050049746369503434
leaf_weight=1.4575543338687591 2.1400747373700133 1.3044101997802555 0.79701455423855738 0.23489988412984564 4.1821351888393092 2.7336906670352619 2.1886687764854287 1.4563453387218031 0.96682068936752319 0.06572681678335357 1.9069145418193332 0.28905323131402827 4.8349097002901544 0.25103413216174886 3.4798510044965951 2.1395758986473181 1.869044929742812 1.9677849262952807 2.3707020282745352 1.7302947193384168 1.715199902653693 22.2425422295928
leaf_count=27 23 12 16 35 305 29 293 188 743 4 41549 195 43 3607 34 25 21 23 28 20 20 260
internal_value=0.036778 0.0184169 0.0110818 -0.0363705 0.0206025 0.00556618 -0.0119838 0.0365906 0.00622761 0.0209403 -0.0626291 -0.0550322 0.047552 -0.0509599 0.0499295 0.0500502 0.0500499 0.0500507 0.0500497 0.0500501 0.0500498 0.0500497
internal_weight=62.3242 26.149 21.2116 3.54464 17.667 9.10449 6.3708 8.56249 2.27123 1.11378 2.43087 2.19597 6.29126 0.316761 4.93741 36.1752 34.0351 5.56712 28.468 3.69808 26.0973 24.3821
internal_count=47500 47080 47019 45406 1613 627 598 986 755 3627 41779 41744 231 3611 61 420 397 64 333 43 305 285
is_linear=0
shrinkage=0.05


Tree=127
num_leaves=23
num_cat=0
split_feature=37 33 40 27 24 10 0 8 8 33 0 46 38 33 29 32 46 31 0 27 6 31
split_gain=5.90677 2.32532 3.59534 2.00103 1.64269 2.45967 1.5986 1.07532 2.10607 0.869694 0.406064 0.106644 0.0613552 0.000228803 0.000100197 1.6518e-08 1.69742e-09 1.79305e-09 1.63656e-10 1.38284e-10 8.30269e-12 2.66454e-13
threshold=2.5000000000000004 0.07690000000000001 1.4350000000000003 1181.2050000000002 256.60500000000008 9555.1400000000012 8890.9000000000015 4.7350000000000012 1.0000000180025095e-35 0.23965000000000003 228.72500000000005 1.2650000000000003 2.5000000000000004 0.25685000000000008 0.097650000000000015 1.5000000000000002 1.2650000000000003 1.5000000000000002 10278.095000000003 5306.5950000000012 5.5000000000000009 2.5000000000000004
decision_type=2 2 2 2 2 2 2 2 2 2 2 2 2 2 2 2 2 2 2 2 2 2
left_child=1 14 4 9 7 6 -6 8 -3 -4 -5 -9 -12 -11 -1 -2 18 -18 20 -19 21 -17
right_child=15 2 3 10 5 -7 -8 11 -10 13 12 -13 -14 -15 -16 16 17 19 -20 -21 -22 -23
leaf_value=0.049554723622968852 0.050052094386016391 0.048636462610696554 0.049455867979532428 -0.12323142800904743 -0.027364383020978024 0.046128598774770969 0.028547926967868894 0.049475369300573238 -0.051120117721574043 -0.053599152844476118 -0.050161480673765017 0.026843998171670571 -0.070552532963934794 -0.050206367424625135 0.050060837142335973 0.050047337703476538 0.050049563928571475 0.050047321785362246 0.050046883222937016 0.050047950049656301 0.050047437104750438 0.0500473187464512
leaf_weight=1.3879213824038767 2.0358080789446822 1.2441585232336421 0.75904188675485718 0.24182428765743713 4.5139414082550484 2.6189107301415788 1.78350711526582 5.4388413295382634 0.92057477385606024 0.062747427908107056 1.6194649913850301 0.5756313543752184 0.47772591595185065 0.23883963271373432 3.310351964806614 2.0353238210082152 1.7779786065220822 1.8719034940004351 2.2551871985197058 1.6459861546754835 1.6316259577870358 21.158760860562325
leaf_count=27 23 12 16 35 587 29 11 43 743 4 41647 188 97 3607 34 25 21 23 28 20 20 260
internal_value=0.0365803 0.0181847 0.0109117 -0.0360494 0.0202505 0.00540589 -0.0115294 0.0364329 0.00621397 0.0209165 -0.0618807 0.0473094 -0.0548064 -0.0509123 0.0499113 0.0500477 0.0500475 0.0500483 0.0500473 0.0500476 0.0500473 0.0500473
internal_weight=59.6061 25.1935 20.4952 3.39964 17.0956 8.91636 6.29745 8.17921 2.16473 1.06063 2.33902 6.01447 2.09719 0.301587 4.69827 34.4126 32.3768 5.29587 27.0809 3.51789 24.8257 23.1941
internal_count=47500 47080 47019 45406 1613 627 598 986 755 3627 41779 231 41744 3611 61 420 397 64 333 43 305 285
is_linear=0
shrinkage=0.05


Tree=128
num_leaves=23
num_cat=0
split_feature=37 33 40 27 24 10 46 8 8 33 0 46 38 33 29 32 46 31 0 27 6 31
split_gain=5.74453 2.23631 3.3725 1.878 1.58814 2.31225 1.57558 1.01467 1.99905 0.826267 0.318114 0.11314 0.0523512 0.000195964 0.000117182 1.42211e-08 1.46575e-09 1.5408e-09 1.39828e-10 1.19251e-10 7.26885e-12 2.55795e-13
threshold=2.5000000000000004 0.07690000000000001 1.4350000000000003 1181.2050000000002 256.60500000000008 9555.1400000000012 0.13500000000000004 4.7350000000000012 1.0000000180025095e-35 0.23965000000000003 228.72500000000005 1.2650000000000003 2.5000000000000004 0.25685000000000008 0.097650000000000015 1.5000000000000002 1.2650000000000003 1.5000000000000002 10278.095000000003 5306.5950000000012 5.5000000000000009 2.5000000000000004
decision_type=2 2 2 2 2 2 2 2 2 2 2 2 2 2 2 2 2 2 2 2 2 2
left_child=1 14 4 9 7 6 -6 8 -3 -4 -5 -9 -12 -11 -1 -2 18 -18 20 -19 21 -17
right_child=15 2 3 10 5 -7 -8 11 -10 13 12 -13 -14 -15 -16 16 17 19 -20 -21 -22 -23
leaf_value=0.049496681545452649 0.050049551364863332 0.048489115342500819 0.049390200218222088 -0.11477212427849022 -0.062431822290605822 0.045765490619706868 0.001238772974872758 0.049392223095125774 -0.051070479059713514 -0.053411339572115746 -0.050153743532005614 0.025876468180971737 -0.0693404353830116 -0.05019639155290756 0.050057638122651918 0.050045026603574988 0.050047144045933994 0.050045012526122395 0.050044595034917441 0.050045610711286062 0.050045121231853923 0.050045007611433316
leaf_weight=1.3217416333318421 1.9366164430975903 1.1869877474673622 0.72295929593383268 0.24653168638542444 1.2045403038555358 2.5104602284263819 5.025145557063297 5.1820800276764203 0.8765075101473484 0.0598917727056687 1.5407144360801797 0.56750910562186607 0.46216793704388681 0.22723530090843269 3.1491003490664298 1.9361470565199983 1.6913452595472325 1.7806897982954981 2.1452960595488539 1.5657818242907522 1.5521206334233273 20.127741448581219
leaf_count=27 23 12 16 35 116 29 482 43 743 4 41647 188 97 3607 34 25 21 23 28 20 20 260
internal_value=0.0363766 0.0179501 0.0107423 -0.0357456 0.0198963 0.00525344 -0.0110722 0.0362766 0.00619935 0.0208911 -0.0611779 0.0470711 -0.0545811 -0.050867 0.0498918 0.0500454 0.0500451 0.0500459 0.050045 0.0500453 0.050045 0.050045
internal_weight=57.0193 24.2836 19.8127 3.2595 16.5532 8.74015 6.22969 7.81308 2.0635 1.01009 2.24941 5.74959 2.00288 0.287127 4.47084 32.7357 30.7991 5.03782 25.7613 3.34647 23.616 22.0639
internal_count=47500 47080 47019 45406 1613 627 598 986 755 3627 41779 231 41744 3611 61 420 397 64 333 43 305 285
is_linear=0
shrinkage=0.05


Tree=129
num_leaves=24
num_cat=0
split_feature=37 33 40 27 24 25 46 35 8 8 33 0 46 38 33 29 32 46 31 0 27 6 31
split_gain=5.59715 2.15279 3.16085 1.76405 1.53811 2.19876 1.93607 1.20562 0.956939 1.89721 0.78495 0.251647 0.119633 0.0446814 0.000167881 0.000136833 1.22378e-08 1.25938e-09 1.3262e-09 1.20828e-10 1.02282e-10 6.20659e-12 2.06057e-13
threshold=2.5000000000000004 0.07690000000000001 1.4350000000000003 1181.2050000000002 256.60500000000008 45.995000000000012 0.13500000000000004 1.5000000000000002 4.7350000000000012 1.0000000180025095e-35 0.23965000000000003 228.72500000000005 1.2650000000000003 2.5000000000000004 0.25685000000000008 0.097650000000000015 1.5000000000000002 1.2650000000000003 1.5000000000000002 10278.095000000003 5306.5950000000012 5.5000000000000009 2.5000000000000004
decision_type=2 2 2 2 2 2 2 2 2 2 2 2 2 2 2 2 2 2 2 2 2 2 2
left_child=1 15 4 10 8 7 -7 -6 9 -3 -4 -5 -10 -13 -12 -1 -2 19 -19 21 -20 22 -18
right_child=16 2 3 11 5 6 -8 -9 12 -11 14 13 -14 -15 -16 -17 17 18 20 -21 -22 -23 -24
leaf_value=0.049433336096279964 0.050047132596924809 0.048328636508513906 0.049318375051911389 -0.10777034779512978 -0.055983200110033583 -0.036862016865755791 0.032551428704244177 0.050101182179668302 0.049302353132960455 -0.051022828372866792 -0.053233937460888073 -0.050146368723498605 0.024918254202542726 -0.068208790367470767 -0.050186893427245763 0.050054572305104586 0.050042828930424721 0.050044842512947274 0.050042815446654565 0.050042417908942288 0.050043383451849714 0.050042918824842741 0.050042811212040066
leaf_weight=1.2588509442139209 1.842253334820273 1.1327543779480098 0.68867701280396376 0.24933953585241431 1.755144363314683 1.240664623568591 5.2785009887229535 0.31605008989572514 4.9381104965359555 0.83451878023697634 0.057155872778821504 1.4657830027340422 0.56006061826701614 0.44673563697324414 0.21619278170010148 2.9956957693721051 1.8417989015579355 1.608929507434367 1.6939170286059382 2.040755257010459 1.4894823431968687 1.4764861539006222 19.146919228136539
leaf_count=27 23 12 16 35 296 65 264 2 43 743 4 41647 188 97 3607 34 25 21 23 28 20 20 260
internal_value=0.0361526 0.0176942 0.0105566 -0.0354606 0.0195099 0.00508305 0.0193413 -0.0397954 0.0361105 0.00618367 0.0208641 -0.060525 0.0468185 -0.0543655 -0.050824 0.0498708 0.0500432 0.0500429 0.0500437 0.0500428 0.0500431 0.0500428 0.0500428
internal_weight=54.5748 23.4342 19.1797 3.12388 16.0558 8.59036 6.51917 2.07119 7.46544 1.96727 0.962026 2.16186 5.49817 1.91252 0.273349 4.25455 31.1405 29.2983 4.79233 24.506 3.1834 22.4652 20.9887
internal_count=47500 47080 47019 45406 1613 627 329 298 986 755 3627 41779 231 41744 3611 61 420 397 64 333 43 305 285
is_linear=0
shrinkage=0.05


Tree=130
num_leaves=23
num_cat=0
split_feature=37 33 40 27 24 16 0 8 8 33 0 46 38 29 33 32 46 31 0 27 6 31
split_gain=5.42774 2.06712 2.9694 1.65832 1.47939 2.14361 2.25504 0.902 1.80028 0.745634 0.200699 0.126079 0.0381464 0.000159557 0.000143857 1.05436e-08 1.0894e-09 1.14167e-09 1.0267e-10 8.80158e-11 5.52802e-12 2.06057e-13
threshold=2.5000000000000004 0.07690000000000001 1.4350000000000003 1181.2050000000002 256.60500000000008 0.55165000000000008 8890.9000000000015 4.7350000000000012 1.0000000180025095e-35 0.23965000000000003 228.72500000000005 1.2650000000000003 2.5000000000000004 0.097650000000000015 0.25685000000000008 1.5000000000000002 1.2650000000000003 1.5000000000000002 10278.095000000003 5306.5950000000012 5.5000000000000009 2.5000000000000004
decision_type=2 2 2 2 2 2 2 2 2 2 2 2 2 2 2 2 2 2 2 2 2 2
left_child=1 13 4 9 7 6 -6 8 -3 -4 -5 -9 -12 -1 -11 -2 18 -18 20 -19 21 -17
right_child=15 2 3 10 5 -7 -8 11 -10 14 12 -13 -14 -15 -16 16 17 19 -20 -21 -22 -23
leaf_value=0.049364144555794964 0.050044831856983232 0.048153938366236278 0.049239778139766079 -0.10188346767040346 -0.033950585088533318 0.044097211604863649 0.030907854333541176 0.049205079897878784 -0.050977104935842635 -0.053066302040589874 -0.050139343270860892 0.023972080044985133 -0.067151545319752926 0.050051629011573874 -0.050177850432064103 0.05004073645613577 0.050042653413477904 0.050040725129240793 0.050040347138253505 0.050041265361718469 0.050040822823767497 0.050040718601287795
leaf_weight=1.1990931260661479 1.7524841204285646 1.081321897610908 0.6561097319972754 0.25052161923667915 3.8534755062100867 2.4670608591404743 2.0548016541288234 4.7063326834468171 0.79451290319775569 0.054535757963094511 1.3944863540918957 0.55323662687078456 0.43146809408563047 2.8497573139684391 0.20568506235986206 1.7520446926355493 1.5305263549089421 1.6113693192601206 1.941304750740527 1.4168978855013845 1.4045344069600094 18.213855341076851
leaf_count=27 23 12 16 35 588 25 14 43 743 4 41647 188 97 34 3607 25 21 23 28 20 20 260
internal_value=0.03597 0.0174873 0.0104063 -0.0351926 0.0192046 0.00495171 -0.0113939 0.0359343 0.00616682 0.0208351 -0.0599171 0.0465509 -0.0541593 0.049848 -0.0507832 0.0500411 0.0500408 0.0500415 0.0500407 0.050041 0.0500407 0.0500407
internal_weight=52.1754 22.5524 18.5035 2.99281 15.5107 8.37534 5.90828 7.1354 1.87583 0.916331 2.07648 5.25957 1.82595 4.04885 0.260221 29.623 27.8705 4.55879 23.3117 3.02827 21.3704 19.9659
internal_count=47500 47080 47019 45406 1613 627 602 986 755 3627 41779 231 41744 61 3611 420 397 64 333 43 305 285
is_linear=0
shrinkage=0.05


Tree=131
num_leaves=23
num_cat=0
split_feature=37 33 40 27 24 10 2 8 8 33 0 46 38 29 33 32 46 31 0 27 6 11
split_gain=5.26979 1.98562 2.78855 1.56007 1.4232 2.06644 1.49269 0.849729 1.70802 0.70822 0.161184 0.132434 0.032577 0.000185819 0.000123299 9.06181e-09 9.31923e-10 9.8195e-10 8.97522e-11 7.64082e-11 4.68248e-12 1.56319e-13
threshold=2.5000000000000004 0.07690000000000001 1.4350000000000003 1181.2050000000002 256.60500000000008 9555.1400000000012 14.500000000000002 4.7350000000000012 1.0000000180025095e-35 0.23965000000000003 228.72500000000005 1.2650000000000003 2.5000000000000004 0.097650000000000015 0.25685000000000008 1.5000000000000002 1.2650000000000003 1.5000000000000002 10278.095000000003 5306.5950000000012 5.5000000000000009 1353.9800000000002
decision_type=2 2 2 2 2 2 2 2 2 2 2 2 2 2 2 2 2 2 2 2 2 2
left_child=1 13 4 9 7 6 -6 8 -3 -4 -5 -9 -12 -1 -11 -2 18 -18 20 -19 21 -17
right_child=15 2 3 10 5 -7 -8 11 -10 14 12 -13 -14 -15 -16 16 17 19 -20 -21 -22 -23
leaf_value=0.049288516123006346 0.050042643335761652 0.047963877645850493 0.049153742071205514 -0.096868919995967209 0.0070718004185913695 0.045271013962704637 -0.046171442534981587 0.049099678480132775 -0.050933247155931255 -0.052907841693353767 -0.050132650125135951 0.023040426867290784 -0.066163134665771769 0.050048800905094483 -0.050169242637688141 0.050038734383125429 0.050040571495690793 0.050038736823464949 0.050038377995235174 0.050039252906748183 0.050038832528149148 0.05003875142753178
leaf_weight=1.1423196836731251 1.6670855134725595 1.032560399777142 0.62517636508346131 0.2503154646619804 3.9260909685654024 2.2787539979726716 1.9803759163514767 4.4861751607531914 0.75639843337557966 0.052027458825250505 1.3266491095123454 0.54699053378499218 0.41640038882451325 2.7109223328006919 0.19568640511397462 17.526185505092158 1.4559407308697689 1.53284128010273 1.8466970436274994 1.3478478342294691 1.3360862806439389 1.4667009115219105
leaf_count=27 23 12 16 35 305 29 293 43 743 4 41647 188 97 34 3607 263 21 23 28 20 20 22
internal_value=0.0357724 0.0172688 0.0102506 -0.03494 0.0188815 0.00482445 -0.0107801 0.0357473 0.0061487 0.0208041 -0.0593502 0.0462676 -0.0539622 0.0498234 -0.0507444 0.0500391 0.0500388 0.0500395 0.0500387 0.050039 0.0500387 0.0500387
internal_weight=49.9062 21.7268 17.8736 2.86626 15.0073 8.18522 5.90647 6.82212 1.78896 0.87289 1.99336 5.03317 1.74305 3.85324 0.247714 28.1794 26.5123 4.33663 22.1757 2.88069 20.329 18.9929
internal_count=47500 47080 47019 45406 1613 627 598 986 755 3627 41779 231 41744 61 3611 420 397 64 333 43 305 285
is_linear=0
shrinkage=0.05


Tree=132
num_leaves=31
num_cat=0
split_feature=37 11 26 43 7 25 27 0 33 40 6 0 37 25 0 40 1 7 33 27 8 1 24 29 15 46 14 22 32 46
split_gain=5.14193 1.72078 1.68101 1.19372 0.814309 0.749192 0.892349 0.820257 0.705289 0.63148 1.6913 0.807972 0.567035 0.924462 0.409352 0.36955 0.254334 0.223561 0.0870676 0.0859856 0.349623 0.0260454 0.0130052 0.000100075 2.94566e-06 9.62484e-07 7.73177e-07 2.30402e-08 7.80314e-09 8.05034e-10
threshold=1.5000000000000002 1633.1800000000003 7.5000000000000009 2.5000000000000004 1.5000000000000002 45.995000000000012 5575.9600000000009 228.72500000000005 7.0453500000000009 1.1850000000000003 4.5000000000000009 228.72500000000005 2.5000000000000004 40.425000000000004 56.430000000000007 1.885 9.2410500000000031 1.5000000000000002 0.15285000000000001 3312.0900000000006 40.715000000000011 8.161900000000001 3056.1300000000006 0.35855000000000004 5.8166500000000001 1.2650000000000003 0.088217500000000018 2209.6050000000005 1.5000000000000002 1.2650000000000003
decision_type=2 2 2 2 2 2 2 2 2 2 2 2 2 2 2 2 2 2 2 2 2 2 2 2 2 2 2 2 2 2
left_child=1 4 5 14 9 7 17 -3 -9 19 11 -11 13 -2 -4 -5 -16 -7 -12 21 -21 -1 -15 24 25 -6 -26 -17 -14 -30
right_child=12 2 3 15 23 6 -8 8 -10 10 18 -13 28 22 16 27 -18 -19 -20 20 -22 -23 -24 -25 26 -27 -28 -29 29 -31
leaf_value=0.040392765111612106 0.0022974540445518761 0.05004999025426754 0.048756151005714593 0.04567799000888878 -0.050225873013095571 0.043153542616142786 -0.065601607630688383 -0.052958423468729865 0.029572449629607863 0.049906677939160198 -0.092307137391878055 -0.014399418794302107 0.050040561238452977 0.050057990536864931 -0.05401022649703055 -0.050004138699419935 0.0078890303310824098 -0.05085984617312829 -0.050147536001455634 -0.018805607237362826 0.04529687829415361 0.049134683050490548 0.043746984593055191 -0.052533433899336304 -0.050820397324024318 -0.050008590652874212 -0.050383863779662336 -0.050050923110715739 0.050036820415580878 0.050037584138280237
leaf_weight=1.3050462544633759 1.7423825436271752 0.42727722227573295 0.10988436464686024 0.55658971227239806 0.082972062686621828 2.4267411061462107 0.21439360683143593 0.92697197511643004 0.35916617220573244 1.6217722216670161 0.25035908528025164 0.69899434147737327 1.5858451314270521 1.8576289269767587 2.421200288551518 0.085124448387432494 0.17815951845113875 0.064926592784104176 0.23972245149707305 0.27485962780337991 0.94073699507862329 2.4545729291858152 1.4562515484285539 0.054076423709375376 0.015882484614849091 0.13212687759369146 0.028071072858438129 0.03809249525602354 21.094926450401548 4.1252849064767352
leaf_count=322 17 5 2 7 329 1205 110 3583 65 30 42 6227 23 23 15277 4658 285 619 6894 86 10 21 24 108 1 6871 87 172 333 64
internal_value=0.0355493 0.0123331 -0.00441496 -0.0309071 0.0284802 0.0159004 0.0322815 -0.00997092 -0.0299109 0.0316596 0.0127153 0.0305383 0.0471403 0.0317821 -0.0457716 0.0283327 -0.0497677 0.0407038 -0.0716848 0.0423625 0.0308026 0.0461002 0.0472847 -0.050577 -0.0501686 -0.0500924 -0.0505416 -0.0500186 0.0500372 0.0500369
internal_weight=47.77 15.9077 7.80853 3.38905 8.09919 4.41948 2.70606 1.71342 1.28614 7.78606 2.81085 2.32077 31.8623 5.05626 2.70924 0.679807 2.59936 2.49167 0.490082 4.97522 1.2156 3.75962 3.31388 0.313129 0.259052 0.215099 0.0439536 0.123217 26.8061 25.2202
internal_count=47500 47016 25988 20401 21028 5587 1934 3653 3648 13632 13193 6257 484 64 15564 4837 15562 1824 6936 439 96 343 47 7396 7288 7200 88 4830 420 397
is_linear=0
shrinkage=0.05


Tree=133
num_leaves=23
num_cat=0
split_feature=37 33 40 27 24 9 0 8 8 33 46 0 38 29 33 32 46 31 0 27 6 31
split_gain=4.9789 1.85103 2.54029 1.39112 1.33101 1.89461 2.63169 0.773311 1.56319 0.645195 0.136785 0.104348 0.0276616 0.000216062 9.05016e-05 6.71772e-09 6.93355e-10 7.27304e-10 6.56613e-11 5.63087e-11 3.58114e-12 1.38556e-13
threshold=2.5000000000000004 0.07690000000000001 1.4350000000000003 1181.2050000000002 256.60500000000008 2.5000000000000004 8890.9000000000015 4.7350000000000012 1.0000000180025095e-35 0.23965000000000003 1.2650000000000003 228.72500000000005 2.5000000000000004 0.097650000000000015 0.25685000000000008 1.5000000000000002 1.2650000000000003 1.5000000000000002 10278.095000000003 5306.5950000000012 5.5000000000000009 2.5000000000000004
decision_type=2 2 2 2 2 2 2 2 2 2 2 2 2 2 2 2 2 2 2 2 2 2
left_child=1 13 4 9 7 6 -6 8 -3 -4 -9 -5 -13 -1 -11 -2 18 -18 20 -19 21 -17
right_child=15 2 3 11 5 -7 -8 10 -10 14 -12 12 -14 -15 -16 16 17 19 -20 -21 -22 -23
leaf_value=0.049184689519096804 0.050038582305251059 0.047781895925039036 0.04903910809905318 -0.088799784493897804 -0.0361073975140003 0.047890488469948062 0.032908449297892335 0.04894957707553637 -0.050842132097944664 -0.052616869044202666 0.021841254500778715 -0.050129388835723432 -0.065241600273985373 0.05004418423768478 -0.05015989107380843 0.050035059330882259 0.050036707743734921 0.050035048439019285 0.050034723480832245 0.050035514169701478 0.050035134001493342 0.050035043600222318
leaf_weight=1.0377040434832481 1.5085606984794164 0.9482092510152158 0.56692854137872872 0.24657719178412651 3.5998234280741599 1.8967268933411103 2.2412390459794551 4.1171411786490353 0.69719558054384834 0.047340328627797135 0.52464249304466637 1.2178427472554174 0.40300768079850957 2.4754724623016955 0.17993365056622679 1.5081657022237909 1.3174901604652398 1.3870707862079146 1.6710790246725071 1.2196716703474519 1.2090281024575222 15.6785442084074
leaf_count=27 23 12 16 35 591 19 17 43 743 4 188 41647 97 34 3607 25 21 23 28 20 20 260
internal_value=0.0353465 0.0168037 0.00985874 -0.0349234 0.0183574 0.00447293 -0.00962574 0.0354453 0.00599264 0.0205052 0.0458856 -0.0584968 -0.0538869 0.0497903 -0.0506717 0.0500353 0.0500351 0.0500358 0.050035 0.0500353 0.0500351 0.050035
internal_weight=45.6994 20.1998 16.6866 2.66163 14.025 7.73779 5.84106 6.28719 1.6454 0.794203 4.64178 1.86743 1.62085 3.51318 0.227274 25.4996 23.991 3.92423 20.0668 2.60674 18.3957 17.1867
internal_count=47500 47080 47019 45406 1613 627 608 986 755 3627 231 41779 41744 61 3611 420 397 64 333 43 305 285
is_linear=0
shrinkage=0.05


Tree=134
num_leaves=24
num_cat=0
split_feature=37 33 40 27 24 25 46 35 8 8 33 46 0 38 29 33 32 46 31 0 27 6 11
split_gain=4.82455 1.77563 2.38845 1.3109 1.27478 1.8205 1.66045 1.03879 0.727446 1.48259 0.612676 0.142616 0.0850883 0.0236366 0.000250937 7.76144e-05 5.7792e-09 5.95122e-10 6.26354e-10 5.68221e-11 4.85794e-11 2.90257e-12 1.03029e-13
threshold=2.5000000000000004 0.07690000000000001 1.4350000000000003 1181.2050000000002 256.60500000000008 45.995000000000012 0.13500000000000004 1.5000000000000002 4.7350000000000012 1.0000000180025095e-35 0.23965000000000003 1.2650000000000003 228.72500000000005 2.5000000000000004 0.097650000000000015 0.25685000000000008 1.5000000000000002 1.2650000000000003 1.5000000000000002 10278.095000000003 5306.5950000000012 5.5000000000000009 1353.9800000000002
decision_type=2 2 2 2 2 2 2 2 2 2 2 2 2 2 2 2 2 2 2 2 2 2 2
left_child=1 14 4 10 8 7 -7 -6 9 -3 -4 -10 -5 -14 -1 -12 -2 19 -19 21 -20 22 -18
right_child=16 2 3 12 5 6 -8 -9 11 -11 15 -13 13 -15 -16 -17 17 18 20 -21 -22 -23 -24
leaf_value=0.049092556923113269 0.050036699447641934 0.047559798463816971 0.048934325359277088 -0.085508090987273758 -0.055257549868342748 -0.036564078357651505 0.031448101287381229 0.050089187138788349 0.048823230855883519 -0.050803868437628012 -0.052482744242674087 0.020951291420150106 -0.050123166420956482 -0.064376381712128991 0.050041654486329329 -0.050152148186967296 0.050033334741541792 0.050034916595089435 0.050033337606350162 0.050033029062425287 0.050033781137344295 0.050033418086354468 0.050033349521262073
leaf_weight=0.98890144105098743 1.4350399635732198 0.90607250138418904 0.54040540839196127 0.24334588501096721 1.5399132274105793 1.1143232319445813 4.6102497535594011 0.27593678981065739 3.9262304888907238 0.66367986383374955 0.045143686497794988 0.51971128638979269 1.1585880397058188 0.38837396683356917 2.3548582755829557 0.1711839422803223 15.086514551192534 1.2532791346311563 1.3194665163755419 1.5896320194005955 1.1602267511188982 1.1501015387475479 1.2625340856611718
leaf_count=27 23 12 16 35 296 65 264 2 43 743 4 188 41647 97 34 3607 263 21 23 28 20 20 22
internal_value=0.0351589 0.0166052 0.00972055 -0.034704 0.0180674 0.0043723 0.0182091 -0.039249 0.0352337 0.00597236 0.0204694 0.0455651 -0.0580248 -0.0537015 0.049761 -0.0506385 0.0500336 0.0500334 0.050034 0.0500333 0.0500335 0.0500333 0.0500333
internal_weight=43.7037 19.4469 16.1032 2.54704 13.5561 7.54042 5.72457 1.81585 6.01569 1.56975 0.756733 4.44594 1.79031 1.54696 3.34376 0.216328 24.2568 22.8218 3.73297 19.0888 2.47969 17.4992 16.349
internal_count=47500 47080 47019 45406 1613 627 329 298 986 755 3627 231 41779 41744 61 3611 420 397 64 333 43 305 285
is_linear=0
shrinkage=0.05


Tree=135
num_leaves=23
num_cat=0
split_feature=37 33 40 27 24 10 40 8 8 33 46 0 38 29 33 32 46 31 0 27 6 31
split_gain=4.67975 1.70425 2.24443 1.236 1.22192 1.76682 1.29621 0.68385 1.40584 0.581717 0.148222 0.0696697 0.0202031 0.000291162 6.65747e-05 4.96942e-09 5.11335e-10 5.3917e-10 4.89422e-11 4.16001e-11 2.52598e-12 7.81597e-14
threshold=2.5000000000000004 0.07690000000000001 1.4350000000000003 1181.2050000000002 256.60500000000008 9555.1400000000012 0.76500000000000012 4.7350000000000012 1.0000000180025095e-35 0.23965000000000003 1.2650000000000003 228.72500000000005 2.5000000000000004 0.097650000000000015 0.25685000000000008 1.5000000000000002 1.2650000000000003 1.5000000000000002 10278.095000000003 5306.5950000000012 5.5000000000000009 2.5000000000000004
decision_type=2 2 2 2 2 2 2 2 2 2 2 2 2 2 2 2 2 2 2 2 2 2
left_child=1 13 4 9 7 6 -6 8 -3 -4 -9 -5 -13 -1 -11 -2 18 -18 20 -19 21 -17
right_child=15 2 3 11 5 -7 -8 10 -10 14 -12 12 -14 -15 -16 16 17 19 -20 -21 -22 -23
leaf_value=0.048991733676885668 0.050034907099914178 0.047318740595076181 0.048819606985968225 -0.082602095330991776 0.0033666416779562116 0.044689434403611832 -0.053737050143259704 0.048686015958425199 -0.050767222104763636 -0.05235581380958091 0.02008224428139626 -0.050117239868312347 -0.063565766539845872 0.050039209161230142 -0.050144777706671688 0.050031720557474749 0.050033212295633449 0.050031710766726592 0.050031417270435523 0.050032131585158138 0.050031787774115183 0.050031708116495849
leaf_weight=0.94256030201359253 1.365099892020228 0.8661650007852566 0.51522767659480395 0.23941007895791688 4.064418626792758 1.9759580856425598 1.3153978486125195 3.7450119541681488 0.63175605472588359 0.043043480432970682 0.51520979733686534 1.102210082611691 0.37402409547621562 2.2401172078461968 0.1628585339753954 1.3647335320711231 1.192195571959018 1.2551551721990111 1.5121522396802891 1.1036772951483724 1.0940451882779587 14.187455389648674
leaf_count=27 23 12 16 35 267 29 331 43 743 4 188 41647 97 34 3607 25 21 23 28 20 20 260
internal_value=0.0349592 0.0163935 0.00957092 -0.0344954 0.0177591 0.00425547 -0.0105956 0.0350095 0.00595047 0.0204306 0.0452268 -0.0575822 -0.0535246 0.049729 -0.050607 0.050032 0.0500318 0.0500323 0.0500317 0.0500319 0.0500317 0.0500317
internal_weight=41.8079 18.7334 15.5507 2.43677 13.1139 7.35577 5.37982 5.75814 1.49792 0.72113 4.26022 1.71564 1.47623 3.18268 0.205902 23.0745 21.7094 3.55103 18.1584 2.35883 16.6462 15.5522
internal_count=47500 47080 47019 45406 1613 627 598 986 755 3627 231 41779 41744 61 3611 420 397 64 333 43 305 285
is_linear=0
shrinkage=0.05


Tree=136
num_leaves=23
num_cat=0
split_feature=37 33 40 24 9 0 27 8 8 33 46 0 38 29 33 32 46 31 0 27 6 31
split_gain=4.55431 1.63818 2.10588 1.17448 1.71043 2.31087 1.16599 0.642426 1.33275 0.55224 0.198771 0.0572556 0.0172733 0.000337522 5.71153e-05 4.27818e-09 4.40483e-10 4.6359e-10 4.21103e-11 3.58109e-11 2.12097e-12 7.81597e-14
threshold=2.5000000000000004 0.07690000000000001 1.4350000000000003 256.60500000000008 2.5000000000000004 8890.9000000000015 1181.2050000000002 4.7350000000000012 1.0000000180025095e-35 0.23965000000000003 1.5550000000000004 228.72500000000005 2.5000000000000004 0.097650000000000015 0.25685000000000008 1.5000000000000002 1.2650000000000003 1.5000000000000002 10278.095000000003 5306.5950000000012 5.5000000000000009 2.5000000000000004
decision_type=2 2 2 2 2 2 2 2 2 2 2 2 2 2 2 2 2 2 2 2 2 2
left_child=1 13 3 7 5 -5 9 8 -3 -4 -9 -8 -13 -1 -11 -2 18 -18 20 -19 21 -17
right_child=15 2 6 4 -6 -7 11 10 -10 14 -12 12 -14 -15 -16 16 17 19 -20 -21 -22 -23
leaf_value=0.048881402664625345 0.050033203738384741 0.047057405259908092 0.04869404173279334 -0.034837731054397351 0.047628641211843424 0.031991825074170525 -0.080020520979321205 0.048576995625652063 -0.050732134553423305 -0.052235658706133448 0.012046939922959502 -0.050111594034496935 -0.062805823863078009 0.050036839300545415 -0.050137762236703964 0.05003017303705426 0.050031591084074824 0.050030163432510238 0.050029883840366121 0.050030563753492102 0.050030235426145167 0.050030160427994901
leaf_weight=0.89856492115359587 1.2985662780702139 0.8283841423180982 0.4913323621367448 3.4116600588413348 1.720446674411505 2.0834946474642493 0.23489082224750735 3.669697007011564 0.601350105696838 0.041036030634131748 0.41444048579069193 1.0485698025552208 0.35997824518699406 2.1309637832746375 0.15493696053749773 1.2982138618826926 1.1340873278677457 1.1939765214920046 1.4384466819465149 1.0498823970556257 1.0407194420695294 13.495932467281817
leaf_count=27 23 12 16 591 19 17 35 44 743 4 187 41647 97 34 3607 25 21 23 28 20 20 260
internal_value=0.0347217 0.0161464 0.00939795 0.0173984 0.00412202 -0.00949922 -0.0342968 0.0347722 0.00592686 0.0203886 0.0448701 -0.0571669 -0.0533558 0.0496941 -0.0505771 0.0500304 0.0500302 0.0500308 0.0500301 0.0500304 0.0500302 0.0500302
internal_weight=40.0396 18.0897 15.0602 12.7295 7.2156 5.49515 2.33074 5.51387 1.42973 0.687305 4.08414 1.64344 1.40855 3.02953 0.195973 21.9498 20.6513 3.37795 17.2733 2.24386 15.8349 14.7941
internal_count=47500 47080 47019 1613 627 608 45406 986 755 3627 231 41779 41744 61 3611 420 397 64 333 43 305 285
is_linear=0
shrinkage=0.05


Tree=137
num_leaves=31
num_cat=0
split_feature=37 11 26 43 25 27 0 7 33 40 6 0 37 25 0 40 28 1 33 41 33 24 29 15 14 46 22 32 46 31
split_gain=4.42155 1.3992 1.47939 0.964482 0.659404 0.76655 0.660962 0.65405 0.55447 0.514127 1.21696 0.683774 0.500177 0.785552 0.31502 0.280126 0.214925 0.194647 0.0722948 0.536155 0.0311213 0.0106964 4.56923e-05 2.30278e-06 5.85211e-07 5.14899e-07 1.07363e-08 3.68465e-09 3.79547e-10 3.99413e-10
threshold=1.5000000000000002 1633.1800000000003 7.5000000000000009 2.5000000000000004 45.995000000000012 5575.9600000000009 228.72500000000005 1.5000000000000002 7.0453500000000009 1.1850000000000003 4.5000000000000009 228.72500000000005 2.5000000000000004 40.425000000000004 56.430000000000007 1.885 694.85500000000013 8.5888000000000009 1.8834500000000001 1.0000000180025095e-35 0.15285000000000001 3056.1300000000006 0.35855000000000004 5.8166500000000001 0.088217500000000018 1.2650000000000003 2209.6050000000005 1.5000000000000002 1.2650000000000003 1.5000000000000002
decision_type=2 2 2 2 2 2 2 2 2 2 2 2 2 2 2 2 2 2 2 2 2 2 2 2 2 2 2 2 2 2
left_child=1 7 4 14 6 17 -3 9 -8 18 11 -11 13 -2 -4 -5 -16 -6 19 -1 -12 -15 23 25 -25 -9 -17 -14 -29 -30
right_child=12 2 3 15 5 -7 8 22 -10 10 20 -13 27 21 16 26 -18 -19 -20 -21 -22 -23 -24 24 -26 -27 -28 28 29 -31
leaf_value=-0.050258159831314875 0.001918547731903602 0.050039037032068204 0.047928057663473737 0.04403819360562293 0.0096916627939926097 -0.063303389479638109 -0.052598079288729574 -0.050186670503725252 0.028004633018791261 0.04980097901623378 -0.077528063671115324 -0.015196955686282879 0.050031584222824312 0.050047574376705033 0.005447190939740526 -0.050003223128258369 -0.053662475835274018 0.04766755530445152 0.048339863017510212 0.042524751082672417 -0.050115965905517805 0.043725686943523731 -0.051947078814551018 -0.050752075851830836 -0.050353933101388595 -0.050010973822160444 -0.050039456357662541 0.050028671705280719 0.050030049992549119 0.050028869571800284
leaf_weight=0.16955206271450007 1.4875119538046444 0.33372702822089229 0.086430216208101096 0.45580553007312108 0.41799153882198048 0.19436378553382372 0.77926993503024256 0.067896382319304283 0.29380639567989419 1.2682466503315484 0.23145391035905039 0.59420223776851333 1.2352734394371534 1.4716557504216328 0.1659391317461999 0.066236670305443113 2.0994063903567621 1.7504754553019664 1.9575223749179711 1.9061038887393804 0.18735416580830133 1.2269105415471129 0.042670860458656534 0.014599052257835865 0.025093163709243527 0.10807832400064399 0.029572804113740858 16.431353539228443 1.0788096264004701 2.1344862207770348
leaf_count=256 17 5 2 7 1673 110 3583 329 65 30 42 6227 23 23 1189 4658 14373 151 30 153 6894 24 108 1 87 6871 172 333 21 43
internal_value=0.0345187 0.0111522 -0.00497597 -0.0318014 0.0156851 0.0318212 -0.0114165 0.0275263 -0.0305292 0.0307166 0.0117463 0.0290638 0.0468664 0.0310921 -0.0457582 0.0277023 -0.0493326 0.0403474 0.0414466 0.0349457 -0.0652652 0.0471733 -0.0504521 -0.0501564 -0.0505004 -0.0500788 -0.0500144 0.0500289 0.0500288 0.0500293
internal_weight=38.3118 13.2458 6.67302 2.90339 3.76963 2.36283 1.4068 6.57277 1.07308 6.31444 2.28126 1.86245 25.066 4.18608 2.35178 0.551615 2.26535 2.16847 4.03318 2.07566 0.418808 2.69857 0.258338 0.215667 0.0396922 0.175975 0.0958095 20.8799 19.6446 3.2133
internal_count=47500 47016 25988 20401 5587 1934 3653 21028 3648 13632 13193 6257 484 64 15564 4837 15562 1824 439 409 6936 47 7396 7288 88 7200 4830 420 397 64
is_linear=0
shrinkage=0.05


Tree=138
num_leaves=23
num_cat=0
split_feature=37 33 40 24 9 0 27 8 8 33 46 0 38 29 33 32 46 31 0 27 6 11
split_gain=4.28078 1.52357 1.92773 1.10343 1.55341 2.05108 1.04269 0.584382 1.21215 0.504013 0.193167 0.0383456 0.0146673 0.0003941 4.19918e-05 3.17319e-09 3.28001e-10 3.43267e-10 3.08997e-11 2.65099e-11 1.64668e-12 6.39488e-14
threshold=2.5000000000000004 0.07690000000000001 1.4350000000000003 256.60500000000008 2.5000000000000004 8890.9000000000015 1181.2050000000002 4.7350000000000012 1.0000000180025095e-35 0.23965000000000003 1.5550000000000004 228.72500000000005 2.5000000000000004 0.097650000000000015 0.25685000000000008 1.5000000000000002 1.2650000000000003 1.5000000000000002 10278.095000000003 5306.5950000000012 5.5000000000000009 1353.9800000000002
decision_type=2 2 2 2 2 2 2 2 2 2 2 2 2 2 2 2 2 2 2 2 2 2
left_child=1 13 3 7 5 -5 9 8 -3 -4 -9 -8 -13 -1 -11 -2 18 -18 20 -19 21 -17
right_child=15 2 6 4 -6 -7 11 10 -10 14 -12 12 -14 -15 -16 16 17 19 -20 -21 -22 -23
leaf_value=0.048724852216347349 0.050030043074574461 0.046793563662609533 0.048501698275218504 -0.033782236601040842 0.047255376306445246 0.030970299051915319 -0.075646920624405034 0.048438459470750941 -0.050664470848025271 -0.052014471849812539 0.011519858633524676 -0.050109171705385661 -0.06209198399904118 0.050033164983660651 -0.050130803289743502 0.050027287389821519 0.050028583343673931 0.050027291926810248 0.05002703845288517 0.050027654006989636 0.050027356750219333 0.050027300487599791
leaf_weight=0.81671372405981246 1.1750637292861963 0.75838462095998493 0.44613347050471874 3.2472663014805221 1.5762099341482096 1.961766827618703 0.22454427060301885 3.3767178582274942 0.55074923477968696 0.037291157187610224 0.39584291904611735 0.96351523497196445 0.34746382796765829 1.9497434249788055 0.14320476544367011 12.353249028325079 1.0262247882783406 1.0804148875176909 1.3016322143375862 0.95002691820263852 0.94173480570316392 1.0337973535060889
leaf_count=27 23 12 16 591 19 17 35 44 743 4 187 41647 97 34 3607 263 21 23 28 20 20 22
internal_value=0.0343155 0.0157347 0.00904734 0.0169587 0.0037642 -0.00939587 -0.0343742 0.0345765 0.00579322 0.0199792 0.0445647 -0.0565551 -0.0532851 0.0496469 -0.05052 0.0500275 0.0500274 0.0500278 0.0500273 0.0500275 0.0500273 0.0500273
internal_weight=36.6577 16.7955 14.0291 11.8669 6.78524 5.20903 2.16215 5.08169 1.30913 0.626629 3.77256 1.53552 1.31098 2.76646 0.180496 19.8621 18.6871 3.05667 15.6304 2.03044 14.3288 13.387
internal_count=47500 47080 47019 1613 627 608 45406 986 755 3627 231 41779 41744 61 3611 420 397 64 333 43 305 285
is_linear=0
shrinkage=0.05


Tree=139
num_leaves=24
num_cat=0
split_feature=37 33 40 24 25 46 27 35 8 8 33 46 0 38 29 33 32 46 31 0 27 6 11
split_gain=4.15214 1.46124 1.81219 1.05496 1.50794 1.46876 0.984822 0.899993 0.548967 1.14857 0.478281 0.195681 0.03178 0.012547 0.000455851 3.60416e-05 2.73091e-09 2.82686e-10 2.95763e-10 2.65565e-11 2.29838e-11 1.47615e-12 5.68434e-14
threshold=2.5000000000000004 0.07690000000000001 1.4350000000000003 256.60500000000008 45.995000000000012 0.13500000000000004 1181.2050000000002 1.5000000000000002 4.7350000000000012 1.0000000180025095e-35 0.23965000000000003 1.5550000000000004 228.72500000000005 2.5000000000000004 0.097650000000000015 0.25685000000000008 1.5000000000000002 1.2650000000000003 1.5000000000000002 10278.095000000003 5306.5950000000012 5.5000000000000009 1353.9800000000002
decision_type=2 2 2 2 2 2 2 2 2 2 2 2 2 2 2 2 2 2 2 2 2 2 2
left_child=1 14 3 8 7 -6 10 -5 9 -3 -4 -10 -8 -14 -1 -12 -2 19 -19 21 -20 22 -18
right_child=16 2 6 4 5 -7 12 -9 11 -11 15 -13 13 -15 -16 -17 17 18 20 -21 -22 -23 -24
leaf_value=0.048589676697646113 0.050028576718291112 0.046489183156266205 0.048346490533674062 -0.054640559892034091 -0.036737687289786755 0.030642651652460814 -0.073780158032397833 0.050079040639731009 0.048269381773150793 -0.050633782149987906 -0.051912374047453393 0.010973996897551104 -0.050103910262059417 -0.061423299986543924 0.05003099547008695 -0.05012446167556437 0.050025955423728501 0.050027188999317421 0.050025959432711868 0.050025718912773964 0.050026305107481177 0.050026022747193179 0.05002596801697038
leaf_weight=0.77899010153487624 1.1177871301770235 0.72600406374840332 0.42570405759033692 1.3506379642731188 1.0124059427735117 4.0209265578869235 0.21885832323050625 0.24192510545253743 3.2230066429401636 0.52419840108632343 0.035540449514883221 0.39478412204334734 0.91661786542022106 0.33402462239428132 1.8547317193733759 0.13623738705950927 11.751078881323336 0.9762017354369158 1.0277491174638269 1.2381826974451531 0.90371732041239727 0.89582914486527521 0.98340398073196489
leaf_count=27 23 12 16 296 65 264 35 2 44 743 4 187 41647 97 34 3607 263 21 23 28 20 20 22
internal_value=0.0341024 0.0155243 0.00890542 0.0166565 0.00367258 0.0170898 -0.0341962 -0.0387327 0.0343292 0.00576642 0.0199294 0.0441996 -0.0562031 -0.0531271 0.0496047 -0.0504944 0.0500262 0.050026 0.0500265 0.0500259 0.0500261 0.050026 0.050026
internal_weight=35.0885 16.1946 13.5609 11.4939 6.6259 5.03333 2.06698 1.59256 4.86799 1.2502 0.597482 3.61779 1.4695 1.25064 2.63372 0.171778 18.894 17.7762 2.90767 14.8685 1.93147 13.6303 12.7345
internal_count=47500 47080 47019 1613 627 329 45406 298 986 755 3627 231 41779 41744 61 3611 420 397 64 333 43 305 285
is_linear=0
shrinkage=0.05


Tree=140
num_leaves=23
num_cat=0
split_feature=37 33 40 24 10 2 27 8 8 33 46 0 38 29 33 32 46 31 0 27 6 11
split_gain=4.02729 1.40144 1.70341 1.00811 1.45446 1.20647 0.930568 0.515356 1.08802 0.45377 0.197801 0.0264045 0.010736 0.000526815 3.0939e-05 2.34812e-09 2.41933e-10 2.54526e-10 2.3185e-11 1.97666e-11 1.15108e-12 4.61853e-14
threshold=2.5000000000000004 0.07690000000000001 1.4350000000000003 256.60500000000008 9555.1400000000012 8.5000000000000018 1181.2050000000002 4.7350000000000012 1.0000000180025095e-35 0.23965000000000003 1.5550000000000004 228.72500000000005 2.5000000000000004 0.097650000000000015 0.25685000000000008 1.5000000000000002 1.2650000000000003 1.5000000000000002 10278.095000000003 5306.5950000000012 5.5000000000000009 1353.9800000000002
decision_type=2 2 2 2 2 2 2 2 2 2 2 2 2 2 2 2 2 2 2 2 2 2
left_child=1 13 3 7 5 -5 9 8 -3 -4 -9 -8 -13 -1 -11 -2 18 -18 20 -19 21 -17
right_child=15 2 6 4 -6 -7 11 10 -10 14 -12 12 -14 -15 -16 16 17 19 -20 -21 -22 -23
leaf_value=0.048441870340660616 0.050027182018538743 0.046160522948825861 0.048176883714156397 0.028089335794322469 0.043914457011304614 -0.026689930070981267 -0.07209026993822619 0.048085745804263384 -0.050604435688007647 -0.051815637952344007 0.010451409308447061 -0.050098899607698179 -0.060795208500924618 0.050028874412467117 -0.050118425547894842 0.050024690465975713 0.050025861963970686 0.050024692520731377 0.050024463588230997 0.050025021201069421 0.05002475147595075 0.05002470170537332
leaf_weight=0.74320346845342955 1.0633009001612688 0.695391656809077 0.40633265420183207 1.4317130914278093 1.6604171080944068 3.3734727279761501 0.21293917976890941 3.0772376637396524 0.49891482321163494 0.033868643666210119 0.3938231659849406 0.87199888993472974 0.32093329890039968 1.7643483152423867 0.12960822538843786 11.178247563540934 0.92861582338809912 0.97764932364225365 1.1778246238827694 0.85966401547193527 0.85216013714671213 0.93546590581536371
leaf_count=27 23 12 16 91 29 507 35 44 743 4 187 41647 97 34 3607 263 21 23 28 20 20 22
internal_value=0.0338872 0.0153118 0.00875975 0.0163538 0.00357189 -0.0103684 -0.0340253 0.034068 0.00573751 0.0198753 0.0438158 -0.0558716 -0.0529765 0.0495585 -0.05047 0.0500249 0.0500248 0.0500252 0.0500247 0.0500248 0.0500247 0.0500247
internal_weight=33.5871 15.6142 13.1067 11.131 6.4656 4.80519 1.97568 4.66537 1.19431 0.56981 3.47106 1.40587 1.19293 2.50755 0.163477 17.9729 16.9096 2.76593 14.1437 1.83731 12.9659 12.1137
internal_count=47500 47080 47019 1613 627 598 45406 986 755 3627 231 41779 41744 61 3611 420 397 64 333 43 305 285
is_linear=0
shrinkage=0.05


Tree=141
num_leaves=24
num_cat=0
split_feature=37 33 40 24 25 46 27 35 8 8 33 46 0 24 29 33 32 46 31 0 27 6 11
split_gain=3.91999 1.34596 1.59869 0.965535 1.40057 1.32901 0.879663 0.826459 0.483466 1.03034 0.430418 0.199517 0.0219884 0.00919078 0.000608276 2.65622e-05 2.02436e-09 2.09916e-10 2.19325e-10 1.95151e-11 1.69345e-11 1.1493e-12 5.15143e-14
threshold=2.5000000000000004 0.07690000000000001 1.4350000000000003 256.60500000000008 45.995000000000012 0.13500000000000004 1181.2050000000002 1.5000000000000002 4.7350000000000012 1.0000000180025095e-35 0.23965000000000003 1.5550000000000004 228.72500000000005 9632.4000000000015 0.097650000000000015 0.25685000000000008 1.5000000000000002 1.2650000000000003 1.5000000000000002 10278.095000000003 5306.5950000000012 5.5000000000000009 1353.9800000000002
decision_type=2 2 2 2 2 2 2 2 2 2 2 2 2 2 2 2 2 2 2 2 2 2 2
left_child=1 14 3 8 7 -6 10 -5 9 -3 -4 -10 -8 -14 -1 -12 -2 19 -19 21 -20 22 -18
right_child=16 2 6 4 5 -7 12 -9 11 -11 15 -13 13 -15 -16 -17 17 18 20 -21 -22 -23 -24
leaf_value=0.048280341556066635 0.050025855737169944 0.045806245350673756 0.047991680520800314 -0.054334287149756577 -0.035658185960311971 0.029632632658358721 -0.07055503646876736 0.050073046249986666 0.047886408552435894 -0.050576379018774091 -0.051723958687463295 0.0099514577339005657 -0.050762555479773777 -0.06258705834200029 0.050026793264904647 -0.050112681270771502 0.050023482898620346 0.050024600201962643 0.050023487590730865 0.050023269941169374 0.050023799510827027 0.050023545391304283 0.050023495323064396
leaf_weight=0.7092638865942712 1.0114692449569727 0.66646623932319726 0.38797035064635466 1.2746477279379176 0.97549408429586026 3.8774272749942611 0.2068483806306175 0.22264660894870747 2.9390428838887606 0.47483909650600253 0.03227251246880769 0.39295109373051662 0.93853068705539022 0.19921578319690525 1.6783680989683487 0.12330093401237718 10.633328102529047 0.88334842398762647 0.92999064549803712 1.1204075030982483 0.81775715947151184 0.81061887368559915 0.88986361026763994
leaf_count=27 23 12 16 296 65 264 35 2 44 743 4 187 41549 195 34 3607 263 21 23 28 20 20 22
internal_value=0.0336279 0.0150631 0.00859332 0.0159993 0.00346532 0.0165084 -0.0338606 -0.038809 0.0337924 0.00570634 0.0198165 0.0434126 -0.0555593 -0.052833 0.049508 -0.0504469 0.0500237 0.0500235 0.050024 0.0500235 0.0500236 0.0500235 0.0500235
internal_weight=32.1961 15.0993 12.7117 10.8235 6.35022 4.85292 1.88814 1.49729 4.4733 1.14131 0.543544 3.33199 1.34459 1.13775 2.38763 0.155573 17.0968 16.0853 2.6311 13.4542 1.74775 12.3338 11.5232
internal_count=47500 47080 47019 1613 627 329 45406 298 986 755 3627 231 41779 41744 61 3611 420 397 64 333 43 305 285
is_linear=0
shrinkage=0.05


Tree=142
num_leaves=31
num_cat=0
split_feature=37 28 11 2 7 8 14 2 11 26 37 25 25 25 7 26 25 3 0 24 40 2 33 22 8 40 40 24 8 15
split_gain=3.81203 1.20475 1.20367 1.2521 0.563254 0.518291 0.667537 0.643138 0.631001 0.486547 0.439334 0.638916 0.321764 0.314877 0.260088 0.176742 0.116823 0.0840384 0.0161523 0.00855697 0.00576848 0.000208564 0.00012177 7.71675e-05 1.83563e-05 1.7672e-05 1.42087e-05 8.66622e-06 8.59804e-06 1.94797e-06
threshold=1.5000000000000002 1092.5600000000002 4430.8200000000006 15.500000000000002 1.5000000000000002 30.005000000000006 0.75629650000000004 13.500000000000002 1160.5550000000003 6.5000000000000009 2.5000000000000004 41.435000000000009 21.055000000000003 72.085000000000022 1.5000000000000002 54.500000000000007 40.425000000000004 3.5000000000000004 228.72500000000005 3056.1300000000006 0.21500000000000002 17.500000000000004 2.0009500000000005 4978.6550000000016 60.025000000000013 0.045000000000000005 0.76500000000000012 13192.200000000003 1.4750000000000003 8.6448500000000017
decision_type=2 2 2 2 2 2 2 2 2 2 2 2 2 2 2 2 2 2 2 2 2 2 2 2 2 2 2 2 2 2
left_child=1 5 3 4 13 6 7 8 -1 17 11 -2 -9 -3 15 16 -7 -5 -11 -13 -4 28 -23 27 -25 -6 -17 -22 -8 -16
right_child=10 2 20 9 25 14 21 12 -10 18 -12 19 -14 -15 29 26 -18 -19 -20 -21 23 22 -24 24 -26 -27 -28 -29 -30 -31
leaf_value=0.027280414720023821 0.0027986845233359159 -0.001721621172339211 -0.058812781415934337 -0.050101835670938337 -0.051095575795435777 -0.0081792164250360407 -0.051240706714825036 -0.0063321177760024662 -0.052876168311246821 -0.068655016257062509 0.050022532647662404 0.050040908622448192 0.042091369732609102 0.042042726796220002 -0.050061096457314241 -0.051922249446705253 0.046441361089595103 0.044501237695245888 -0.052662288800664703 0.04376946019824305 -0.050240955314791162 -0.050313641900583142 -0.053349550883570879 -0.051226637518458996 -0.052188627161609713 -0.050204558798827931 -0.050003489484698821 -0.051069785369811743 -0.050229759229572069 -0.050714349410561091
leaf_weight=0.46463079034174626 1.3055305425077706 0.54055926902992846 0.67758394319935156 0.027335166781085496 0.094276591607922344 0.10176411249494899 0.02490318747004483 0.41995746761813313 0.52064517938697463 0.20605449514823704 16.263329584151506 1.1331924662335953 1.873435074320241 1.7147730038482221 0.063722241183086115 0.035857866292644647 2.5741035171563453 0.16623895508791975 0.67530458727196674 1.0459280495851997 0.13789524051117041 0.040793782496166386 0.17353828466821142 0.078055627946923778 0.13597294890405465 0.13581771521876362 0.013200163453802816 0.040890479428071558 0.1353014791654914 0.013901538042773609
leaf_count=913 18 4017 36 455 33 1292 3 1618 2007 7 420 22 1705 4781 4204 2 5454 295 8668 24 3416 500 76 36 29 4715 1128 42 1582 2
internal_value=0.033398 0.00993448 -0.00952669 0.00445063 0.0239505 0.0238941 0.0114855 0.0187094 -0.0150764 -0.0406364 0.0465705 0.0304591 0.0332242 0.0315533 0.0400691 0.0426399 0.0443641 0.0311421 -0.0564013 0.0470308 -0.056018 -0.0517516 -0.0527717 -0.0511973 -0.0518378 -0.0505696 -0.051406 -0.0504305 -0.0503869 -0.0501781
internal_weight=30.8345 11.0865 4.63076 3.56036 2.48543 6.45575 3.65321 3.27867 0.985276 1.07493 19.748 3.48465 2.29339 2.25533 2.80255 2.72493 2.67587 0.193574 0.881359 2.17912 1.0704 0.374537 0.214332 0.392814 0.214029 0.230094 0.049058 0.178786 0.160205 0.0776238
internal_count=47500 47016 26530 22971 13546 20486 8404 6243 2920 9425 484 64 3323 8798 12082 7876 6746 750 8675 46 3559 2161 576 3523 65 4748 1130 3458 1585 4206
is_linear=0
shrinkage=0.05


Tree=143
num_leaves=21
num_cat=0
split_feature=37 33 40 16 24 0 27 33 8 0 12 29 33 32 46 31 0 27 6 11
split_gain=3.70053 1.25924 1.48462 0.893848 1.34237 1.3996 0.793088 0.403635 0.396682 0.0151205 0.00785838 0.000676591 2.46329e-05 1.49625e-09 1.53449e-10 1.62574e-10 1.48681e-11 1.26645e-11 7.86926e-13 2.30926e-14
threshold=2.5000000000000004 0.07690000000000001 1.4350000000000003 0.44865000000000005 256.60500000000008 5339.3400000000011 1181.2050000000002 0.23965000000000003 4.7350000000000012 228.72500000000005 2582.3750000000005 0.097650000000000015 0.25685000000000008 1.5000000000000002 1.2650000000000003 1.5000000000000002 10278.095000000003 5306.5950000000012 5.5000000000000009 1353.9800000000002
decision_type=2 2 2 2 2 2 2 2 2 2 2 2 2 2 2 2 2 2 2 2
left_child=1 11 3 4 8 -6 7 -4 -3 -8 -11 -1 -9 -2 16 -16 18 -17 19 -15
right_child=13 2 6 -5 5 -7 9 12 -10 10 -12 -13 -14 14 15 17 -18 -19 -20 -21
leaf_value=0.048100613958210567 0.050023394256886379 0.005452798639543838 0.047781721912861896 0.043434079631700484 -0.053257455228891019 0.0079931505910929845 -0.067884308357007969 -0.051682397936215312 0.042065461309941751 -0.050752774557622421 -0.06195169020898722 0.050023785438698745 -0.050107091309236289 0.050021250746506089 0.050022258329173799 0.050021250741874607 0.050021054910448039 0.050021534308438288 0.050021304961239958 0.050021258971061522
leaf_weight=0.65086362625880001 0.91526100412011047 1.0664773770995437 0.35715606903249764 2.2427541745564668 1.3425375783635898 3.0549202360780328 0.19441852089312295 0.03154278504098329 2.4152644437454001 0.88584890648030501 0.19029743148485068 1.5380284962520816 0.11635708910398534 9.6218501627445168 0.79932387545704786 0.84152684733271577 1.0138299912214268 0.73997003585100174 0.73351020738482553 0.80521683767438013
leaf_count=27 23 755 16 37 529 73 35 4 219 40230 1514 34 3607 263 21 23 28 20 20 22
internal_value=0.0331396 0.014599 0.00818682 0.0155844 0.00765722 -0.0107066 -0.0339833 0.0190177 0.0308508 -0.0550515 -0.0527331 0.0494519 -0.0504431 0.0500214 0.0500213 0.0500217 0.0500212 0.0500214 0.0500213 0.0500213
internal_weight=29.557 14.0865 11.8976 10.122 7.8792 4.39746 1.77562 0.505056 3.48174 1.27056 1.07615 2.18889 0.1479 15.4705 14.5552 2.38082 12.1744 1.5815 11.1606 10.4271
internal_count=47500 47080 47019 1613 1576 602 45406 3627 974 41779 41744 61 3611 420 397 64 333 43 305 285
is_linear=0
shrinkage=0.05


Tree=144
num_leaves=26
num_cat=0
split_feature=37 0 40 0 41 28 11 33 23 2 38 12 37 40 8 45 46 25 32 46 31 0 27 6 31
split_gain=3.61555 1.21359 1.74525 1.11383 0.925076 1.55165 0.261989 0.0690186 0.00785804 0.011745 0.00694529 0.00197983 0.00187297 0.000255139 1.75855e-05 3.10359e-06 1.80203e-06 1.09956e-08 1.29011e-09 1.34255e-10 1.39295e-10 1.23954e-11 1.06677e-11 7.05214e-13 4.26326e-14
threshold=2.5000000000000004 228.72500000000005 1.4350000000000003 2699.9150000000004 1.5000000000000002 1092.5600000000002 1445.8150000000003 1.9193000000000002 1.0000000180025095e-35 9.5000000000000018 2.5000000000000004 2582.3750000000005 1.5000000000000002 2.0250000000000004 1.0000000180025095e-35 1.5000000000000002 1.2650000000000003 41.435000000000009 1.5000000000000002 1.2650000000000003 1.5000000000000002 10278.095000000003 5306.5950000000012 5.5000000000000009 2.5000000000000004
decision_type=2 2 2 2 2 2 2 2 2 2 2 2 2 2 2 2 2 2 2 2 2 2 2 2 2
left_child=1 6 3 12 5 -5 8 -6 9 -1 15 13 14 -12 -3 16 -4 -10 -2 21 -21 23 -22 24 -20
right_child=18 2 10 4 7 -7 -8 -9 17 -11 11 -13 -14 -15 -16 -17 -18 -19 19 20 22 -23 -24 -25 -26
leaf_value=0.050028554119513263 0.050022252665000204 -0.051499053921680665 -0.050160061438735914 0.026001749872979846 0.033463301163503878 -0.027000997358560593 0.011272412987684131 0.049067105186157325 0.050029014231602269 0.037205991143796607 -0.055709390628268518 -0.062735391118672129 -0.055947108433155236 -0.050581457991294203 -0.050206887633728062 -0.050495276684076988 -0.050006635287764348 0.050021217919638462 0.050020222532646853 0.050021172020768979 0.050020216823283149 0.050020027886518804 0.050020483665470156 0.050020263638727719 0.050020210655505562
leaf_weight=0.37117747751972618 0.87064256146550079 0.029043522088612828 0.31259642808617971 3.7528845092820102 1.4259768793563128 2.184625082059938 0.58586242502269659 1.4088144190609453 0.77351092547178257 0.34418105425720569 0.09198201447725296 0.16187727888791414 0.28346555680036545 0.0329445554814356 0.28186668943999393 0.044452918435126776 0.49355307243786228 1.0889041270834239 0.87038741260766528 0.76035648211836759 0.80050125345587708 0.9644042197614916 0.70389567688107491 0.69775063544511873 9.0483463332056981
leaf_count=12 23 3 826 253 24 291 23 18 16 33 1 8 3 94 1010 10 44424 31 25 21 23 28 20 20 260
internal_value=0.0328227 0.0143057 0.00612913 0.0132312 0.0177193 0.00650012 0.041454 0.041218 0.0483135 0.0438592 -0.0523573 -0.059086 -0.0530076 -0.0543571 -0.0503276 -0.0500886 -0.0500661 0.0500245 0.0500204 0.0500203 0.0500206 0.0500202 0.0500203 0.0500202 0.0500202
internal_weight=28.384 13.6677 10.5041 9.36668 8.7723 5.93751 3.16364 2.83479 2.57777 0.715359 1.13741 0.286804 0.594376 0.124927 0.31091 0.850602 0.80615 1.86242 14.7163 13.8456 2.26475 11.5809 1.5044 10.6165 9.91873
internal_count=47500 47080 46965 1602 586 544 115 42 92 45 45363 103 1016 95 1013 45260 45250 47 420 397 64 333 43 305 285
is_linear=0
shrinkage=0.05


Tree=145
num_leaves=31
num_cat=0
split_feature=37 11 26 43 25 27 0 7 37 25 15 33 40 6 0 0 1 28 40 25 1 29 8 15 14 28 32 46 31 0
split_gain=3.55126 1.07171 1.18619 0.714215 0.545092 0.589775 0.496063 0.488628 0.409826 0.602612 0.40751 0.400623 0.265923 0.933413 0.217903 0.203009 0.193036 0.149354 0.0832426 0.0724628 0.00887421 2.14338e-05 4.11591e-06 1.70163e-06 5.27015e-07 2.44552e-07 1.11065e-09 1.14772e-10 1.20149e-10 1.08535e-11
threshold=1.5000000000000002 1633.1800000000003 7.5000000000000009 2.5000000000000004 45.995000000000012 5575.9600000000009 228.72500000000005 1.5000000000000002 2.5000000000000004 40.425000000000004 8.6448500000000017 7.0453500000000009 1.4350000000000003 3.5000000000000004 56.430000000000007 4437.9300000000012 8.5888000000000009 694.85500000000013 2.0250000000000004 19.625000000000004 8.3796500000000016 0.35855000000000004 14.725000000000003 5.8166500000000001 0.088217500000000018 1853.3350000000003 1.5000000000000002 1.2650000000000003 1.5000000000000002 10278.095000000003
decision_type=2 2 2 2 2 2 2 2 2 2 2 2 2 2 2 2 2 2 2 2 2 2 2 2 2 2 2 2 2 2
left_child=1 7 4 14 6 16 -3 10 9 -2 12 -8 19 -14 -4 22 -6 -16 -17 -1 -11 23 -5 25 -25 -9 -10 29 -29 -28
right_child=8 2 3 15 5 -7 11 21 26 20 -12 -13 13 -15 17 18 -18 -19 -20 -21 -22 -23 -24 24 -26 -27 27 28 -30 -31
leaf_value=0.019369522530920391 0.0014511838194138592 0.050027898517825187 0.046298622859297894 -0.050927936910376295 0.0053517093390396814 -0.060250502485736004 -0.052173773940921889 -0.050024576032659231 0.050021167783141224 0.042626242739759825 -0.057689465860860691 0.025884046714740112 0.03719278934154422 -0.059643256298478331 0.0034952615993930438 0.050046300321058827 0.047511843651598919 -0.052908491521359693 -0.050020057159387371 0.042327868371773165 0.0495349845892313 -0.051532054948100176 -0.050049573766951232 -0.050702868900060628 -0.050304570218468618 -0.050174271538095894 0.050019229762924569 0.05002013907388636 0.050019348387008014 0.050019050148244398
leaf_weight=0.39128910488944013 1.1617923567537247 0.23779030144214652 0.061873553087935185 0.01792888499358003 0.33765611733610956 0.16300731067030927 0.62607785418003914 0.093840933364617629 0.82819834724068542 0.75504063958578616 0.13096608816613287 0.22290063478067168 0.99272417275869862 0.33210065788898646 0.12590302267585674 0.31165900453925133 1.3858022869262638 1.7307316275757783 0.022268002958753641 2.8256933165012015 1.2091866531409321 0.03370933536098164 0.052073674091388966 0.01367033738642931 0.021161012785796629 0.038466977276584657 10.098906069993969 0.72328801266848985 1.4310543127357958 0.91738715209066946
leaf_count=176 17 5 2 4 1673 110 3583 5932 23 29 59 65 4830 8244 1189 4 151 14373 1033 323 18 108 3796 1 87 1268 305 21 43 28
internal_value=0.032466 0.00906178 -0.00650962 -0.0332846 0.0144047 0.030654 -0.0138016 0.0259817 0.0463642 0.0299958 0.029264 -0.0316796 0.0317713 0.0129184 -0.0460075 0.0271438 0.0392519 -0.0490836 0.0433734 0.0395354 0.0468793 -0.0503819 -0.0502745 -0.05015 -0.0504609 -0.0500681 0.0500194 0.0500193 0.0500196 0.0500192
internal_weight=27.2941 10.1693 5.29567 2.32244 2.97323 1.88647 1.08677 4.87362 17.1249 3.12602 4.67277 0.848978 4.54181 1.32482 1.91851 0.40393 1.72346 1.85663 0.333927 3.21698 1.96423 0.200849 0.0700026 0.167139 0.0348314 0.132308 13.9988 13.1706 2.15434 11.0163
internal_count=47500 47016 25988 20401 5587 1934 3653 21028 484 64 13632 3648 13573 13074 15564 4837 1824 15562 1037 499 47 7396 3800 7288 88 7200 420 397 64 333
is_linear=0
shrinkage=0.05


Tree=146
num_leaves=21
num_cat=0
split_feature=37 33 40 16 33 10 27 39 33 0 12 29 33 32 46 31 0 27 6 15
split_gain=3.4361 1.14994 1.28732 0.801861 1.20819 0.919285 0.688008 0.522619 0.357658 0.0110612 0.00568664 0.000852238 2.0083e-05 9.54973e-10 9.79394e-11 1.03217e-10 9.3916e-12 7.94409e-12 4.74287e-13 1.59872e-14
threshold=2.5000000000000004 0.07690000000000001 1.4350000000000003 0.44865000000000005 1.8834500000000001 276.68000000000006 1181.2050000000002 1.0000000180025095e-35 0.23965000000000003 228.72500000000005 2582.3750000000005 0.097650000000000015 0.25685000000000008 1.5000000000000002 1.2650000000000003 1.5000000000000002 10278.095000000003 5306.5950000000012 5.5000000000000009 1.8153500000000002
decision_type=2 2 2 2 2 2 2 2 2 2 2 2 2 2 2 2 2 2 2 2
left_child=1 11 3 4 5 -3 8 -6 -4 -8 -11 -1 -10 -2 16 -16 18 -17 19 -15
right_child=13 2 6 -5 7 -7 9 -9 12 10 -12 -13 -14 14 15 17 -18 -19 -20 -21
leaf_value=0.047721249872442889 0.050020134458381438 0.014381814238079084 0.047331973623163964 0.042568003059298032 0.0054000802622067336 -0.047966928358571435 -0.065921387606837495 0.038144358536627135 -0.051575047644796701 -0.050706050479417536 -0.060671044358814409 0.050020078907055489 -0.050098726616039646 0.050018289846549907 0.050019155010400856 0.050018290345398647 0.050018120877771015 0.050018532419316787 0.050018333954987206 0.050018281446192248
leaf_weight=0.57358419791853776 0.78782249428331752 1.0155166898039154 0.3158964466128954 2.006825469317846 2.5202187924678583 1.4149206626962039 0.18355274091027218 2.3594015269327429 0.029649048539795331 0.78446499687811411 0.17512772794225384 1.3569898062996797 0.1032792246498957 8.345575738698237 0.68802602961659376 0.72435058653354623 0.87266146019101221 0.63693545013666153 0.63137465715408403 0.62960169091820795
leaf_count=27 23 775 16 37 57 569 35 175 4 40230 1514 34 3607 265 21 23 28 20 20 20
internal_value=0.0322234 0.0137673 0.00747244 0.0145724 0.00688679 -0.0219156 -0.0340796 0.0212326 0.0183784 -0.0546758 -0.0525247 0.0493371 -0.050428 0.0500184 0.0500183 0.0500187 0.0500183 0.0500184 0.0500183 0.0500183
internal_weight=26.1558 12.8394 10.9089 9.31688 7.31006 2.43044 1.59197 4.87962 0.448825 1.14315 0.959593 1.93057 0.132928 13.3163 12.5285 2.04931 10.4792 1.36129 9.60655 8.97518
internal_count=47500 47080 47019 1613 1576 1344 45406 232 3627 41779 41744 61 3611 420 397 64 333 43 305 285
is_linear=0
shrinkage=0.05


Tree=147
num_leaves=22
num_cat=0
split_feature=37 33 40 8 8 10 27 33 16 33 0 12 29 33 32 46 31 0 27 6 15
split_gain=3.35909 1.10564 1.20545 0.794248 1.26066 0.945754 0.65136 0.44134 1.14 0.338894 0.0092857 0.00484379 0.000980092 1.72474e-05 8.20839e-10 8.43503e-11 8.90834e-11 8.20322e-12 6.89337e-12 3.83693e-13 1.77636e-14
threshold=2.5000000000000004 0.07690000000000001 1.4350000000000003 30.405000000000005 1.0000000180025095e-35 276.68000000000006 1181.2050000000002 1.9193000000000002 0.15540000000000001 0.23965000000000003 228.72500000000005 2582.3750000000005 0.097650000000000015 0.25685000000000008 1.5000000000000002 1.2650000000000003 1.5000000000000002 10278.095000000003 5306.5950000000012 5.5000000000000009 1.8153500000000002
decision_type=2 2 2 2 2 2 2 2 2 2 2 2 2 2 2 2 2 2 2 2 2
left_child=1 12 3 4 -3 -6 9 8 -5 -4 -8 -12 -1 -11 -2 17 -17 19 -18 20 -16
right_child=14 2 6 7 5 -7 10 -9 -10 13 11 -13 -14 -15 15 16 18 -19 -20 -21 -22
leaf_value=0.047494706903578349 0.050019152021624803 0.047551179466374771 0.047071649539718742 -0.025766915103397653 0.013270689675224163 -0.03822250970730285 -0.064906272896564074 0.045407844428024945 0.045107524754259644 -0.051495873327832155 -0.050675971319977788 -0.060067767296407684 0.050018227287885089 -0.050093934573373237 0.050017398756197685 0.050018222250627659 0.050017398343365597 0.050017236717774666 0.050017629546036314 0.050017439485231109 0.050017390006985046
leaf_weight=0.54814835815341467 0.74941427819430728 1.0615805045745199 0.30211074370890756 1.0120048061653508 1.6549714294906155 1.9334327448705151 0.17726174738936584 2.165824886997143 1.2913604430796111 0.028245313897969027 0.74663795993433268 0.16821722424447216 1.2908552261433213 0.098251398038883053 7.9386954456567711 0.65448251180350681 0.68903556279838063 0.83011555299162942 0.60588240437209606 0.60059262439608652 0.59890604764223088
leaf_count=27 23 14 16 191 909 440 35 38 21 4 40230 1514 34 3607 265 21 23 28 20 20 20
internal_value=0.0318793 0.0134675 0.00728003 0.0141527 -0.000313686 -0.0144739 -0.0339324 0.0292042 0.0139682 0.0183024 -0.0544323 -0.0524029 0.049266 -0.050407 0.0500175 0.0500174 0.0500177 0.0500174 0.0500175 0.0500174 0.0500174
internal_weight=25.146 12.4789 10.6399 9.11917 4.64998 3.5884 1.52072 4.46919 2.30337 0.428607 1.09212 0.914855 1.839 0.126497 12.6671 11.9177 1.9494 9.96831 1.29492 9.13819 8.5376
internal_count=47500 47080 47019 1613 1363 1349 45406 250 212 3627 41779 41744 61 3611 420 397 64 333 43 305 285
is_linear=0
shrinkage=0.05


Tree=148
num_leaves=28
num_cat=0
split_feature=37 11 26 43 25 27 0 7 32 15 46 33 45 6 0 1 0 28 14 40 26 29 8 20 34 46 31
split_gain=3.28523 0.960772 1.07772 0.6311 0.519001 0.517906 0.44057 0.428723 0.385744 0.366269 0.356204 0.348552 0.220344 0.498292 0.185575 0.181869 0.175907 0.133189 0.0890909 0.0714359 1.40147e-05 1.32613e-05 2.72334e-06 1.71002e-06 3.65701e-07 3.58341e-07 5.24273e-09
threshold=1.5000000000000002 1633.1800000000003 7.5000000000000009 2.5000000000000004 45.995000000000012 5575.9600000000009 228.72500000000005 1.5000000000000002 1.0000000180025095e-35 8.6448500000000017 1.8250000000000004 7.0453500000000009 1.0000000180025095e-35 4.5000000000000009 56.430000000000007 8.5888000000000009 4437.9300000000012 694.85500000000013 0.12616900000000003 2.0250000000000004 57.500000000000007 0.35855000000000004 14.725000000000003 393.54500000000007 2.5000000000000004 1.0950000000000004 1.5000000000000002
decision_type=2 2 2 2 2 2 2 2 2 2 2 2 2 2 2 2 2 2 2 2 2 2 2 2 2 2 2
left_child=1 7 4 14 6 15 -3 9 -2 12 20 -8 13 -1 -4 -6 22 -16 -14 -18 24 23 -5 25 -10 -9 -26
right_child=8 2 3 16 5 -7 11 21 10 -11 -12 -13 18 -15 17 -17 19 -19 -20 -21 -22 -23 -24 -25 26 -27 -28
leaf_value=0.033636665929505878 0.0080495181040691685 0.050024097631371313 0.045112503428033822 -0.050809059251400279 0.0052262987323137043 -0.059005704307398044 -0.052025986640111058 -0.050183616489408292 0.050043401403058546 -0.057060137765222819 0.01925903825373879 0.023792801241710279 0.048248961378211788 -0.02045810485922353 0.0023623753858635632 0.047262801575577155 0.050040337588977704 -0.052701829035553996 0.0091439068258848174 -0.050017272036511545 0.0497662968331909 -0.051311413656533314 -0.050043868470629041 -0.050663977931328999 0.050019713303728654 -0.050020771577132674 0.05001660942526736
leaf_weight=1.8286199558479004 0.6368216834962358 0.20535169169306788 0.054123403970152473 0.015704592662132089 0.32381078714411149 0.148631479479718 0.58052245307339945 0.060484390987994519 1.4921258036047191 0.12196953947568534 1.0138353554175399 0.20515274042827514 1.5479672885044236 0.55489065349411237 0.11791563324686638 1.2527407962816139 0.27160504087805748 1.5989155523291172 0.16077651452269481 0.01909236734991282 0.56805767747573632 0.029175021960327285 0.044794291232847172 0.014482011866221001 1.5850334037095297 0.076521945650256384 9.6024922858923656
leaf_count=6282 13 5 2 4 1673 110 3583 304 28 59 36 65 121 6983 1189 151 4 14373 187 1033 21 108 3796 20 50 6964 336
internal_value=0.0315998 0.0081655 -0.00720641 -0.0339038 0.013652 0.0302172 -0.0151848 0.0250885 0.0461232 0.0283219 0.0478233 -0.0322285 0.0308668 0.0210432 -0.0460461 0.0386288 0.0273256 -0.0489199 0.0445695 0.0434688 0.0500093 -0.0503353 -0.0502425 -0.0501473 0.0500202 -0.0500927 0.050017
internal_weight=24.1316 9.23325 4.83836 2.12215 2.71621 1.72518 0.991027 4.39489 14.8984 4.21422 14.2615 0.785675 4.09225 2.38351 1.77095 1.57655 0.351196 1.71683 1.70874 0.290697 13.2477 0.180663 0.0604989 0.151488 12.6797 0.137006 11.1875
internal_count=47500 47016 25988 20401 5587 1934 3653 21028 484 13632 471 3648 13573 13265 15564 1824 4837 15562 308 1037 435 7396 3800 7288 414 7268 386
is_linear=0
shrinkage=0.05


Tree=149
num_leaves=26
num_cat=0
split_feature=37 0 40 0 37 39 11 23 2 12 37 37 38 40 8 45 25 26 32 46 31 3 0 6 31
split_gain=3.1845 1.03334 1.39547 0.948608 0.806054 0.825322 0.234345 0.0081857 0.0118783 0.00448556 0.00129356 0.00070277 0.00053363 0.000171542 1.32683e-05 2.3646e-06 1.0951e-08 9.12858e-10 8.47217e-10 1.14701e-10 6.6845e-11 1.76614e-11 5.90461e-12 3.41061e-13 1.24345e-14
threshold=2.5000000000000004 228.72500000000005 1.4350000000000003 2699.9150000000004 1.5000000000000002 1.0000000180025095e-35 1445.8150000000003 1.0000000180025095e-35 9.5000000000000018 2582.3750000000005 1.5000000000000002 1.5000000000000002 2.5000000000000004 2.0250000000000004 1.0000000180025095e-35 1.5000000000000002 41.435000000000009 1.0000000180025095e-35 1.5000000000000002 1.2650000000000003 1.5000000000000002 3.5000000000000004 10278.095000000003 5.5000000000000009 2.5000000000000004
decision_type=2 2 2 2 2 2 2 2 2 2 2 2 2 2 2 2 2 2 2 2 2 2 2 2 2
left_child=1 6 3 10 5 -5 7 8 -1 12 14 17 15 -14 -3 -4 -9 -11 -2 22 -21 -22 23 24 -20
right_child=18 2 9 4 -6 -7 -8 16 -10 11 -12 -13 13 -15 -16 -17 -18 -19 19 20 21 -23 -24 -25 -26
leaf_value=0.05001991928779459 0.050017612933529493 -0.051364621388944404 -0.050060961846416979 -0.0084733806810040162 0.050046975051169562 0.028283079350347209 0.010018740043414858 0.050024540870544781 0.035755404210307061 -0.050050109556058681 -0.055224661852225167 -0.060826007358651096 -0.0549814988466161 -0.050535521792826603 -0.05019037335008511 -0.050454474631738161 0.050015945701755542 -0.050005140060877765 0.050015747052701155 0.050016602193464869 0.050016157969565878 0.050015770344068081 0.050015597030835815 0.05001578167196527 0.050015740154591676
leaf_weight=0.2987046981152196 0.68821259588003059 0.02658950048498443 0.64072658028123974 3.3312519084574888 1.4304425083100794 2.8200388801269582 0.50114188773727608 0.64961809478700139 0.28536743978929735 0.0012170461886853437 0.25573958456516266 0.14630518853664398 0.082394257187843323 0.029450707583919211 0.25255235873464699 0.040593620233266847 0.86274509358690921 0.015513712337906327 0.67791681922971836 0.5965118333697309 0.55496163107454755 0.62459849752485752 0.75117701850831586 0.54345589876174916 7.0475338995456696
leaf_count=12 23 3 43682 194 22 370 23 16 33 17 3 1 1 94 1010 9 31 1559 25 21 20 23 28 20 260
internal_value=0.0313237 0.0129295 0.00496861 0.0116991 0.0162393 0.0083775 0.0407354 0.048078 0.0430505 -0.0521625 -0.0526558 -0.0597159 -0.0506099 -0.0538108 -0.0503022 -0.0500844 0.0500196 -0.0500084 0.0500159 0.0500158 0.0500162 0.050016 0.0500157 0.0500157 0.0500157
internal_weight=23.1548 11.6704 9.07282 8.11661 7.58173 6.15129 2.59758 2.09644 0.584072 0.956201 0.534881 0.163036 0.793165 0.111845 0.279142 0.68132 1.51236 0.0167308 11.4844 10.7962 1.77607 1.17956 9.02008 8.26891 7.72545
internal_count=47500 47080 46965 1602 586 564 115 92 45 45363 1016 1577 43786 95 1013 43691 47 1576 420 397 64 43 333 305 285
is_linear=0
shrinkage=0.05


end of trees

feature_importances:
pi_age_days=423
amount=416
device_age_days=406
cust_age_days=382
amount_to_merchant_mean_ratio=353
device_velocity_count_24h=213
merchant_velocity_txn_count_24h=162
merchant_velocity_txn_count_7d=140
cust_amount_zscore=136
velocity_amount_sum_24h=133
merchant_amount_mean_prev=129
cust_amount_mean_prev=127
merchant_age_days=124
pi_velocity_count_24h=104
merchant_category_idx=98
cust_amount_to_mean_ratio=68
cust_amount_sum_prev=66
velocity_amount_sum_7d=64
hour_of_day=59
merchant_txn_count_prev=55
merchant_decline_rate_prev=53
device_txn_count_prev=47
merchant_amount_std_prev=45
cust_txn_count_prev=43
cust_amount_std_prev=41
pi_type_idx=40
cust_decline_rate_prev=31
cust_days_since_last_txn=28
device_velocity_count_7d=26
amount_log=23
device_is_new_for_cust=19
day_of_week=15
device_distinct_cust_prev=15
velocity_txn_count_7d=13
cust_amount_max_prev=7
velocity_amount_sum_1h=6
velocity_txn_count_24h=5
pi_txn_count_prev=5
velocity_txn_count_1h=4
pi_distinct_merchants_prev=4
cust_is_first_txn=2
is_weekend=1

parameters:
[boosting: gbdt]
[objective: binary]
[metric: binary_logloss]
[tree_learner: serial]
[device_type: cpu]
[data_sample_strategy: bagging]
[data: ]
[valid: ]
[num_iterations: 150]
[learning_rate: 0.05]
[num_leaves: 31]
[num_threads: 16]
[seed: 42]
[deterministic: 0]
[force_col_wise: 0]
[force_row_wise: 0]
[histogram_pool_size: -1]
[max_depth: 6]
[min_data_in_leaf: 20]
[min_sum_hessian_in_leaf: 0.001]
[bagging_fraction: 1]
[pos_bagging_fraction: 1]
[neg_bagging_fraction: 1]
[bagging_freq: 0]
[bagging_seed: 400]
[bagging_by_query: 0]
[feature_fraction: 1]
[feature_fraction_bynode: 1]
[feature_fraction_seed: 30056]
[extra_trees: 0]
[extra_seed: 12879]
[early_stopping_round: 0]
[early_stopping_min_delta: 0]
[first_metric_only: 0]
[max_delta_step: 0]
[lambda_l1: 0]
[lambda_l2: 0]
[linear_lambda: 0]
[min_gain_to_split: 0]
[drop_rate: 0.1]
[max_drop: 50]
[skip_drop: 0.5]
[xgboost_dart_mode: 0]
[uniform_drop: 0]
[drop_seed: 17869]
[top_rate: 0.2]
[other_rate: 0.1]
[min_data_per_group: 100]
[max_cat_threshold: 32]
[cat_l2: 10]
[cat_smooth: 10]
[max_cat_to_onehot: 4]
[top_k: 20]
[monotone_constraints: ]
[monotone_constraints_method: basic]
[monotone_penalty: 0]
[feature_contri: ]
[forcedsplits_filename: ]
[refit_decay_rate: 0.9]
[cegb_tradeoff: 1]
[cegb_penalty_split: 0]
[cegb_penalty_feature_lazy: ]
[cegb_penalty_feature_coupled: ]
[path_smooth: 0]
[interaction_constraints: ]
[verbosity: -1]
[saved_feature_importance_type: 0]
[use_quantized_grad: 0]
[num_grad_quant_bins: 4]
[quant_train_renew_leaf: 0]
[stochastic_rounding: 1]
[linear_tree: 0]
[max_bin: 255]
[max_bin_by_feature: ]
[min_data_in_bin: 3]
[bin_construct_sample_cnt: 200000]
[data_random_seed: 175]
[is_enable_sparse: 1]
[enable_bundle: 1]
[use_missing: 1]
[zero_as_missing: 0]
[feature_pre_filter: 1]
[pre_partition: 0]
[two_round: 0]
[header: 0]
[label_column: ]
[weight_column: ]
[group_column: ]
[ignore_column: ]
[categorical_feature: ]
[forcedbins_filename: ]
[precise_float_parser: 0]
[parser_config_file: ]
[objective_seed: 16083]
[num_class: 1]
[is_unbalance: 0]
[scale_pos_weight: 86.156]
[sigmoid: 1]
[boost_from_average: 1]
[reg_sqrt: 0]
[alpha: 0.9]
[fair_c: 1]
[poisson_max_delta_step: 0.7]
[tweedie_variance_power: 1.5]
[lambdarank_truncation_level: 30]
[lambdarank_norm: 1]
[label_gain: ]
[lambdarank_position_bias_regularization: 0]
[eval_at: ]
[multi_error_top_k: 1]
[auc_mu_weights: ]
[num_machines: 1]
[local_listen_port: 12400]
[time_out: 120]
[machine_list_filename: ]
[machines: ]
[gpu_platform_id: -1]
[gpu_device_id: -1]
[gpu_device_id_list: ]
[gpu_use_dp: 0]
[num_gpu: 1]

end of parameters

pandas_categorical:[]
