id,name,category,created_at,typical_order_value,typical_order_value_std,expected_daily_transactions,tier
1,HealthFirst_0001,health,2025-03-17 10:37:33,2086.27,729.89,15,medium
2,FoodDash_0001,food_delivery,2025-02-23 03:36:40,480.54,133.15,56,large
3,InteriorCo_0001,home,2025-02-15 00:32:19,5434.19,2891.94,1,small
4,DataFlow_0001,digital_services,2025-01-22 13:34:56,481.26,321.84,8,small
5,TrendSet_0001,fashion,2025-02-02 01:44:20,1641.28,1652.53,19,medium
6,PlayBox_0001,entertainment,2025-02-13 06:23:38,749.69,470.49,22,medium
7,WellnessHub_0002,health,2025-01-29 04:51:03,1461.11,1064.54,7,medium
8,PharmEasy_0003,health,2025-01-06 04:52:03,1778.84,766.29,2,small
9,FashionVault_0002,fashion,2025-01-14 00:22:11,2792.46,1214.21,4,small
10,MealBox_0002,food_delivery,2025-02-10 23:35:55,329.32,176.12,56,medium
11,QuickEats_0003,food_delivery,2025-01-21 06:32:56,461.65,113.84,15,small
12,JoyRide_0002,entertainment,2025-01-15 15:02:08,854.98,628.38,4,small
13,StreamLine_0002,digital_services,2025-01-23 01:12:30,298.21,240.19,20,medium
14,VitalCare_0004,health,2025-01-03 23:05:33,2021.01,456.65,10,medium
15,TastyTrail_0004,food_delivery,2025-02-01 22:41:17,535.55,200.29,190,large
16,DailyNeeds_0001,grocery,2025-01-25 18:36:53,477.61,237.86,17,small
17,EduVerse_0001,education,2025-01-05 08:45:01,3575.91,2551.64,1,small
18,GadgetHub_0001,electronics,2025-01-13 15:33:52,8620.94,3083.25,32,large
19,CureQuick_0005,health,2025-01-05 23:02:36,2618.35,1096.79,2,small
20,AppForge_0003,digital_services,2025-01-31 16:23:00,271.97,198.93,13,small
21,LifePulse_0006,health,2025-01-16 17:19:46,1491.24,925.83,4,small
22,SpiceRoute_0005,food_delivery,2025-01-09 17:58:13,538.94,192.02,43,medium
23,GameVerse_0003,entertainment,2025-02-24 09:34:46,810.74,437.24,49,large
24,DecorVault_0002,home,2025-02-07 18:45:56,4870.69,3111.17,16,medium
25,DocConnect_0007,health,2025-01-22 00:55:14,1931.65,1230.23,8,medium
26,LookBook_0003,fashion,2025-01-23 21:24:35,2389.06,1026.48,5,small
27,ChefDoor_0006,food_delivery,2025-01-21 20:59:02,491.31,201.99,25,small
28,ElectroMart_0002,electronics,2025-01-25 09:44:43,10213.58,4941.8,2,small
29,WearHouse_0004,fashion,2025-01-14 01:19:56,2834.81,855.13,6,small
30,NetPulse_0004,digital_services,2025-02-25 14:15:28,410.79,266.14,10,small
31,SaaSPoint_0005,digital_services,2025-02-02 20:28:11,610.99,230.79,7,small
32,ShowTime_0004,entertainment,2025-01-18 02:13:48,814.63,481.36,7,small
33,GreenBasket_0002,grocery,2025-01-24 06:19:18,1010.77,379.35,31,medium
34,HungryOwl_0007,food_delivery,2025-01-19 09:00:50,372.21,186.99,35,medium
35,DineExpress_0008,food_delivery,2025-01-10 07:37:59,478.05,218.08,12,small
36,ThreadBarn_0005,fashion,2025-02-14 13:04:27,2914.58,1023.49,4,small
37,UrbanStitch_0006,fashion,2025-01-02 17:40:04,2430.1,1414.09,20,medium
38,CraveTown_0009,food_delivery,2025-01-10 16:23:46,475.71,242.04,40,medium
39,QuickGrocery_0003,grocery,2025-02-14 16:24:20,746.4,413.33,58,medium
40,CodeBridge_0006,digital_services,2025-02-15 04:56:43,349.84,245.57,11,small
41,BiteBuddy_0010,food_delivery,2025-01-20 00:32:09,290.92,219.68,65,medium
42,FurniWorld_0003,home,2025-01-10 15:50:49,3981.26,2741.89,2,small
43,DigitalNex_0007,digital_services,2025-01-10 03:56:13,453.06,270.45,7,small
44,PantryPlus_0004,grocery,2025-01-22 06:46:45,572.54,331.03,10,small
45,HouseJoy_0004,home,2025-01-07 07:04:52,6186.72,2763.49,3,small
46,FitPath_0008,health,2025-01-27 15:32:37,1626.94,882.08,1,small
47,FoodDash_0011,food_delivery,2025-02-02 19:41:28,355.72,151.72,15,small
48,NatureFresh_0005,grocery,2025-01-21 00:49:22,763.0,224.93,33,medium
49,PlatformX_0008,digital_services,2025-01-27 10:14:56,376.98,284.14,11,small
50,ModaFit_0007,fashion,2025-02-05 01:27:08,2039.12,1188.6,6,small
51,ClosetBox_0008,fashion,2025-01-22 22:22:05,2364.84,1017.58,4,small
52,DigitalWorld_0003,electronics,2025-01-22 04:39:53,7506.94,4336.39,2,small
53,HealZone_0009,health,2025-03-02 06:02:27,1389.85,1035.03,3,small
54,ByteShift_0009,digital_services,2025-01-29 16:51:54,549.02,349.88,10,small
55,CloudSync_0010,digital_services,2025-02-05 19:11:37,472.71,356.0,6,small
56,MediCare_0010,health,2025-01-28 05:02:41,1403.84,360.94,11,medium
57,MealBox_0012,food_delivery,2025-01-25 00:20:42,400.71,215.91,61,large
58,SkillCraft_0002,education,2025-01-25 00:02:54,3014.62,2735.13,2,small
59,FabricLane_0009,fashion,2025-02-03 21:57:36,2347.33,1066.31,14,medium
60,StyleStreet_0010,fashion,2025-01-05 21:30:28,2414.26,1428.67,46,large
61,DataFlow_0011,digital_services,2025-02-14 18:19:38,426.74,272.52,107,large
62,QuickEats_0013,food_delivery,2025-01-22 04:37:36,388.72,192.88,44,medium
63,ClassBridge_0003,education,2025-01-04 05:44:01,3422.48,1995.36,13,large
64,HealthFirst_0011,health,2025-01-08 13:50:16,1956.22,1192.83,16,large
65,StreamLine_0012,digital_services,2025-01-09 01:38:55,533.2,364.99,35,medium
66,StudyNest_0004,education,2025-01-05 05:17:45,3187.5,2028.25,3,small
67,BrainWorks_0005,education,2025-01-23 05:03:24,3685.84,2547.9,2,small
68,ValueMart_0006,grocery,2025-01-29 19:52:59,536.32,379.59,13,small
69,ByteStore_0004,electronics,2025-01-15 13:54:18,8740.99,4088.79,3,small
70,TastyTrail_0014,food_delivery,2025-01-15 06:28:47,412.54,251.26,11,small
71,StaplePick_0007,grocery,2025-01-07 16:48:05,766.44,436.34,10,small
72,SpiceRoute_0015,food_delivery,2025-01-31 07:55:52,549.66,218.76,36,medium
73,LivingSpace_0005,home,2025-02-17 02:55:28,4163.26,3679.66,12,medium
74,FarmDirect_0008,grocery,2025-01-14 16:46:07,538.91,340.25,42,medium
75,CircuitCity_0005,electronics,2025-01-13 16:51:55,7890.87,5886.24,2,small
76,GroceHub_0009,grocery,2025-02-05 16:11:11,643.51,433.36,10,small
77,FreshMart_0010,grocery,2025-01-24 11:09:03,755.78,233.26,34,medium
78,AppForge_0013,digital_services,2025-01-11 21:57:05,594.42,394.21,23,medium
79,CourseTrail_0006,education,2025-01-23 17:05:07,2832.63,2783.72,24,large
80,WellnessHub_0012,health,2025-01-05 21:18:45,1719.43,1175.28,30,large
81,NetPulse_0014,digital_services,2025-01-15 11:04:04,323.11,221.93,90,large
82,ChefDoor_0016,food_delivery,2025-01-16 03:03:28,338.19,188.11,8,small
83,PharmEasy_0013,health,2025-01-28 02:13:28,2291.98,1433.03,2,small
84,TrendSet_0011,fashion,2025-02-12 00:03:40,2292.43,969.5,4,small
85,MegaPixel_0006,electronics,2025-01-30 11:02:56,10664.16,3626.65,7,medium
86,FashionVault_0012,fashion,2025-01-20 21:24:04,1860.69,1475.09,1,large
87,SaaSPoint_0015,digital_services,2025-01-24 03:18:11,460.15,297.25,7,small
88,HungryOwl_0017,food_delivery,2025-01-12 12:56:59,501.81,248.08,28,medium
89,LookBook_0013,fashion,2025-02-01 13:39:01,2953.66,858.42,6,small
90,TripWise_0001,travel,2025-02-21 19:25:35,12359.59,7194.08,1,small
91,WearHouse_0014,fashion,2025-01-22 05:40:47,2187.94,1250.02,3,small
92,CodeBridge_0016,digital_services,2025-02-02 03:30:21,478.95,253.76,5,small
93,DineExpress_0018,food_delivery,2025-01-12 10:14:34,400.96,154.0,131,large
94,CraveTown_0019,food_delivery,2025-02-01 14:49:08,475.95,204.83,23,small
95,DailyNeeds_0011,grocery,2025-02-07 23:47:37,417.9,382.85,40,medium
96,DigitalNex_0017,digital_services,2025-01-31 11:13:27,573.41,342.99,28,medium
97,BiteBuddy_0020,food_delivery,2025-02-13 13:06:59,460.36,170.24,17,small
98,ThreadBarn_0015,fashion,2025-02-07 13:03:06,1523.6,1386.44,4,small
99,UrbanStitch_0016,fashion,2025-01-31 23:56:39,2024.66,1144.19,14,medium
100,TicketBay_0005,entertainment,2025-01-26 03:49:44,994.6,823.35,8,small
101,WallCraft_0006,home,2025-01-25 21:03:42,3991.21,3377.87,36,large
102,PlatformX_0018,digital_services,2025-01-15 08:26:14,416.74,224.35,8,small
103,GreenBasket_0012,grocery,2025-01-03 08:40:57,734.81,237.17,31,medium
104,EventPulse_0006,entertainment,2025-02-06 17:05:06,885.9,504.17,28,medium
105,VitalCare_0014,health,2025-02-04 18:12:04,1376.59,1470.43,1,small
106,ByteShift_0019,digital_services,2025-02-07 17:34:14,317.38,296.47,5,small
107,FoodDash_0021,food_delivery,2025-02-24 10:48:25,447.67,197.05,141,large
108,QuickGrocery_0013,grocery,2025-01-20 03:44:36,561.55,380.29,10,small
109,ModaFit_0017,fashion,2025-01-30 00:51:09,2597.32,1156.71,3,small
110,CozyCorner_0007,home,2025-01-30 01:25:13,2981.06,2896.73,1,small
111,MealBox_0022,food_delivery,2025-01-05 09:45:17,369.0,221.1,7,small
112,PantryPlus_0014,grocery,2025-02-13 13:22:42,798.28,361.18,39,medium
113,NatureFresh_0015,grocery,2025-01-13 20:34:56,541.35,403.51,39,medium
114,AcadEdge_0007,education,2025-01-21 19:20:19,2985.43,2599.91,1,small
115,ClosetBox_0018,fashion,2025-01-07 23:37:58,1611.28,931.16,16,medium
116,RoomStyle_0008,home,2025-01-09 08:17:17,4497.07,3629.39,2,small
117,CureQuick_0015,health,2025-01-26 00:42:39,1972.4,977.23,2,small
118,CloudSync_0020,digital_services,2025-02-06 03:15:36,534.68,296.04,24,medium
119,QuickEats_0023,food_delivery,2025-01-03 22:40:26,452.52,194.82,143,large
120,DataFlow_0021,digital_services,2025-01-14 07:04:02,462.87,221.7,9,small
121,MentorLab_0008,education,2025-01-15 13:22:42,2897.96,1989.84,2,small
122,StreamLine_0022,digital_services,2025-02-06 09:59:59,566.06,311.14,25,medium
123,FabricLane_0019,fashion,2025-01-23 07:02:27,1994.32,1352.6,4,medium
124,TastyTrail_0024,food_delivery,2025-01-15 12:40:44,497.84,125.04,8,small
125,PowerTech_0007,electronics,2025-01-15 09:04:52,7882.88,5736.1,3,small
126,SkyRoute_0002,travel,2025-01-30 09:48:31,13695.57,8570.47,2,medium
127,ValueMart_0016,grocery,2025-01-15 07:17:05,666.46,311.55,9,small
128,StyleStreet_0020,fashion,2025-02-20 16:12:18,2255.73,1086.93,5,small
129,TrendSet_0021,fashion,2025-02-14 04:45:14,1503.06,1218.0,3,small
130,KnowPath_0009,education,2025-01-30 09:08:26,3192.77,2652.31,1,small
131,FashionVault_0022,fashion,2025-02-05 17:55:35,2259.12,1149.04,3,small
132,MediaWave_0007,entertainment,2025-01-28 15:51:23,729.41,484.54,46,large
133,LearnHub_0010,education,2025-02-08 21:47:14,3505.32,2360.91,8,medium
134,StaplePick_0017,grocery,2025-01-19 09:09:41,816.93,379.07,35,medium
135,EduVerse_0011,education,2025-03-05 17:20:10,3609.4,1986.59,26,large
136,SmartBuy_0008,electronics,2025-02-26 02:46:10,8115.91,3002.56,2,small
137,StarStream_0008,entertainment,2025-01-01 15:38:30,724.16,464.45,4,small
138,SpiceRoute_0025,food_delivery,2025-01-10 16:06:50,627.55,173.5,56,large
139,LifePulse_0016,health,2025-01-29 02:52:45,1320.02,1151.86,5,small
140,LookBook_0023,fashion,2025-02-07 03:43:50,1954.55,1506.95,18,medium
141,ChefDoor_0026,food_delivery,2025-01-10 21:49:31,438.63,189.58,52,medium
142,WanderBook_0003,travel,2025-02-10 05:43:33,14105.89,8635.67,1,small
143,AmusePark_0009,entertainment,2025-01-14 23:12:47,773.87,698.13,6,small
144,SkillCraft_0012,education,2025-01-26 23:00:22,4151.99,2769.94,3,small
145,HungryOwl_0027,food_delivery,2025-01-26 09:33:00,456.52,235.9,18,small
146,FarmDirect_0018,grocery,2025-01-12 00:29:17,677.71,301.44,13,small
147,GroceHub_0019,grocery,2025-01-29 14:11:18,642.96,328.42,21,small
148,FlyEasy_0004,travel,2025-01-14 10:29:34,8306.28,9533.62,3,medium
149,DineExpress_0028,food_delivery,2025-01-08 21:25:36,457.87,302.74,106,large
150,ChipNex_0009,electronics,2025-01-02 23:11:38,7631.35,3985.99,5,medium
151,DocConnect_0017,health,2025-02-06 21:01:10,2065.22,893.09,4,small
152,BuildMart_0009,home,2025-01-28 20:24:31,3303.73,1915.9,2,small
153,WearHouse_0024,fashion,2025-01-26 22:34:32,1635.34,1564.38,2,small
154,ClassBridge_0013,education,2025-01-10 11:00:15,2721.73,2706.81,2,small
155,ThreadBarn_0025,fashion,2025-01-16 23:36:49,1653.38,1689.59,31,large
156,AppForge_0023,digital_services,2025-01-29 14:47:50,482.34,287.45,10,small
157,FreshMart_0020,grocery,2025-01-15 15:51:55,698.55,292.12,10,small
158,NetPulse_0024,digital_services,2025-02-19 09:07:30,479.58,344.94,19,medium
159,SaaSPoint_0025,digital_services,2025-02-05 09:47:22,681.63,254.45,8,small
160,FitPath_0018,health,2025-01-23 19:57:01,1452.0,740.37,2,small
161,UrbanStitch_0026,fashion,2025-01-28 20:22:33,1850.61,1100.58,3,small
162,HomeNest_0010,home,2025-02-10 21:44:02,5126.0,2530.21,7,medium
163,DailyNeeds_0021,grocery,2025-02-23 00:32:55,608.74,419.5,42,medium
164,TechZone_0010,electronics,2025-02-19 17:35:55,8380.37,2853.56,1,small
165,StudyNest_0014,education,2025-01-08 23:11:26,2541.19,3153.43,34,large
166,CraveTown_0029,food_delivery,2025-01-13 08:35:51,398.3,177.43,112,large
167,HealZone_0019,health,2025-01-08 15:03:47,1534.24,1092.06,10,medium
168,MediCare_0020,health,2025-02-05 14:12:54,2424.35,1250.07,5,small
169,GreenBasket_0022,grocery,2025-02-14 21:59:12,720.49,320.41,14,small
170,FunZone_0010,entertainment,2025-01-14 21:17:04,747.68,663.03,67,large
171,QuickGrocery_0023,grocery,2025-01-18 04:24:56,677.55,358.9,18,small
172,TravelNest_0005,travel,2025-01-14 11:55:31,8559.0,10941.26,4,medium
173,PantryPlus_0024,grocery,2025-01-09 05:38:22,502.35,297.35,20,medium
174,PlayBox_0011,entertainment,2025-03-04 19:19:00,898.05,396.17,6,small
175,ModaFit_0027,fashion,2025-01-22 05:02:36,2608.32,1038.72,13,medium
176,GadgetHub_0011,electronics,2025-02-03 22:33:06,6935.96,3689.31,42,large
177,BiteBuddy_0030,food_delivery,2025-03-01 23:19:30,496.68,189.41,40,medium
178,JoyRide_0012,entertainment,2025-02-25 02:45:54,793.6,513.01,5,small
179,InteriorCo_0011,home,2025-01-06 08:45:52,4977.05,2427.93,21,large
180,CodeBridge_0026,digital_services,2025-01-21 08:59:33,533.32,229.88,36,medium
181,DecorVault_0012,home,2025-01-30 11:02:04,4487.15,1903.25,10,medium
182,FurniWorld_0013,home,2025-02-20 12:08:04,2983.37,3416.02,9,medium
183,VoyagePlan_0006,travel,2025-01-26 00:40:30,16442.6,9714.1,3,medium
184,NatureFresh_0025,grocery,2025-01-07 17:21:44,437.82,297.14,7,small
185,HealthFirst_0021,health,2025-01-20 12:22:15,2347.72,997.94,4,small
186,DigitalNex_0027,digital_services,2025-01-01 18:28:11,474.35,289.22,8,small
187,FoodDash_0031,food_delivery,2025-01-31 11:56:58,516.39,212.46,34,medium
188,ClosetBox_0028,fashion,2025-02-05 15:28:40,2784.11,1129.72,12,medium
189,PlatformX_0028,digital_services,2025-01-23 02:28:42,245.34,338.06,30,medium
190,ValueMart_0026,grocery,2025-02-13 18:13:19,660.49,321.8,9,small
191,GameVerse_0013,entertainment,2025-01-09 09:25:47,744.56,546.32,23,medium
192,StaplePick_0027,grocery,2025-02-02 06:22:05,625.74,416.43,117,large
193,FabricLane_0029,fashion,2025-01-15 05:38:33,2018.48,1247.62,2,small
194,HouseJoy_0014,home,2025-01-15 07:43:16,4709.45,2074.69,6,medium
195,StyleStreet_0030,fashion,2025-01-14 09:15:30,1473.27,1157.97,22,medium
196,TrendSet_0031,fashion,2025-02-02 05:04:17,2157.85,1354.46,25,medium
197,BrainWorks_0015,education,2025-01-26 23:18:58,3803.04,2117.39,2,small
198,LivingSpace_0015,home,2025-01-25 03:43:23,4500.59,2620.26,8,medium
199,FashionVault_0032,fashion,2025-02-06 08:16:12,2554.69,1446.28,22,large
200,FarmDirect_0028,grocery,2025-01-20 17:28:34,564.09,317.52,47,medium
201,WellnessHub_0022,health,2025-01-20 17:06:31,2142.92,1540.39,30,large
202,ShowTime_0014,entertainment,2025-02-21 07:34:03,737.64,558.86,47,large
203,GlobeHopper_0007,travel,2025-01-09 12:37:56,11661.69,7335.94,1,small
204,LookBook_0033,fashion,2025-01-12 06:54:58,2244.36,1156.23,20,medium
205,ElectroMart_0012,electronics,2025-02-19 20:09:42,8506.59,2996.2,2,small
206,GroceHub_0029,grocery,2025-02-09 13:12:53,430.44,265.24,142,large
207,WearHouse_0034,fashion,2025-01-17 15:36:52,2110.96,1421.4,1,small
208,ByteShift_0029,digital_services,2025-01-14 10:04:50,478.18,271.47,11,small
209,ThreadBarn_0035,fashion,2025-01-15 10:54:26,2442.19,1354.14,65,large
210,RouteMaster_0008,travel,2025-02-11 14:30:43,11116.59,10136.13,1,small
211,CloudSync_0030,digital_services,2025-01-20 06:22:04,402.72,345.16,16,medium
212,CourseTrail_0016,education,2025-01-10 21:18:27,3929.57,2550.66,3,small
213,UrbanStitch_0036,fashion,2025-02-08 19:16:34,2178.6,1213.45,51,large
214,PharmEasy_0023,health,2025-01-09 08:59:02,1601.21,858.76,41,large
215,DataFlow_0031,digital_services,2025-01-18 12:21:48,497.36,275.56,8,small
216,StreamLine_0032,digital_services,2025-02-14 18:09:18,643.51,273.42,25,medium
217,ModaFit_0037,fashion,2025-01-29 10:19:04,1585.32,1189.84,5,small
218,ClosetBox_0038,fashion,2025-03-06 23:01:35,2501.03,1225.97,19,medium
219,TicketBay_0015,entertainment,2025-01-21 18:05:42,909.68,611.3,25,medium
220,MealBox_0032,food_delivery,2025-01-20 02:46:48,544.2,193.21,30,medium
221,FreshMart_0030,grocery,2025-01-16 23:36:40,719.69,404.64,17,small
222,QuickEats_0033,food_delivery,2025-02-05 11:50:46,526.88,277.82,17,small
223,AppForge_0033,digital_services,2025-01-24 17:11:23,520.59,216.9,32,medium
224,EventPulse_0016,entertainment,2025-02-02 15:27:38,717.12,521.15,20,medium
225,DailyNeeds_0031,grocery,2025-01-10 16:34:37,699.53,343.19,15,small
226,MediaWave_0017,entertainment,2025-02-07 12:31:53,391.53,519.0,8,small
227,DigitalWorld_0013,electronics,2025-02-01 06:48:47,10744.06,4585.57,3,small
228,AcadEdge_0017,education,2025-01-26 12:14:18,3626.7,2501.43,34,large
229,NetPulse_0034,digital_services,2025-01-15 10:35:00,499.71,253.06,7,small
230,FabricLane_0039,fashion,2025-02-18 16:15:43,1799.62,1326.81,4,small
231,StyleStreet_0040,fashion,2025-02-06 07:00:03,2070.3,1064.0,51,large
232,TastyTrail_0034,food_delivery,2025-01-28 04:58:01,496.83,154.78,9,small
233,StarStream_0018,entertainment,2025-01-06 13:34:02,943.18,362.49,23,medium
234,MentorLab_0018,education,2025-01-27 11:05:21,4712.68,3309.62,3,small
235,AmusePark_0019,entertainment,2025-01-27 08:28:37,906.32,725.19,17,large
236,VitalCare_0024,health,2025-01-14 19:43:38,1660.7,1169.7,10,medium
237,SpiceRoute_0035,food_delivery,2025-01-16 21:25:47,524.39,198.43,155,large
238,CureQuick_0025,health,2025-02-10 09:38:34,1717.6,895.5,3,small
239,ByteStore_0014,electronics,2025-01-22 15:38:01,8825.4,3380.35,10,medium
240,TrendSet_0041,fashion,2025-01-09 13:03:40,2435.16,1463.86,9,medium
241,LifePulse_0026,health,2025-01-22 00:09:30,1290.16,999.16,6,small
242,DocConnect_0027,health,2025-01-08 06:33:14,2179.86,889.11,4,small
243,GreenBasket_0032,grocery,2025-01-18 15:20:26,726.4,254.21,16,small
244,PackNGo_0009,travel,2025-03-12 22:08:57,11598.18,7854.91,15,large
245,KnowPath_0019,education,2025-01-24 20:50:22,4358.41,2122.41,4,medium
246,WallCraft_0016,home,2025-02-01 06:34:04,4790.66,1773.81,9,medium
247,LearnHub_0020,education,2025-01-24 22:11:52,4390.16,2789.55,13,medium
248,ChefDoor_0036,food_delivery,2025-01-08 02:48:31,487.22,296.41,41,medium
249,HungryOwl_0037,food_delivery,2025-01-24 11:18:59,473.89,182.48,19,small
250,DineExpress_0038,food_delivery,2025-01-21 22:24:15,446.31,268.75,12,small
251,SaaSPoint_0035,digital_services,2025-02-18 07:16:03,626.64,335.59,29,medium
252,CozyCorner_0017,home,2025-01-16 17:24:08,4988.2,3156.76,3,small
253,CraveTown_0039,food_delivery,2025-02-12 18:40:04,437.59,171.94,134,large
254,QuickGrocery_0033,grocery,2025-01-12 23:48:51,473.27,408.94,25,medium
255,PantryPlus_0034,grocery,2025-01-30 22:50:54,627.15,395.36,15,small
256,CodeBridge_0036,digital_services,2025-01-08 10:14:48,340.28,294.49,34,medium
257,FitPath_0028,health,2025-02-02 10:37:32,1815.6,1268.81,2,small
258,FashionVault_0042,fashion,2025-01-12 16:06:29,1462.35,1394.48,37,large
259,CircuitCity_0015,electronics,2025-01-04 09:15:38,6389.75,3873.19,32,large
260,EduVerse_0021,education,2025-01-11 18:07:51,2552.56,3668.0,22,large
261,LookBook_0043,fashion,2025-01-31 00:59:05,2231.32,907.41,4,small
262,HealZone_0029,health,2025-01-24 11:05:35,1759.88,702.1,6,small
263,NatureFresh_0035,grocery,2025-01-05 07:21:02,597.99,315.39,15,small
264,WearHouse_0044,fashion,2025-01-30 06:26:51,2853.13,1470.34,2,small
265,FunZone_0020,entertainment,2025-01-23 03:07:42,832.09,311.86,7,small
266,ThreadBarn_0045,fashion,2025-01-12 06:02:29,1611.33,1007.23,4,small
267,ValueMart_0036,grocery,2025-01-16 12:18:18,696.73,331.73,174,large
268,UrbanStitch_0046,fashion,2025-01-25 12:35:43,2460.37,1354.73,2,small
269,ModaFit_0047,fashion,2025-01-22 08:55:37,2811.77,1007.26,6,small
270,MegaPixel_0016,electronics,2025-01-15 00:20:08,10926.63,4410.13,10,medium
271,PowerTech_0017,electronics,2025-01-16 15:34:13,4800.5,3844.0,10,medium
272,ClosetBox_0048,fashion,2025-01-09 10:26:45,2532.82,907.27,13,medium
273,SmartBuy_0018,electronics,2025-01-14 16:00:45,5456.36,4330.39,3,medium
274,SkillCraft_0022,education,2025-01-05 20:55:00,4347.86,3091.36,25,large
275,DigitalNex_0037,digital_services,2025-01-05 19:09:59,546.91,286.97,32,medium
276,BiteBuddy_0040,food_delivery,2025-01-12 13:23:27,381.16,224.9,25,medium
277,StaplePick_0037,grocery,2025-02-01 09:31:37,457.86,341.47,37,medium
278,JetSetGo_0010,travel,2025-01-21 16:48:37,12653.52,6960.79,2,small
279,RoomStyle_0018,home,2025-02-01 12:00:27,4644.54,3139.73,3,small
280,BuildMart_0019,home,2025-01-23 20:10:29,5402.62,3345.61,3,small
281,ChipNex_0019,electronics,2025-01-29 11:47:54,9383.18,2540.31,1,small
282,FabricLane_0049,fashion,2025-01-12 13:59:50,2172.62,1152.56,17,medium
283,FarmDirect_0038,grocery,2025-01-11 22:57:49,652.1,390.73,7,small
284,GroceHub_0039,grocery,2025-01-20 17:19:01,648.87,256.13,13,small
285,ClassBridge_0023,education,2025-01-30 03:14:11,2091.29,2674.16,1,small
286,FoodDash_0041,food_delivery,2025-01-11 03:09:00,426.99,235.8,53,medium
287,TechZone_0020,electronics,2025-01-16 12:55:07,6525.21,3462.08,1,small
288,MealBox_0042,food_delivery,2025-01-14 00:05:54,348.31,204.71,58,medium
289,TripWise_0011,travel,2025-03-05 14:49:43,13057.45,8964.2,14,large
290,StyleStreet_0050,fashion,2025-01-26 03:22:57,2101.58,942.46,3,small
291,HomeNest_0020,home,2025-01-24 08:55:21,3310.79,2492.9,10,medium
292,GadgetHub_0021,electronics,2025-01-13 23:50:27,8358.63,6451.78,1,small
293,PlayBox_0021,entertainment,2025-02-08 06:03:54,781.24,357.63,5,small
294,TrendSet_0051,fashion,2025-01-19 11:30:44,2075.05,1402.77,12,medium
295,InteriorCo_0021,home,2025-02-18 05:33:24,4327.81,2741.81,17,large
296,DecorVault_0022,home,2025-01-21 05:33:19,3913.11,2770.84,3,small
297,JoyRide_0022,entertainment,2025-01-25 01:10:06,883.84,476.54,18,medium
298,MediCare_0030,health,2025-01-13 08:16:34,1283.76,1107.95,2,small
299,HealthFirst_0031,health,2025-02-09 20:11:16,2024.14,1263.29,11,medium
300,PlatformX_0038,digital_services,2025-02-26 00:50:29,407.9,299.0,33,medium
301,WellnessHub_0032,health,2025-01-22 07:07:40,1705.34,887.19,14,medium
302,FashionVault_0052,fashion,2025-02-06 23:12:50,2379.13,1116.89,7,medium
303,SkyRoute_0012,travel,2025-03-13 18:46:17,13095.31,6772.28,1,small
304,WanderBook_0013,travel,2025-02-24 18:14:49,12362.78,4977.68,5,medium
305,FurniWorld_0023,home,2025-01-08 21:24:05,4963.08,3382.29,10,medium
306,QuickEats_0043,food_delivery,2025-02-15 20:47:13,331.37,251.08,56,medium
307,TastyTrail_0044,food_delivery,2025-01-05 15:38:39,377.8,168.49,16,small
308,ByteShift_0039,digital_services,2025-01-07 14:19:44,561.18,270.72,11,small
309,FreshMart_0040,grocery,2025-02-10 05:38:58,461.76,277.03,4,small
310,LookBook_0053,fashion,2025-01-13 10:25:06,1876.93,1561.94,7,small
311,SpiceRoute_0045,food_delivery,2025-01-11 13:08:19,464.08,174.46,14,small
312,ChefDoor_0046,food_delivery,2025-02-21 16:40:48,478.4,137.48,12,small
313,DailyNeeds_0041,grocery,2025-01-08 03:41:30,800.66,276.8,31,medium
314,HungryOwl_0047,food_delivery,2025-02-17 10:45:31,450.79,211.33,12,small
315,DineExpress_0048,food_delivery,2025-01-24 11:34:23,454.62,224.32,79,medium
316,GreenBasket_0042,grocery,2025-02-24 02:56:23,636.74,347.11,58,medium
317,CraveTown_0049,food_delivery,2025-02-26 01:44:46,417.05,147.03,53,medium
318,CloudSync_0040,digital_services,2025-02-09 18:20:16,596.86,321.66,8,small
319,QuickGrocery_0043,grocery,2025-01-28 17:39:27,497.92,345.91,16,small
320,GameVerse_0023,entertainment,2025-01-15 05:46:01,614.88,475.53,17,medium
321,HouseJoy_0024,home,2025-02-01 14:05:36,3872.07,3148.75,33,large
322,BiteBuddy_0050,food_delivery,2025-03-13 04:55:03,475.97,160.93,7,small
323,PantryPlus_0044,grocery,2025-02-05 12:47:19,677.55,314.59,62,medium
324,FlyEasy_0014,travel,2025-02-22 05:18:53,16522.82,11185.1,3,medium
325,LivingSpace_0025,home,2025-02-08 15:04:54,5012.43,3522.57,12,medium
326,DataFlow_0041,digital_services,2025-01-21 06:36:36,468.1,376.75,9,small
327,PharmEasy_0033,health,2025-01-13 14:37:11,1838.43,692.43,14,medium
328,TravelNest_0015,travel,2025-01-24 05:11:00,11375.01,8743.65,1,small
329,StreamLine_0042,digital_services,2025-01-15 12:44:02,516.28,297.26,111,large
330,NatureFresh_0045,grocery,2025-02-08 15:19:18,629.12,248.14,14,small
331,AppForge_0043,digital_services,2025-01-02 09:30:21,427.19,220.54,6,small
332,ValueMart_0046,grocery,2025-02-01 05:32:47,679.75,343.24,43,large
333,NetPulse_0044,digital_services,2025-01-18 22:04:05,465.47,370.15,7,small
334,WallCraft_0026,home,2025-02-26 11:34:40,4351.07,3625.79,3,small
335,WearHouse_0054,fashion,2025-01-25 05:13:26,2567.83,534.59,6,small
336,StudyNest_0024,education,2025-02-08 05:04:13,3977.3,3730.74,2,small
337,ThreadBarn_0055,fashion,2025-02-04 23:43:38,1565.16,1201.73,4,small
338,SaaSPoint_0045,digital_services,2025-01-22 14:14:18,558.83,364.5,8,small
339,UrbanStitch_0056,fashion,2025-01-24 16:59:54,2113.35,1325.45,13,medium
340,ShowTime_0024,entertainment,2025-01-10 16:13:29,749.0,603.71,27,medium
341,ModaFit_0057,fashion,2025-01-10 06:07:19,2590.23,1159.62,1,small
342,TicketBay_0025,entertainment,2025-01-22 02:23:41,777.77,424.2,19,medium
343,VitalCare_0034,health,2025-01-20 18:14:16,1598.67,995.85,2,small
344,BrainWorks_0025,education,2025-01-24 22:41:58,2539.46,3111.35,21,large
345,CureQuick_0035,health,2025-01-23 15:25:51,1800.1,1190.9,4,small
346,LifePulse_0036,health,2025-02-13 02:25:27,2038.45,1060.57,14,medium
347,EventPulse_0026,entertainment,2025-01-25 09:28:51,1005.96,542.5,2,small
348,StaplePick_0047,grocery,2025-01-06 20:28:29,594.5,398.75,32,medium
349,CourseTrail_0026,education,2025-01-17 12:25:15,4715.08,2468.41,3,small
350,ClosetBox_0058,fashion,2025-02-08 21:25:22,2604.91,1156.12,15,medium
351,AcadEdge_0027,education,2025-01-24 19:09:23,4174.34,1763.86,2,small
352,FabricLane_0059,fashion,2025-01-02 11:58:38,2498.5,1215.74,64,large
353,MentorLab_0028,education,2025-01-21 17:09:36,2318.06,1655.0,12,medium
354,KnowPath_0029,education,2025-01-31 04:24:59,4149.36,2403.37,11,medium
355,FoodDash_0051,food_delivery,2025-02-04 13:18:10,494.71,167.45,39,medium
356,VoyagePlan_0016,travel,2025-02-10 08:29:48,12455.34,9446.54,9,large
357,DocConnect_0037,health,2025-02-01 03:46:47,1740.62,951.15,4,small
358,FitPath_0038,health,2025-01-01 18:42:45,1797.39,890.82,4,small
359,GlobeHopper_0017,travel,2025-02-07 16:21:16,10705.78,7532.65,1,small
360,LearnHub_0030,education,2025-01-05 20:18:56,2964.78,2758.04,3,small
361,MediaWave_0027,entertainment,2025-01-06 06:37:15,889.93,555.1,32,medium
362,StyleStreet_0060,fashion,2025-02-15 14:32:52,1930.77,811.34,30,large
363,TrendSet_0061,fashion,2025-02-06 08:10:38,1946.69,966.16,46,large
364,FashionVault_0062,fashion,2025-01-04 02:18:11,2650.96,1569.52,17,medium
365,CodeBridge_0046,digital_services,2025-01-15 04:09:42,692.71,278.62,15,medium
366,MealBox_0052,food_delivery,2025-02-03 22:28:50,513.19,126.46,116,large
367,HealZone_0039,health,2025-01-28 17:28:04,1956.03,979.52,33,large
368,DigitalNex_0047,digital_services,2025-01-26 11:05:14,393.73,299.35,11,small
369,FarmDirect_0048,grocery,2025-01-13 02:10:38,652.1,291.88,25,medium
370,CozyCorner_0027,home,2025-02-05 08:16:35,3771.36,3235.4,11,medium
371,MediCare_0040,health,2025-02-06 22:51:04,1559.85,557.85,4,small
372,GroceHub_0049,grocery,2025-02-28 14:08:33,555.74,398.23,9,small
373,QuickEats_0053,food_delivery,2025-01-08 20:52:11,390.73,206.13,256,large
374,FreshMart_0050,grocery,2025-01-20 07:35:06,728.65,359.54,132,large
375,LookBook_0063,fashion,2025-01-29 04:50:14,1569.6,930.64,11,large
376,WearHouse_0064,fashion,2025-01-28 00:00:56,2822.75,1566.57,16,medium
377,StarStream_0028,entertainment,2025-01-29 02:43:31,820.27,344.84,5,small
378,TastyTrail_0054,food_delivery,2025-01-15 10:11:15,557.54,205.26,12,small
379,SpiceRoute_0055,food_delivery,2025-01-22 23:03:59,344.52,255.21,48,medium
380,PlatformX_0048,digital_services,2025-01-16 06:31:58,341.89,244.54,18,medium
381,EduVerse_0031,education,2025-03-02 02:03:49,3401.19,2603.67,8,medium
382,AmusePark_0029,entertainment,2025-01-26 12:28:22,916.56,507.88,26,medium
383,HealthFirst_0041,health,2025-01-11 06:52:36,1692.84,1609.07,2,small
384,ChefDoor_0056,food_delivery,2025-01-25 08:28:23,395.8,158.95,46,medium
385,HungryOwl_0057,food_delivery,2025-01-08 17:21:33,346.83,211.78,6,small
386,FunZone_0030,entertainment,2025-02-05 15:31:20,824.25,364.87,5,small
387,ByteShift_0049,digital_services,2025-01-29 05:37:52,554.41,438.24,6,small
388,PlayBox_0031,entertainment,2025-02-02 04:49:04,777.45,427.62,4,small
389,ThreadBarn_0065,fashion,2025-01-10 09:39:47,1942.61,1397.78,38,large
390,RoomStyle_0028,home,2025-01-16 11:40:51,6524.38,3249.59,2,small
391,CloudSync_0050,digital_services,2025-01-18 22:38:49,467.0,251.89,11,small
392,UrbanStitch_0066,fashion,2025-01-10 05:51:34,1610.04,878.17,12,medium
393,SkillCraft_0032,education,2025-01-21 11:07:14,4012.21,3116.53,14,medium
394,DataFlow_0051,digital_services,2025-01-07 10:27:46,547.68,295.03,11,small
395,ElectroMart_0022,electronics,2025-01-27 06:01:51,7126.6,2524.27,2,small
396,DineExpress_0058,food_delivery,2025-02-08 14:36:50,389.66,197.39,15,small
397,WellnessHub_0042,health,2025-01-02 21:34:41,1874.44,1187.56,14,medium
398,DailyNeeds_0051,grocery,2025-01-26 23:04:48,670.48,319.06,12,small
399,CraveTown_0059,food_delivery,2025-01-07 03:47:28,414.23,192.14,26,small
400,BiteBuddy_0060,food_delivery,2025-02-10 14:50:49,460.93,218.01,11,small
401,GreenBasket_0052,grocery,2025-01-04 13:07:52,757.11,403.22,49,medium
402,BuildMart_0029,home,2025-01-21 12:33:12,4693.4,3620.51,4,small
403,PharmEasy_0043,health,2025-02-07 04:48:10,1884.93,977.08,15,medium
404,ModaFit_0067,fashion,2025-01-25 20:56:57,1874.51,1027.69,4,small
405,JoyRide_0032,entertainment,2025-01-17 09:54:22,538.8,582.76,14,medium
406,HomeNest_0030,home,2025-01-06 19:39:26,4075.66,2872.03,3,small
407,QuickGrocery_0053,grocery,2025-01-21 13:38:54,613.92,345.28,11,small
408,InteriorCo_0031,home,2025-01-29 14:50:11,4097.67,2536.08,3,small
409,ClosetBox_0068,fashion,2025-03-16 16:02:20,1442.41,1150.63,12,medium
410,GameVerse_0033,entertainment,2025-02-12 22:01:35,862.82,354.57,51,large
411,StreamLine_0052,digital_services,2025-01-18 19:16:58,490.79,364.2,9,small
412,AppForge_0053,digital_services,2025-02-19 13:15:46,393.49,270.75,11,small
413,FabricLane_0069,fashion,2025-01-18 08:11:50,1767.72,1181.13,44,large
414,DecorVault_0032,home,2025-01-27 21:45:56,4152.8,4617.45,8,medium
415,DigitalWorld_0023,electronics,2025-02-22 17:51:33,9039.72,3386.96,2,small
416,PantryPlus_0054,grocery,2025-01-11 10:25:53,741.43,308.84,11,small
417,StyleStreet_0070,fashion,2025-01-15 22:51:27,1877.7,925.34,19,medium
418,VitalCare_0044,health,2025-02-01 21:13:21,1633.8,517.28,18,medium
419,TrendSet_0071,fashion,2025-02-19 17:19:44,1911.25,1140.87,22,medium
420,FurniWorld_0033,home,2025-01-29 13:16:53,4372.43,2902.0,18,large
421,NetPulse_0054,digital_services,2025-02-17 05:40:43,352.86,290.02,9,small
422,ByteStore_0024,electronics,2025-03-01 08:43:53,8866.63,3614.99,2,small
423,CircuitCity_0025,electronics,2025-03-01 13:06:58,6295.35,4368.13,2,small
424,MegaPixel_0026,electronics,2025-02-01 11:12:33,10868.39,4005.98,1,small
425,ClassBridge_0033,education,2025-01-31 23:03:35,3461.96,2336.1,3,small
426,CureQuick_0045,health,2025-02-17 07:06:00,1808.07,748.01,1,small
427,NatureFresh_0055,grocery,2025-01-08 05:48:52,677.61,446.82,12,small
428,HouseJoy_0034,home,2025-01-12 09:43:05,5231.97,3607.69,10,medium
429,PowerTech_0027,electronics,2025-01-18 10:10:30,7522.61,4156.25,3,small
430,LifePulse_0046,health,2025-01-31 00:52:39,1958.97,1149.65,3,small
431,ShowTime_0034,entertainment,2025-01-13 11:19:38,769.65,488.13,19,medium
432,DocConnect_0047,health,2025-02-12 17:51:02,2150.39,530.57,12,medium
433,SaaSPoint_0055,digital_services,2025-01-20 21:10:24,492.85,217.71,36,medium
434,LivingSpace_0035,home,2025-01-11 20:39:32,3847.95,2785.78,15,medium
435,SmartBuy_0028,electronics,2025-01-09 04:58:52,9711.97,4459.59,8,medium
436,ValueMart_0056,grocery,2025-02-13 23:51:56,632.71,489.96,14,small
437,FashionVault_0072,fashion,2025-01-17 03:45:35,1930.16,863.98,5,small
438,RouteMaster_0018,travel,2025-01-23 14:03:45,11865.91,5713.7,5,medium
439,CodeBridge_0056,digital_services,2025-01-05 15:01:47,475.79,331.84,10,small
440,DigitalNex_0057,digital_services,2025-01-18 10:21:55,445.26,337.97,7,small
441,WallCraft_0036,home,2025-01-07 11:51:37,4110.41,2680.64,4,small
442,LookBook_0073,fashion,2025-02-06 03:26:40,2098.99,1529.39,6,small
443,PlatformX_0058,digital_services,2025-01-15 23:17:22,433.52,124.74,11,small
444,WearHouse_0074,fashion,2025-01-31 10:50:33,2076.89,992.12,3,small
445,StaplePick_0057,grocery,2025-01-02 16:23:04,606.44,440.8,41,medium
446,ByteShift_0059,digital_services,2025-02-07 18:42:09,615.52,329.65,81,large
447,TicketBay_0035,entertainment,2025-01-20 05:09:40,741.45,556.16,7,small
448,StudyNest_0034,education,2025-01-10 06:42:24,4247.59,2369.23,31,large
449,ChipNex_0029,electronics,2025-03-08 20:06:48,9200.85,3692.83,1,small
450,BrainWorks_0035,education,2025-01-19 23:45:11,2895.3,2379.48,35,large
451,TechZone_0030,electronics,2025-01-15 19:45:05,10010.77,2915.16,19,large
452,CozyCorner_0037,home,2025-01-09 08:07:43,4177.92,3476.83,2,small
453,CloudSync_0060,digital_services,2025-01-23 15:39:01,461.32,215.28,34,medium
454,ThreadBarn_0075,fashion,2025-02-07 16:09:14,2141.9,1043.03,41,large
455,UrbanStitch_0076,fashion,2025-01-22 17:51:21,2605.72,958.83,33,large
456,ModaFit_0077,fashion,2025-02-16 23:24:14,2650.81,1218.19,54,large
457,EventPulse_0036,entertainment,2025-01-31 02:51:47,860.26,496.47,17,medium
458,FoodDash_0061,food_delivery,2025-02-16 21:42:19,499.89,246.49,19,small
459,FitPath_0048,health,2025-01-09 00:02:37,1444.36,1260.98,10,medium
460,DataFlow_0061,digital_services,2025-01-18 02:21:56,432.05,289.84,37,medium
461,CourseTrail_0036,education,2025-01-19 19:18:34,3905.35,2372.31,12,medium
462,ClosetBox_0078,fashion,2025-01-13 18:47:45,2250.35,1062.49,3,small
463,MediaWave_0037,entertainment,2025-01-26 04:19:09,861.54,491.75,11,medium
464,FarmDirect_0058,grocery,2025-01-06 14:50:48,738.95,316.38,17,small
465,AcadEdge_0037,education,2025-02-07 09:42:22,2447.76,2409.65,7,medium
466,StreamLine_0062,digital_services,2025-01-04 19:44:22,412.21,270.79,13,small
467,AppForge_0063,digital_services,2025-03-17 22:47:45,512.9,252.5,13,medium
468,StarStream_0038,entertainment,2025-01-30 03:26:42,541.8,446.35,16,medium
469,FabricLane_0079,fashion,2025-02-10 02:47:58,2119.34,654.68,4,small
470,PackNGo_0019,travel,2025-01-29 06:19:50,14466.55,10596.55,2,medium
471,MealBox_0062,food_delivery,2025-01-07 20:47:35,401.92,165.83,15,small
472,QuickEats_0063,food_delivery,2025-01-14 05:25:33,376.81,267.29,151,large
473,StyleStreet_0080,fashion,2025-01-21 00:33:52,2155.67,1582.25,14,medium
474,TrendSet_0081,fashion,2025-02-13 15:08:48,2344.11,1019.81,2,small
475,GroceHub_0059,grocery,2025-01-09 04:52:04,585.91,503.09,14,small
476,FreshMart_0060,grocery,2025-02-08 23:59:48,678.83,281.65,15,small
477,TastyTrail_0064,food_delivery,2025-02-28 20:31:51,368.54,137.32,12,small
478,MentorLab_0038,education,2025-01-19 01:30:46,4965.87,3448.95,25,large
479,NetPulse_0064,digital_services,2025-01-01 20:50:41,439.32,201.58,30,medium
480,SpiceRoute_0065,food_delivery,2025-02-14 00:48:42,459.72,231.58,19,small
481,ChefDoor_0066,food_delivery,2025-01-15 19:55:01,438.15,222.24,118,large
482,DailyNeeds_0061,grocery,2025-01-14 08:31:48,706.39,314.49,13,small
483,KnowPath_0039,education,2025-02-24 19:31:57,3783.88,2534.4,37,large
484,GreenBasket_0062,grocery,2025-01-06 20:58:08,485.11,275.46,11,small
485,GadgetHub_0031,electronics,2025-01-03 14:44:52,6768.08,3674.51,7,medium
486,HungryOwl_0067,food_delivery,2025-01-16 11:09:40,528.58,205.7,196,large
487,DineExpress_0068,food_delivery,2025-03-09 03:44:24,468.1,178.57,15,small
488,QuickGrocery_0063,grocery,2025-01-10 06:22:32,726.59,433.54,38,medium
489,LearnHub_0040,education,2025-01-31 23:30:08,2264.37,1641.1,27,large
490,EduVerse_0041,education,2025-01-19 14:05:53,1746.57,3397.55,3,small
491,SaaSPoint_0065,digital_services,2025-01-27 10:13:52,442.79,233.42,11,small
492,CodeBridge_0066,digital_services,2025-01-16 06:40:01,399.77,238.91,23,medium
493,DigitalNex_0067,digital_services,2025-01-12 14:51:53,510.27,337.25,12,small
494,PantryPlus_0064,grocery,2025-01-29 06:32:21,759.72,350.05,15,small
495,HealZone_0049,health,2025-01-11 04:30:50,1598.7,635.83,2,small
496,JetSetGo_0020,travel,2025-02-10 05:03:17,10064.97,6988.82,3,medium
497,CraveTown_0069,food_delivery,2025-01-10 10:03:51,422.33,224.8,22,small
498,PlatformX_0068,digital_services,2025-03-05 11:12:57,344.72,222.74,6,small
499,BiteBuddy_0070,food_delivery,2025-01-30 14:06:09,495.94,191.8,39,medium
500,TripWise_0021,travel,2025-02-12 02:51:33,13720.16,9530.22,4,medium
501,ByteShift_0069,digital_services,2025-01-27 01:43:17,426.54,316.22,27,medium
502,RoomStyle_0038,home,2025-01-19 08:44:29,4283.09,2692.56,3,small
503,AmusePark_0039,entertainment,2025-01-15 10:03:17,837.48,603.57,84,large
504,SkyRoute_0022,travel,2025-01-29 22:46:29,13101.55,7189.64,6,medium
505,WanderBook_0023,travel,2025-01-20 01:07:51,13117.6,12165.39,1,small
506,MediCare_0050,health,2025-02-13 13:19:03,2009.31,1058.08,34,large
507,NatureFresh_0065,grocery,2025-02-10 08:38:27,622.83,370.6,13,small
508,BuildMart_0039,home,2025-02-08 10:24:50,5538.95,3185.31,2,small
509,FlyEasy_0024,travel,2025-02-09 04:09:06,11215.55,5883.3,2,small
510,FashionVault_0082,fashion,2025-02-02 18:08:10,2005.18,1432.19,16,medium
511,ElectroMart_0032,electronics,2025-01-19 05:08:07,8864.48,3906.04,1,small
512,HomeNest_0040,home,2025-01-13 20:41:25,3628.32,4037.08,3,small
513,DigitalWorld_0033,electronics,2025-01-15 07:18:02,9850.32,5107.93,2,small
514,ValueMart_0066,grocery,2025-02-03 02:30:13,694.47,353.15,7,small
515,StaplePick_0067,grocery,2025-01-07 14:48:27,630.52,391.13,10,small
516,LookBook_0083,fashion,2025-02-03 06:13:56,2083.06,1158.39,24,medium
517,FarmDirect_0068,grocery,2025-01-06 03:08:16,457.42,385.12,11,small
518,CloudSync_0070,digital_services,2025-02-02 03:34:09,442.34,283.33,10,small
519,ByteStore_0034,electronics,2025-01-25 21:21:51,9369.43,4148.81,10,medium
520,HealthFirst_0051,health,2025-01-11 19:25:43,2180.65,1163.28,3,small
521,InteriorCo_0041,home,2025-01-08 12:09:00,4945.0,3299.52,7,medium
522,FoodDash_0071,food_delivery,2025-01-05 20:54:28,355.83,119.09,15,small
523,WearHouse_0084,fashion,2025-01-20 13:18:48,2307.29,916.37,5,small
524,SkillCraft_0042,education,2025-01-26 04:43:04,3614.16,3174.73,3,small
525,ThreadBarn_0085,fashion,2025-01-09 19:28:40,1816.12,1309.99,5,small
526,MealBox_0072,food_delivery,2025-01-02 09:04:56,417.14,142.32,15,small
527,FunZone_0040,entertainment,2025-02-08 03:38:20,649.87,612.09,17,medium
528,PlayBox_0041,entertainment,2025-01-20 03:59:03,1058.69,287.58,6,small
529,WellnessHub_0052,health,2025-01-27 04:01:05,2228.82,821.94,11,medium
530,GroceHub_0069,grocery,2025-02-25 21:26:15,607.68,302.14,42,medium
531,DataFlow_0071,digital_services,2025-01-19 09:26:08,383.41,293.34,10,small
532,StreamLine_0072,digital_services,2025-02-08 13:35:45,480.64,239.99,39,medium
533,QuickEats_0073,food_delivery,2025-01-18 03:29:16,493.82,158.35,9,small
534,AppForge_0073,digital_services,2025-01-14 05:20:53,414.33,332.72,9,small
535,CircuitCity_0035,electronics,2025-02-13 20:29:18,9448.1,3739.08,1,small
536,FreshMart_0070,grocery,2025-01-16 06:37:53,746.48,311.26,42,medium
537,TravelNest_0025,travel,2025-02-07 10:51:50,8280.18,7088.3,19,large
538,UrbanStitch_0086,fashion,2025-01-21 21:25:34,1942.14,1395.48,1,small
539,ModaFit_0087,fashion,2025-01-09 07:57:29,1998.62,1158.87,22,medium
540,DecorVault_0042,home,2025-02-15 04:18:06,3447.84,3402.6,13,medium
541,JoyRide_0042,entertainment,2025-02-13 05:35:45,691.78,462.65,6,small
542,ClassBridge_0043,education,2025-01-21 11:31:08,2388.89,2272.45,13,medium
543,FurniWorld_0043,home,2025-01-15 01:57:58,4970.39,2905.95,10,medium
544,GameVerse_0043,entertainment,2025-02-07 16:44:08,887.14,577.24,49,large
545,ClosetBox_0088,fashion,2025-02-08 18:47:43,2752.5,1515.92,54,large
546,TastyTrail_0074,food_delivery,2025-01-19 19:48:04,399.42,159.19,13,small
547,SpiceRoute_0075,food_delivery,2025-02-08 04:27:25,453.65,129.26,17,small
548,FabricLane_0089,fashion,2025-01-11 23:45:18,2663.49,1338.35,11,medium
549,PharmEasy_0053,health,2025-01-22 01:18:43,1561.68,1059.97,3,small
550,ChefDoor_0076,food_delivery,2025-01-27 15:50:06,476.58,224.07,19,small
551,HungryOwl_0077,food_delivery,2025-01-10 04:17:15,382.07,208.86,133,large
552,StyleStreet_0090,fashion,2025-01-12 17:01:46,2164.49,1407.46,5,small
553,TrendSet_0091,fashion,2025-01-15 14:26:13,2703.44,1302.14,4,small
554,HouseJoy_0044,home,2025-02-02 01:19:15,4272.41,1959.15,14,medium
555,MegaPixel_0036,electronics,2025-02-16 02:11:20,8113.72,4404.72,2,small
556,DailyNeeds_0071,grocery,2025-02-16 03:43:35,519.24,285.37,17,small
557,GreenBasket_0072,grocery,2025-02-09 20:46:03,680.5,309.36,115,large
558,VoyagePlan_0026,travel,2025-01-14 05:19:40,14606.97,9494.9,1,small
559,StudyNest_0044,education,2025-02-27 18:19:11,4725.71,2983.07,2,small
560,GlobeHopper_0027,travel,2025-01-02 06:07:34,9139.87,9686.41,1,small
561,FashionVault_0092,fashion,2025-02-08 05:11:04,1675.19,1144.3,87,large
562,QuickGrocery_0073,grocery,2025-02-01 16:36:38,651.73,298.06,8,small
563,LivingSpace_0045,home,2025-01-04 22:26:29,6094.89,3508.66,14,medium
564,NetPulse_0074,digital_services,2025-01-18 20:34:03,522.34,375.24,6,small
565,SaaSPoint_0075,digital_services,2025-01-26 06:58:16,514.63,317.22,12,small
566,CodeBridge_0076,digital_services,2025-01-07 09:44:44,528.7,262.47,91,large
567,VitalCare_0054,health,2025-01-23 06:32:27,1297.08,535.81,14,medium
568,PowerTech_0037,electronics,2025-01-08 15:52:44,8050.31,3790.87,29,large
569,DineExpress_0078,food_delivery,2025-01-26 11:30:38,533.82,221.38,23,small
570,RouteMaster_0028,travel,2025-01-28 23:06:45,13206.45,8483.54,5,medium
571,PantryPlus_0074,grocery,2025-01-04 20:49:28,515.02,416.92,31,large
572,WallCraft_0046,home,2025-01-22 03:05:37,3972.37,3013.76,2,small
573,CraveTown_0079,food_delivery,2025-02-03 22:55:19,422.89,273.58,19,small
574,CureQuick_0055,health,2025-01-02 08:52:58,1594.25,906.09,22,large
575,CozyCorner_0047,home,2025-01-31 16:23:04,5134.49,2850.15,1,small
576,PackNGo_0029,travel,2025-02-04 10:09:58,12241.88,8702.37,6,medium
577,RoomStyle_0048,home,2025-02-24 22:54:03,4433.98,2776.4,47,large
578,BrainWorks_0045,education,2025-01-29 20:37:21,3504.94,2859.78,2,small
579,BuildMart_0049,home,2025-01-09 09:19:18,5120.92,2126.62,2,small
580,NatureFresh_0075,grocery,2025-01-27 02:37:22,523.13,307.65,16,small
581,JetSetGo_0030,travel,2025-01-28 18:15:10,10530.42,9149.21,2,small
582,TripWise_0031,travel,2025-02-09 05:12:56,11933.81,9590.03,1,small
583,LookBook_0093,fashion,2025-02-18 21:44:55,2241.92,1380.08,23,medium
584,BiteBuddy_0080,food_delivery,2025-01-26 04:31:39,411.76,161.63,10,small
585,HomeNest_0050,home,2025-01-19 23:45:32,5394.99,3677.62,8,medium
586,DigitalNex_0077,digital_services,2025-01-26 01:37:07,307.76,259.51,10,small
587,WearHouse_0094,fashion,2025-01-18 14:17:01,2175.98,1243.28,3,small
588,ValueMart_0076,grocery,2025-01-29 00:26:25,756.48,374.02,14,small
589,ThreadBarn_0095,fashion,2025-01-07 22:14:34,2257.26,1325.85,17,medium
590,SmartBuy_0038,electronics,2025-02-07 09:14:59,7386.31,4298.45,2,small
591,ShowTime_0044,entertainment,2025-02-01 06:06:20,973.27,541.61,4,small
592,FoodDash_0081,food_delivery,2025-01-27 00:28:50,401.32,182.59,158,large
593,StaplePick_0077,grocery,2025-01-09 17:36:30,637.17,271.34,26,medium
594,CourseTrail_0046,education,2025-01-08 06:37:18,1926.11,940.26,2,small
595,ChipNex_0039,electronics,2025-02-13 12:33:11,11284.28,5437.42,16,large
596,FarmDirect_0078,grocery,2025-02-25 05:39:36,665.74,247.48,7,small
597,PlatformX_0078,digital_services,2025-01-30 17:13:45,392.23,286.47,8,small
598,ByteShift_0079,digital_services,2025-03-02 10:48:03,522.74,339.79,8,small
599,TicketBay_0045,entertainment,2025-02-10 12:44:10,805.43,390.62,3,small
600,CloudSync_0080,digital_services,2025-01-11 10:44:19,365.09,338.95,8,small
601,MealBox_0082,food_delivery,2025-01-27 05:06:17,337.73,197.48,31,medium
602,LifePulse_0056,health,2025-01-18 18:15:01,2298.11,884.24,4,small
603,InteriorCo_0051,home,2025-01-31 22:33:42,5480.07,2427.04,10,medium
604,DataFlow_0081,digital_services,2025-01-24 12:41:45,549.81,306.93,99,large
605,EventPulse_0046,entertainment,2025-02-03 10:05:41,600.56,555.4,17,medium
606,DocConnect_0057,health,2025-02-06 02:25:42,1904.84,1184.0,14,medium
607,DecorVault_0052,home,2025-01-14 05:36:43,4813.85,3385.28,12,medium
608,UrbanStitch_0096,fashion,2025-01-23 00:06:30,2738.38,1191.83,47,large
609,StreamLine_0082,digital_services,2025-01-28 00:29:06,583.89,270.58,5,small
610,QuickEats_0083,food_delivery,2025-02-03 08:31:45,479.59,191.76,9,small
611,AcadEdge_0047,education,2025-02-15 07:07:53,3875.41,3215.57,5,medium
612,AppForge_0083,digital_services,2025-01-09 19:10:10,592.01,147.78,26,medium
613,MediaWave_0047,entertainment,2025-01-12 09:22:32,1076.08,467.17,6,small
614,StarStream_0048,entertainment,2025-01-11 11:04:10,914.43,328.35,20,medium
615,GroceHub_0079,grocery,2025-02-12 20:27:38,656.74,480.36,7,small
616,NetPulse_0084,digital_services,2025-02-02 22:16:17,465.66,244.3,62,large
617,SaaSPoint_0085,digital_services,2025-01-12 04:52:54,601.47,301.6,7,small
618,FreshMart_0080,grocery,2025-01-24 05:23:16,595.63,310.57,10,small
619,ModaFit_0097,fashion,2025-01-04 02:21:14,1744.8,1137.9,4,small
620,TechZone_0040,electronics,2025-01-05 23:07:48,7590.64,4124.04,2,small
621,FitPath_0058,health,2025-01-07 15:00:33,1633.01,971.17,5,small
622,TastyTrail_0084,food_delivery,2025-02-10 08:41:31,577.23,157.84,10,small
623,AmusePark_0049,entertainment,2025-02-06 04:21:36,641.09,605.71,5,small
624,SpiceRoute_0085,food_delivery,2025-01-13 05:17:54,464.38,279.88,14,small
625,FunZone_0050,entertainment,2025-01-15 07:01:09,905.94,552.04,4,small
626,ChefDoor_0086,food_delivery,2025-01-08 21:32:34,513.55,166.01,21,small
627,HealZone_0059,health,2025-01-08 12:40:12,1623.76,904.41,2,small
628,ClosetBox_0098,fashion,2025-01-13 06:24:01,1867.27,1097.58,1,small
629,MentorLab_0048,education,2025-01-27 19:39:18,3325.0,2246.01,3,small
630,MediCare_0060,health,2025-01-23 15:33:52,1926.89,858.47,3,small
631,PlayBox_0051,entertainment,2025-01-02 23:10:37,764.81,648.6,4,small
632,HealthFirst_0061,health,2025-01-10 12:01:53,1584.07,774.28,6,medium
633,GadgetHub_0041,electronics,2025-01-30 04:10:21,8868.4,4162.32,33,large
634,HungryOwl_0087,food_delivery,2025-01-27 02:39:15,512.48,295.88,146,large
635,ElectroMart_0042,electronics,2025-01-13 23:43:16,8187.36,2959.82,9,medium
636,FabricLane_0099,fashion,2025-01-31 12:57:09,2242.67,1356.3,9,medium
637,CodeBridge_0086,digital_services,2025-01-15 05:48:03,531.64,312.31,9,small
638,DigitalNex_0087,digital_services,2025-02-05 23:46:44,438.51,371.36,48,medium
639,WellnessHub_0062,health,2025-01-29 20:37:37,1466.9,1144.09,1,medium
640,FurniWorld_0053,home,2025-01-17 02:13:09,5101.75,1877.91,8,medium
641,PlatformX_0088,digital_services,2025-03-04 06:33:57,381.83,287.06,112,large
642,PharmEasy_0063,health,2025-01-20 13:50:15,1242.81,928.1,3,small
643,DigitalWorld_0043,electronics,2025-02-11 07:40:46,10397.26,4345.41,5,medium
644,DailyNeeds_0081,grocery,2025-02-08 22:16:36,600.51,458.93,48,medium
645,ByteShift_0089,digital_services,2025-01-08 09:14:59,417.36,283.98,8,small
646,HouseJoy_0054,home,2025-01-14 07:34:54,4015.82,1973.87,23,large
647,ByteStore_0044,electronics,2025-02-18 05:06:09,10167.04,3695.08,2,small
648,SkyRoute_0032,travel,2025-01-16 06:46:28,12337.26,11549.03,15,large
649,CloudSync_0090,digital_services,2025-01-28 17:27:33,598.46,264.11,27,medium
650,CircuitCity_0045,electronics,2025-01-12 12:35:53,8515.06,3380.69,2,small
651,DineExpress_0088,food_delivery,2025-02-01 06:53:01,503.28,167.99,50,medium
652,LivingSpace_0055,home,2025-01-12 23:10:29,5137.86,2505.32,3,small
653,DataFlow_0091,digital_services,2025-02-07 18:39:06,506.56,290.09,11,medium
654,GreenBasket_0082,grocery,2025-01-30 05:39:38,610.77,376.01,60,medium
655,WallCraft_0056,home,2025-02-01 21:39:55,5011.1,3675.73,6,medium
656,QuickGrocery_0083,grocery,2025-02-14 01:04:27,636.68,435.45,88,large
657,CozyCorner_0057,home,2025-01-28 10:49:42,5368.7,3439.99,3,small
658,PantryPlus_0084,grocery,2025-01-18 07:12:39,615.49,280.96,18,small
659,KnowPath_0049,education,2025-01-07 22:25:42,3973.9,2670.31,2,small
660,CraveTown_0089,food_delivery,2025-02-07 18:51:05,452.27,206.59,16,small
661,NatureFresh_0085,grocery,2025-02-14 02:08:35,727.11,295.23,6,small
662,RoomStyle_0058,home,2025-02-26 09:27:53,4575.85,1951.67,2,small
663,StyleStreet_0100,fashion,2025-02-04 22:04:51,2016.69,1318.02,7,small
664,TrendSet_0101,fashion,2025-01-09 14:15:24,1499.95,1745.8,4,small
665,ValueMart_0086,grocery,2025-02-21 17:06:13,686.52,250.96,155,large
666,StreamLine_0092,digital_services,2025-01-15 20:56:33,503.73,296.31,3,small
667,VitalCare_0064,health,2025-01-16 22:13:36,1822.14,1169.17,33,large
668,JoyRide_0052,entertainment,2025-01-31 22:47:36,976.13,613.29,4,small
669,StaplePick_0087,grocery,2025-01-15 08:20:38,817.49,353.17,12,small
670,BiteBuddy_0090,food_delivery,2025-02-02 15:26:13,455.94,202.77,10,medium
671,FashionVault_0102,fashion,2025-01-17 19:52:34,2133.22,872.65,6,small
672,LearnHub_0050,education,2025-02-14 16:05:33,4689.56,2925.97,2,small
673,GameVerse_0053,entertainment,2025-02-05 01:53:47,648.8,434.24,31,medium
674,AppForge_0093,digital_services,2025-01-09 21:01:12,437.7,158.66,11,small
675,EduVerse_0051,education,2025-02-07 19:23:05,4625.38,3329.61,3,small
676,FoodDash_0091,food_delivery,2025-01-20 19:40:09,522.09,202.12,18,medium
677,BuildMart_0059,home,2025-03-02 04:24:48,4525.09,3372.94,2,small
678,WanderBook_0033,travel,2025-01-19 03:02:08,11565.99,6457.41,3,medium
679,LookBook_0103,fashion,2025-02-01 20:01:00,2861.73,1649.84,4,small
680,MealBox_0092,food_delivery,2025-01-23 10:10:47,466.89,160.77,178,large
681,MegaPixel_0046,electronics,2025-01-11 03:52:35,10611.58,2776.62,9,medium
682,FarmDirect_0088,grocery,2025-01-22 02:55:57,706.6,386.93,179,large
683,PowerTech_0047,electronics,2025-02-04 21:19:10,10943.22,3813.21,9,medium
684,QuickEats_0093,food_delivery,2025-01-19 19:48:54,455.05,174.72,16,small
685,NetPulse_0094,digital_services,2025-01-12 21:16:15,560.43,313.02,22,medium
686,GroceHub_0089,grocery,2025-02-03 20:17:38,601.33,318.09,8,small
687,TastyTrail_0094,food_delivery,2025-01-14 15:00:37,468.81,216.72,64,medium
688,ShowTime_0054,entertainment,2025-02-04 23:36:56,671.36,442.25,29,medium
689,CureQuick_0065,health,2025-01-31 22:23:45,1750.65,1006.03,3,small
690,FlyEasy_0034,travel,2025-01-26 02:41:56,14719.27,9874.89,20,large
691,FreshMart_0090,grocery,2025-02-08 16:54:10,652.79,288.93,18,small
692,HomeNest_0060,home,2025-02-22 09:02:16,5270.68,2726.0,14,medium
693,DailyNeeds_0091,grocery,2025-01-30 12:36:28,593.76,448.75,57,medium
694,GreenBasket_0092,grocery,2025-01-15 19:43:44,553.24,390.72,14,small
695,InteriorCo_0061,home,2025-02-13 12:27:38,6853.42,2554.62,14,medium
696,TravelNest_0035,travel,2025-02-05 19:02:53,12041.63,6013.82,4,medium
697,SaaSPoint_0095,digital_services,2025-02-01 07:57:41,500.22,236.47,9,small
698,SkillCraft_0052,education,2025-01-05 04:28:59,4218.36,2619.1,8,medium
699,CodeBridge_0096,digital_services,2025-02-06 07:26:51,486.64,299.73,9,small
700,QuickGrocery_0093,grocery,2025-01-21 17:02:30,766.53,369.04,23,medium
701,PantryPlus_0094,grocery,2025-01-02 17:05:25,590.96,361.62,16,small
702,NatureFresh_0095,grocery,2025-01-01 13:24:42,786.27,474.23,124,large
703,WearHouse_0104,fashion,2025-01-14 21:21:26,2474.79,850.93,50,large
704,DecorVault_0062,home,2025-01-02 18:13:36,3532.26,2962.48,5,small
705,ValueMart_0096,grocery,2025-01-26 20:29:45,681.87,289.53,13,small
706,ClassBridge_0053,education,2025-01-04 12:09:07,3112.19,2019.63,16,medium
707,LifePulse_0066,health,2025-01-19 16:38:25,2120.04,1069.11,10,medium
708,DocConnect_0067,health,2025-01-16 00:43:34,1706.76,1308.5,3,small
709,SpiceRoute_0095,food_delivery,2025-01-12 13:59:14,265.03,296.84,15,small
710,ChefDoor_0096,food_delivery,2025-01-16 12:47:18,470.6,243.47,17,small
711,TicketBay_0055,entertainment,2025-01-16 09:22:26,912.04,457.63,37,large
712,DigitalNex_0097,digital_services,2025-02-11 05:00:17,525.22,385.9,7,small
713,FitPath_0068,health,2025-02-26 15:42:42,1581.59,1244.2,31,large
714,FurniWorld_0063,home,2025-02-15 12:15:25,4130.5,2776.11,2,small
715,HealZone_0069,health,2025-01-07 22:56:08,1327.91,892.13,38,large
716,ThreadBarn_0105,fashion,2025-02-08 18:05:59,2280.37,1477.92,6,small
717,StudyNest_0054,education,2025-02-14 18:52:29,4634.36,2957.33,2,small
718,UrbanStitch_0106,fashion,2025-01-04 09:08:33,1975.7,1204.29,52,large
719,PlatformX_0098,digital_services,2025-01-14 18:52:50,573.97,337.39,86,large
720,EventPulse_0056,entertainment,2025-02-06 07:41:14,918.03,626.09,7,small
721,VoyagePlan_0036,travel,2025-01-12 18:57:18,11923.17,6665.84,1,small
722,HungryOwl_0097,food_delivery,2025-02-13 20:49:08,409.13,210.28,17,small
723,SmartBuy_0048,electronics,2025-01-31 23:51:45,6802.56,3596.8,2,small
724,MediaWave_0057,entertainment,2025-02-02 18:27:39,665.05,543.39,5,small
725,ModaFit_0107,fashion,2025-02-19 03:23:07,1939.57,1212.77,50,large
726,ChipNex_0049,electronics,2025-02-11 14:27:53,7481.77,3805.91,2,small
727,StaplePick_0097,grocery,2025-01-07 18:53:50,569.98,233.96,21,medium
728,TechZone_0050,electronics,2025-01-14 05:01:43,7998.34,2945.27,2,small
729,DineExpress_0098,food_delivery,2025-01-27 19:43:58,549.9,144.86,13,small
730,GlobeHopper_0037,travel,2025-01-13 11:33:29,17117.53,8653.01,4,medium
731,FarmDirect_0098,grocery,2025-01-31 21:26:17,633.53,380.06,18,small
732,GadgetHub_0051,electronics,2025-01-31 19:32:13,7862.98,3393.91,4,medium
733,ClosetBox_0108,fashion,2025-01-08 06:56:37,2237.11,862.64,3,small
734,CraveTown_0099,food_delivery,2025-01-28 16:15:43,395.48,242.96,127,large
735,ElectroMart_0052,electronics,2025-01-11 06:51:35,8976.32,2716.73,8,medium
736,ByteShift_0099,digital_services,2025-01-15 22:38:10,391.72,274.46,149,large
737,GroceHub_0099,grocery,2025-01-28 04:28:30,747.88,341.01,23,small
738,FreshMart_0100,grocery,2025-02-09 20:43:30,553.91,431.57,6,small
739,BiteBuddy_0100,food_delivery,2025-01-09 13:09:54,435.36,146.09,16,small
740,FoodDash_0101,food_delivery,2025-02-10 01:56:29,453.36,187.69,66,medium
741,DigitalWorld_0053,electronics,2025-01-31 05:05:55,7819.48,4261.48,2,small
742,FabricLane_0109,fashion,2025-01-28 14:13:01,1666.04,1020.38,4,small
743,HouseJoy_0064,home,2025-01-18 16:29:43,5067.14,3852.74,2,small
744,ByteStore_0054,electronics,2025-01-28 23:59:08,8120.23,3301.92,2,small
745,RouteMaster_0038,travel,2025-01-10 23:00:28,11286.92,7561.55,1,small
746,MealBox_0102,food_delivery,2025-01-18 02:34:16,483.1,177.45,11,small
747,DailyNeeds_0101,grocery,2025-02-10 05:58:08,695.33,138.2,9,small
748,QuickEats_0103,food_delivery,2025-01-30 09:58:03,380.92,248.13,43,medium
749,MediCare_0070,health,2025-02-01 09:32:01,1631.79,990.28,2,small
750,LivingSpace_0065,home,2025-03-14 11:50:39,4137.62,3058.27,2,small
751,GreenBasket_0102,grocery,2025-01-16 22:30:27,604.93,279.29,26,medium
752,QuickGrocery_0103,grocery,2025-02-02 16:38:24,656.37,371.46,22,medium
753,PantryPlus_0104,grocery,2025-01-07 18:47:11,729.79,403.48,15,small
754,TastyTrail_0104,food_delivery,2025-02-20 04:39:49,467.99,225.48,82,medium
755,CloudSync_0100,digital_services,2025-01-22 09:04:27,472.86,237.26,48,large
756,NatureFresh_0105,grocery,2025-01-26 00:31:36,834.35,473.82,28,medium
757,ValueMart_0106,grocery,2025-01-03 16:16:10,573.63,327.32,164,large
758,StarStream_0058,entertainment,2025-01-20 19:33:03,606.9,303.34,33,medium
759,CircuitCity_0055,electronics,2025-01-09 07:29:02,8874.85,4363.53,2,small
760,SpiceRoute_0105,food_delivery,2025-03-01 23:38:36,477.95,139.43,11,small
761,DataFlow_0101,digital_services,2025-01-20 23:02:48,509.46,163.75,27,medium
762,StyleStreet_0110,fashion,2025-01-12 05:00:41,2068.9,1127.35,37,large
763,MegaPixel_0056,electronics,2025-01-21 08:10:08,7304.93,2542.37,2,small
764,TrendSet_0111,fashion,2025-01-13 11:45:42,2091.96,869.93,4,small
765,WallCraft_0066,home,2025-01-01 09:40:35,4234.54,2723.39,3,medium
766,PowerTech_0057,electronics,2025-01-23 08:50:56,9319.32,3013.56,2,small
767,FashionVault_0112,fashion,2025-01-09 00:55:09,1909.02,1106.71,20,medium
768,SmartBuy_0058,electronics,2025-01-23 20:23:03,9137.94,4904.03,8,medium
769,LookBook_0113,fashion,2025-02-18 03:27:15,2342.61,772.53,13,medium
770,StreamLine_0102,digital_services,2025-02-07 22:48:58,479.76,373.42,76,large
771,StaplePick_0107,grocery,2025-02-14 13:33:56,677.81,365.8,53,medium
772,BrainWorks_0055,education,2025-01-28 07:53:59,3399.69,2913.89,4,medium
773,CourseTrail_0056,education,2025-01-22 12:28:17,2289.49,1358.33,12,medium
774,CozyCorner_0067,home,2025-01-06 05:24:12,5106.3,3538.1,7,medium
775,ChipNex_0059,electronics,2025-02-01 12:11:13,7823.74,3903.16,34,large
776,RoomStyle_0068,home,2025-02-17 16:34:47,6024.45,3476.29,3,small
777,AcadEdge_0057,education,2025-01-25 11:11:07,4501.54,2372.08,8,medium
778,WearHouse_0114,fashion,2025-03-10 17:12:36,2153.55,965.11,4,small
779,HealthFirst_0071,health,2025-01-26 12:31:25,1464.78,1205.0,41,large
780,BuildMart_0069,home,2025-02-13 20:17:50,5786.61,2022.43,15,medium
781,FarmDirect_0108,grocery,2025-01-16 20:08:36,484.89,266.12,9,small
782,HomeNest_0070,home,2025-01-16 13:52:59,5676.95,3135.34,2,small
783,ChefDoor_0106,food_delivery,2025-01-14 07:33:43,402.44,144.96,20,small
784,MentorLab_0058,education,2025-01-13 13:50:02,4098.98,3176.23,11,medium
785,AmusePark_0059,entertainment,2025-02-16 14:12:42,403.68,375.54,6,small
786,HungryOwl_0107,food_delivery,2025-01-06 09:04:39,427.82,177.65,10,small
787,WellnessHub_0072,health,2025-01-11 19:44:39,2084.28,1091.24,41,large
788,GroceHub_0109,grocery,2025-03-03 18:53:44,583.47,362.34,23,medium
789,PharmEasy_0073,health,2025-02-10 08:35:56,1761.05,494.41,1,small
790,KnowPath_0059,education,2025-01-19 22:27:08,3258.27,3687.56,1,small
791,FreshMart_0110,grocery,2025-01-29 12:08:57,519.42,365.17,183,large
792,DineExpress_0108,food_delivery,2025-01-21 12:03:09,462.13,228.09,44,medium
793,DailyNeeds_0111,grocery,2025-02-11 07:11:25,596.38,355.75,32,medium
794,TechZone_0060,electronics,2025-01-13 00:17:15,9369.12,2714.98,3,small
795,GadgetHub_0061,electronics,2025-01-11 14:40:01,8547.18,3828.22,1,small
796,GreenBasket_0112,grocery,2025-01-17 14:53:20,547.12,433.91,11,small
797,ElectroMart_0062,electronics,2025-02-15 07:59:49,8834.08,3296.37,7,medium
798,ThreadBarn_0115,fashion,2025-01-07 16:05:07,1706.03,1223.97,5,small
799,AppForge_0103,digital_services,2025-02-09 23:16:00,528.86,245.78,8,small
800,NetPulse_0104,digital_services,2025-01-23 10:18:02,548.35,287.31,27,medium
801,SaaSPoint_0105,digital_services,2025-01-14 18:10:55,671.31,242.94,119,large
802,QuickGrocery_0113,grocery,2025-02-16 19:11:28,528.76,395.83,48,medium
803,InteriorCo_0071,home,2025-01-11 08:10:20,4040.67,2269.51,1,small
804,LearnHub_0060,education,2025-02-10 20:08:26,3038.66,2763.11,2,small
805,UrbanStitch_0116,fashion,2025-02-07 14:46:01,2234.9,845.66,4,small
806,ModaFit_0117,fashion,2025-01-23 04:26:58,1787.06,1181.28,3,small
807,CodeBridge_0106,digital_services,2025-03-10 21:08:13,392.87,260.47,21,medium
808,ClosetBox_0118,fashion,2025-01-08 04:25:40,1726.99,1459.86,4,small
809,PackNGo_0039,travel,2025-01-13 12:45:30,6714.66,7002.75,6,medium
810,FunZone_0060,entertainment,2025-02-03 00:05:48,685.8,649.77,44,large
811,DigitalWorld_0063,electronics,2025-02-16 04:16:07,9104.09,4829.31,27,large
812,ByteStore_0064,electronics,2025-02-27 05:22:38,6850.61,3246.03,3,small
813,PlayBox_0061,entertainment,2025-02-17 19:44:33,679.31,597.57,5,small
814,EduVerse_0061,education,2025-02-05 01:39:22,3606.08,1806.95,2,small
815,FabricLane_0119,fashion,2025-02-19 22:13:50,1884.89,1254.14,4,small
816,DecorVault_0072,home,2025-01-05 07:22:35,4916.38,2705.69,2,small
817,FurniWorld_0073,home,2025-01-11 14:31:33,4664.46,2382.25,3,small
818,JetSetGo_0040,travel,2025-01-07 01:51:13,11725.15,7478.18,5,medium
819,DigitalNex_0107,digital_services,2025-01-25 13:12:03,493.13,200.52,6,small
820,PantryPlus_0114,grocery,2025-02-02 20:19:15,761.06,355.87,59,large
821,CircuitCity_0065,electronics,2025-01-09 10:45:25,8922.53,3552.59,1,small
822,SkillCraft_0062,education,2025-02-03 19:31:58,2641.35,2999.96,1,small
823,NatureFresh_0115,grocery,2025-01-23 12:45:38,562.06,358.41,17,small
824,PlatformX_0108,digital_services,2025-01-22 19:57:02,549.85,249.24,13,small
825,HouseJoy_0074,home,2025-01-28 19:14:10,3280.39,3159.2,3,small
826,MegaPixel_0066,electronics,2025-01-23 18:20:18,7442.66,4558.07,20,large
827,ClassBridge_0063,education,2025-01-21 18:50:03,4021.36,1580.2,3,small
828,ValueMart_0116,grocery,2025-01-05 22:52:53,606.73,430.48,11,small
829,LivingSpace_0075,home,2025-01-08 20:21:38,5624.31,3304.57,9,medium
830,StaplePick_0117,grocery,2025-01-05 18:16:26,732.71,405.58,13,small
831,StudyNest_0064,education,2025-01-12 19:52:27,1780.77,2008.72,14,medium
832,BrainWorks_0065,education,2025-02-08 22:11:02,2558.04,2941.23,3,small
833,CraveTown_0109,food_delivery,2025-01-10 19:38:59,406.45,120.19,41,medium
834,ByteShift_0109,digital_services,2025-01-17 14:35:13,687.02,248.2,6,small
835,CloudSync_0110,digital_services,2025-01-30 06:06:53,410.22,372.89,8,small
836,CourseTrail_0066,education,2025-01-23 17:09:31,3030.57,3206.74,11,medium
837,VitalCare_0074,health,2025-01-15 19:01:50,1524.21,755.28,48,large
838,JoyRide_0062,entertainment,2025-02-01 03:21:12,802.52,345.09,2,small
839,BiteBuddy_0110,food_delivery,2025-01-29 15:28:54,383.04,150.42,19,medium
840,TripWise_0041,travel,2025-02-10 03:35:05,9361.18,6529.47,1,small
841,PowerTech_0067,electronics,2025-01-14 07:02:01,10531.49,3786.53,2,small
842,CureQuick_0075,health,2025-01-14 17:04:01,1952.78,952.54,4,small
843,SkyRoute_0042,travel,2025-01-23 20:40:03,12673.48,8196.14,9,medium
844,FoodDash_0111,food_delivery,2025-01-13 05:08:47,504.67,156.73,16,small
845,StyleStreet_0120,fashion,2025-01-02 11:21:11,1914.97,1307.1,8,medium
846,WallCraft_0076,home,2025-01-30 19:39:30,3503.0,3206.34,3,small
847,MealBox_0112,food_delivery,2025-02-19 05:58:53,480.16,234.16,166,large
848,DataFlow_0111,digital_services,2025-01-19 20:20:44,515.52,269.78,37,medium
849,TrendSet_0121,fashion,2025-01-21 22:12:40,2568.96,1184.85,4,small
850,GameVerse_0063,entertainment,2025-01-14 08:17:22,1038.71,497.96,6,small
851,FashionVault_0122,fashion,2025-02-17 00:38:22,2374.32,1176.53,3,small
852,LookBook_0123,fashion,2025-01-03 20:42:51,2336.07,1190.7,69,large
853,CozyCorner_0077,home,2025-02-14 06:31:50,5209.6,2642.71,3,small
854,RoomStyle_0078,home,2025-02-13 19:03:10,4777.08,3785.66,8,medium
855,FarmDirect_0118,grocery,2025-01-22 15:00:36,669.81,343.06,12,small
856,QuickEats_0113,food_delivery,2025-01-14 12:21:01,396.89,223.04,56,medium
857,StreamLine_0112,digital_services,2025-02-06 22:06:15,615.67,299.4,7,small
858,BuildMart_0079,home,2025-02-05 20:26:29,5210.36,2523.48,13,medium
859,TastyTrail_0114,food_delivery,2025-01-26 12:37:23,514.97,250.29,166,large
860,WanderBook_0043,travel,2025-01-05 06:29:13,10832.41,8174.7,1,small
861,AppForge_0113,digital_services,2025-02-21 16:43:52,449.59,379.99,35,medium
862,NetPulse_0114,digital_services,2025-01-19 11:32:02,419.7,412.97,9,small
863,LifePulse_0076,health,2025-01-31 01:03:13,1471.77,833.95,5,small
864,AcadEdge_0067,education,2025-01-03 20:43:08,4868.74,3004.74,41,large
865,WearHouse_0124,fashion,2025-01-04 10:06:07,2637.98,1333.66,16,medium
866,HomeNest_0080,home,2025-01-05 23:40:27,4985.88,3441.61,7,medium
867,InteriorCo_0081,home,2025-02-01 00:55:19,5158.76,3875.17,2,small
868,DocConnect_0077,health,2025-02-15 02:42:37,1706.03,1095.31,2,small
869,ThreadBarn_0125,fashion,2025-01-04 10:57:08,1725.95,1475.45,3,small
870,GroceHub_0119,grocery,2025-01-24 18:02:17,651.94,307.29,55,medium
871,SaaSPoint_0115,digital_services,2025-02-18 18:09:44,576.79,285.56,5,small
872,SmartBuy_0068,electronics,2025-01-02 22:19:59,8083.68,4456.12,2,small
873,ShowTime_0064,entertainment,2025-02-20 15:41:26,816.36,521.17,7,small
874,SpiceRoute_0115,food_delivery,2025-01-15 10:05:37,447.49,218.0,10,small
875,CodeBridge_0116,digital_services,2025-02-22 15:03:34,729.85,282.97,9,small
876,DecorVault_0082,home,2025-01-17 06:15:05,5009.82,2753.53,3,small
877,ChefDoor_0116,food_delivery,2025-01-29 00:53:57,449.74,163.44,169,large
878,FreshMart_0120,grocery,2025-01-21 14:21:31,476.83,472.69,49,medium
879,MentorLab_0068,education,2025-01-13 02:48:54,3979.34,1631.68,2,small
880,KnowPath_0069,education,2025-01-11 20:01:22,4542.01,4575.62,13,medium
881,HungryOwl_0117,food_delivery,2025-01-18 03:11:30,512.22,221.0,37,medium
882,LearnHub_0070,education,2025-01-28 10:03:02,4246.38,1949.4,1,small
883,TicketBay_0065,entertainment,2025-02-15 03:56:17,608.97,597.57,5,small
884,DineExpress_0118,food_delivery,2025-01-18 17:13:03,456.05,199.38,9,small
885,UrbanStitch_0126,fashion,2025-02-21 00:15:02,1958.54,1051.1,2,small
886,CraveTown_0119,food_delivery,2025-02-16 21:34:13,419.75,156.75,58,medium
887,BiteBuddy_0120,food_delivery,2025-01-27 04:21:19,489.66,148.25,136,large
888,ModaFit_0127,fashion,2025-01-22 08:31:34,2868.18,964.62,5,small
889,ClosetBox_0128,fashion,2025-02-02 21:33:13,2237.99,1462.29,16,medium
890,DigitalNex_0117,digital_services,2025-01-08 04:44:17,461.18,304.01,9,small
891,DailyNeeds_0121,grocery,2025-01-08 04:43:18,640.37,257.66,54,medium
892,EventPulse_0066,entertainment,2025-01-18 15:53:03,959.97,395.58,18,medium
893,GreenBasket_0122,grocery,2025-01-19 10:16:57,626.37,269.04,5,small
894,FabricLane_0129,fashion,2025-01-31 01:14:12,1958.59,1114.46,2,small
895,FitPath_0078,health,2025-01-18 01:28:26,1853.09,1232.57,15,medium
896,FurniWorld_0083,home,2025-02-24 18:36:00,4385.98,1895.75,36,large
897,QuickGrocery_0123,grocery,2025-01-06 20:31:21,665.37,379.7,18,small
898,PantryPlus_0124,grocery,2025-01-28 19:02:12,563.39,148.76,8,small
899,StyleStreet_0130,fashion,2025-01-18 18:27:18,2374.98,1206.46,2,small
900,FlyEasy_0044,travel,2025-02-15 01:47:22,8592.68,7432.63,3,medium
901,FoodDash_0121,food_delivery,2025-02-28 22:37:00,481.24,183.54,40,medium
902,NatureFresh_0125,grocery,2025-01-08 17:18:02,570.38,368.42,40,medium
903,ChipNex_0069,electronics,2025-01-03 18:36:38,8742.35,4144.1,7,medium
904,MealBox_0122,food_delivery,2025-01-16 15:04:30,388.01,170.78,132,large
905,MediaWave_0067,entertainment,2025-01-25 04:04:28,1109.78,365.12,17,medium
906,PlatformX_0118,digital_services,2025-01-10 11:59:18,508.84,281.8,11,small
907,TravelNest_0045,travel,2025-01-16 04:53:27,11259.6,7624.73,6,medium
908,TrendSet_0131,fashion,2025-01-19 15:47:20,2851.86,1537.8,4,small
909,ValueMart_0126,grocery,2025-02-14 13:19:28,644.8,353.27,12,small
910,StaplePick_0127,grocery,2025-01-07 09:14:55,561.03,415.56,127,large
911,HealZone_0079,health,2025-01-12 18:33:08,1786.54,745.77,12,medium
912,HouseJoy_0084,home,2025-01-12 05:07:23,2796.11,2651.01,24,large
913,LivingSpace_0085,home,2025-01-26 13:51:21,4758.3,4127.91,3,small
914,StarStream_0068,entertainment,2025-02-12 22:28:06,1017.26,564.52,26,medium
915,AmusePark_0069,entertainment,2025-01-21 22:01:22,1078.57,426.82,4,small
916,FunZone_0070,entertainment,2025-01-15 13:09:51,900.32,499.63,6,small
917,TechZone_0070,electronics,2025-01-06 17:01:36,8201.6,3522.99,3,small
918,FashionVault_0132,fashion,2025-01-25 23:14:55,1804.05,1364.73,17,medium
919,FarmDirect_0128,grocery,2025-01-16 05:10:09,484.2,291.85,9,small
920,EduVerse_0071,education,2025-01-11 23:35:22,3923.44,2316.48,29,large
921,LookBook_0133,fashion,2025-01-16 03:26:19,1675.25,1758.22,4,small
922,WallCraft_0086,home,2025-01-12 07:22:09,4949.1,2675.62,2,small
923,SkillCraft_0072,education,2025-01-10 11:33:04,4934.51,1541.64,10,medium
924,VoyagePlan_0046,travel,2025-01-13 03:29:31,9092.39,7352.0,1,small
925,WearHouse_0134,fashion,2025-01-15 15:30:56,1845.05,1208.51,10,large
926,GroceHub_0129,grocery,2025-01-13 11:38:00,616.87,343.68,23,medium
927,ThreadBarn_0135,fashion,2025-02-06 23:12:30,2744.76,1057.33,4,small
928,CozyCorner_0087,home,2025-01-20 02:56:26,3967.0,2951.06,13,medium
929,ClassBridge_0073,education,2025-01-07 04:27:09,5354.76,2872.82,13,medium
930,ByteShift_0119,digital_services,2025-01-09 13:03:51,654.48,314.93,44,medium
931,FreshMart_0130,grocery,2025-01-11 04:52:35,733.2,360.08,44,medium
932,QuickEats_0123,food_delivery,2025-03-22 22:22:31,340.71,211.68,26,medium
933,TastyTrail_0124,food_delivery,2025-01-15 05:56:50,352.48,207.72,33,medium
934,MediCare_0080,health,2025-01-22 11:33:25,1797.87,1027.69,3,small
935,HealthFirst_0081,health,2025-01-03 21:35:56,1528.76,1179.74,11,medium
936,DailyNeeds_0131,grocery,2025-01-16 18:40:05,696.31,266.25,113,large
937,PlayBox_0071,entertainment,2025-02-18 22:42:30,964.59,597.02,15,medium
938,UrbanStitch_0136,fashion,2025-01-13 17:15:26,2003.6,962.72,12,medium
939,RoomStyle_0088,home,2025-02-17 19:06:38,3240.84,2917.09,3,small
940,ModaFit_0137,fashion,2025-01-09 03:24:01,1917.38,1178.25,14,medium
941,GreenBasket_0132,grocery,2025-01-21 00:41:14,760.79,307.19,99,large
942,BuildMart_0089,home,2025-01-21 23:25:49,3738.58,2317.49,3,small
943,ClosetBox_0138,fashion,2025-01-11 15:55:20,2151.36,1213.15,6,small
944,SpiceRoute_0125,food_delivery,2025-01-24 09:05:20,529.92,134.15,59,medium
945,ChefDoor_0126,food_delivery,2025-02-05 21:14:21,463.54,181.54,16,small
946,QuickGrocery_0133,grocery,2025-02-06 20:22:00,468.73,452.38,46,medium
947,CloudSync_0120,digital_services,2025-02-22 07:51:29,422.13,264.88,4,small
948,HomeNest_0090,home,2025-01-20 14:58:53,4217.44,2710.36,1,small
949,InteriorCo_0091,home,2025-02-10 02:23:44,5199.03,3766.08,9,medium
950,PantryPlus_0134,grocery,2025-01-18 02:11:59,617.91,380.45,39,medium
951,GlobeHopper_0047,travel,2025-01-26 08:24:11,9402.77,6955.72,4,medium
952,NatureFresh_0135,grocery,2025-01-09 17:26:29,676.06,350.65,42,medium
953,ValueMart_0136,grocery,2025-01-18 07:14:25,489.89,396.57,40,medium
954,FabricLane_0139,fashion,2025-02-12 11:17:54,3118.98,1106.97,16,medium
955,JoyRide_0072,entertainment,2025-01-25 22:53:52,1224.38,519.41,19,medium
956,DecorVault_0092,home,2025-02-08 13:34:08,3611.77,3916.96,6,medium
957,WellnessHub_0082,health,2025-01-21 02:27:22,1928.14,905.29,11,medium
958,RouteMaster_0048,travel,2025-02-02 06:11:53,8582.56,10149.0,1,small
959,PackNGo_0049,travel,2025-01-30 13:16:08,9083.78,10004.3,1,small
960,JetSetGo_0050,travel,2025-01-11 05:29:47,12803.06,9346.27,5,medium
961,TripWise_0051,travel,2025-01-04 18:10:11,6728.07,9112.57,14,large
962,HungryOwl_0127,food_delivery,2025-01-09 10:30:07,430.26,195.64,25,medium
963,StyleStreet_0140,fashion,2025-01-04 04:57:46,2269.18,872.55,4,small
964,TrendSet_0141,fashion,2025-01-27 15:18:56,2256.26,1457.77,11,medium
965,GameVerse_0073,entertainment,2025-02-03 07:20:02,1017.74,594.69,5,small
966,DineExpress_0128,food_delivery,2025-01-16 15:41:07,383.48,142.25,54,medium
967,ShowTime_0074,entertainment,2025-01-23 10:23:47,689.41,619.94,15,medium
968,FashionVault_0142,fashion,2025-01-31 07:51:17,1875.76,1256.07,11,medium
969,StudyNest_0074,education,2025-01-21 10:08:41,3506.41,2992.99,10,medium
970,StaplePick_0137,grocery,2025-01-14 04:41:41,662.7,364.36,5,small
971,FarmDirect_0138,grocery,2025-01-09 05:54:01,691.14,361.2,15,small
972,GadgetHub_0071,electronics,2025-02-23 02:52:46,9226.97,3838.44,31,large
973,LookBook_0143,fashion,2025-01-18 14:41:12,2094.65,1259.32,13,medium
974,FurniWorld_0093,home,2025-02-01 22:56:31,4915.58,2774.11,14,medium
975,GroceHub_0139,grocery,2025-01-17 14:20:13,861.82,411.18,17,small
976,BrainWorks_0075,education,2025-02-10 12:22:05,2345.59,1789.31,2,small
977,CraveTown_0129,food_delivery,2025-01-20 04:56:08,452.47,192.07,7,small
978,BiteBuddy_0130,food_delivery,2025-02-14 14:31:13,519.1,286.17,20,small
979,SkyRoute_0052,travel,2025-01-26 09:25:23,14605.26,8361.79,1,small
980,WearHouse_0144,fashion,2025-01-04 08:40:51,2226.11,1705.34,40,large
981,TicketBay_0075,entertainment,2025-01-13 00:21:30,731.76,610.73,27,medium
982,PharmEasy_0083,health,2025-01-23 10:15:05,1545.63,947.7,3,small
983,DataFlow_0121,digital_services,2025-01-23 05:05:08,506.27,366.22,6,small
984,FoodDash_0131,food_delivery,2025-02-11 11:57:03,515.38,204.07,25,small
985,ThreadBarn_0145,fashion,2025-02-09 10:52:30,2314.78,1176.74,17,medium
986,EventPulse_0076,entertainment,2025-01-26 19:04:07,749.43,320.47,5,small
987,FreshMart_0140,grocery,2025-01-16 02:28:01,623.09,238.54,39,medium
988,ElectroMart_0072,electronics,2025-01-06 07:06:08,6019.47,3721.85,8,medium
989,DailyNeeds_0141,grocery,2025-01-12 00:38:01,660.18,321.23,11,small
990,VitalCare_0084,health,2025-01-13 04:28:00,1564.78,1002.16,12,medium
991,StreamLine_0122,digital_services,2025-01-15 02:59:25,418.98,316.06,97,large
992,CureQuick_0085,health,2025-01-18 04:51:30,1750.14,1484.21,3,small
993,LifePulse_0086,health,2025-01-09 02:10:49,1716.23,915.52,2,small
994,GreenBasket_0142,grocery,2025-01-26 02:28:47,722.02,301.96,99,large
995,MediaWave_0077,entertainment,2025-01-04 19:42:55,719.26,401.51,28,large
996,MealBox_0132,food_delivery,2025-01-10 14:12:53,422.22,234.93,52,medium
997,AppForge_0123,digital_services,2025-01-19 23:07:46,640.45,345.06,34,medium
998,DigitalWorld_0073,electronics,2025-01-08 22:30:27,10759.18,3922.28,2,small
999,StarStream_0078,entertainment,2025-01-05 16:10:55,798.28,654.38,20,medium
1000,QuickGrocery_0143,grocery,2025-02-23 02:20:18,581.93,391.14,9,small
1001,ByteStore_0074,electronics,2025-01-27 18:06:42,9140.17,4331.07,2,small
1002,QuickEats_0133,food_delivery,2025-01-13 22:10:41,483.95,140.49,52,medium
1003,UrbanStitch_0146,fashion,2025-02-06 15:33:01,2033.4,1886.94,47,large
1004,ModaFit_0147,fashion,2025-02-07 13:33:07,1985.3,869.21,20,medium
1005,NetPulse_0124,digital_services,2025-01-22 11:40:50,468.5,252.52,9,small
1006,TastyTrail_0134,food_delivery,2025-02-07 22:27:31,488.98,225.36,15,small
1007,AmusePark_0079,entertainment,2025-01-11 09:38:54,823.88,523.2,66,large
1008,PantryPlus_0144,grocery,2025-01-23 17:17:07,694.61,426.61,122,large
1009,SaaSPoint_0125,digital_services,2025-02-08 20:22:12,426.49,291.34,36,medium
1010,SpiceRoute_0135,food_delivery,2025-01-16 17:56:06,342.81,128.77,63,medium
1011,CodeBridge_0126,digital_services,2025-02-21 20:53:42,636.81,224.09,9,small
1012,CourseTrail_0076,education,2025-01-14 14:12:00,3200.34,2369.58,3,small
1013,ChefDoor_0136,food_delivery,2025-01-16 20:27:56,372.43,155.71,13,small
1014,FunZone_0080,entertainment,2025-01-14 05:56:46,778.19,387.4,7,small
1015,NatureFresh_0145,grocery,2025-01-17 14:26:39,606.16,320.47,13,small
1016,ClosetBox_0148,fashion,2025-01-07 13:39:03,2153.59,1400.99,10,medium
1017,DigitalNex_0127,digital_services,2025-01-25 19:50:19,374.24,281.41,9,small
1018,HouseJoy_0094,home,2025-02-01 23:39:12,3383.32,2167.35,3,small
1019,CircuitCity_0075,electronics,2025-01-15 20:54:27,7590.66,2837.99,10,medium
1020,HungryOwl_0137,food_delivery,2025-02-24 15:56:15,412.09,245.99,15,small
1021,LivingSpace_0095,home,2025-01-30 20:05:38,4765.28,2873.1,1,small
1022,PlatformX_0128,digital_services,2025-01-03 03:53:37,397.69,292.46,33,medium
1023,PlayBox_0081,entertainment,2025-01-21 11:43:14,531.55,494.64,3,small
1024,WanderBook_0053,travel,2025-02-22 07:27:43,12563.09,7968.96,6,medium
1025,ByteShift_0129,digital_services,2025-01-10 21:45:49,596.01,327.54,113,large
1026,ValueMart_0146,grocery,2025-01-04 10:58:19,613.21,547.62,7,small
1027,JoyRide_0082,entertainment,2025-02-20 06:07:11,720.84,590.14,73,large
1028,DineExpress_0138,food_delivery,2025-01-24 20:57:08,479.24,227.01,56,large
1029,CloudSync_0130,digital_services,2025-01-30 08:30:07,643.04,287.77,41,medium
1030,CraveTown_0139,food_delivery,2025-01-04 06:49:24,327.99,210.26,41,medium
1031,AcadEdge_0077,education,2025-01-30 02:53:48,3929.09,2658.54,11,medium
1032,DataFlow_0131,digital_services,2025-01-15 23:50:28,404.7,296.58,28,medium
1033,FlyEasy_0054,travel,2025-01-21 00:31:03,13188.74,9582.88,5,medium
1034,WallCraft_0096,home,2025-02-24 05:13:52,3351.44,3064.55,5,small
1035,BiteBuddy_0140,food_delivery,2025-01-15 14:17:24,548.76,81.02,152,large
1036,StreamLine_0132,digital_services,2025-01-30 03:25:09,583.89,289.06,25,medium
1037,StaplePick_0147,grocery,2025-01-27 11:14:46,621.97,388.65,26,medium
1038,FoodDash_0141,food_delivery,2025-02-11 18:55:30,521.32,197.76,10,small
1039,MealBox_0142,food_delivery,2025-01-09 07:22:57,517.46,138.19,12,small
1040,FabricLane_0149,fashion,2025-01-19 02:26:22,1994.2,1714.55,11,medium
1041,StyleStreet_0150,fashion,2025-01-04 10:35:54,1424.21,1060.36,17,medium
1042,AppForge_0133,digital_services,2025-01-18 02:23:26,570.57,436.59,12,small
1043,NetPulse_0134,digital_services,2025-01-22 18:13:16,516.91,246.52,13,small
1044,SaaSPoint_0135,digital_services,2025-01-26 16:47:29,466.83,260.51,7,small
1045,MegaPixel_0076,electronics,2025-01-16 00:26:27,6997.25,3627.98,7,medium
1046,FarmDirect_0148,grocery,2025-01-22 06:15:49,726.72,322.83,7,small
1047,TrendSet_0151,fashion,2025-02-09 09:19:14,1622.64,1250.3,45,large
1048,DocConnect_0087,health,2025-01-14 03:22:12,1633.71,906.51,4,small
1049,CozyCorner_0097,home,2025-01-06 22:17:32,5751.49,2531.91,3,small
1050,GroceHub_0149,grocery,2025-01-12 11:09:36,750.62,295.67,11,small
1051,CodeBridge_0136,digital_services,2025-01-27 03:44:11,496.58,221.32,31,medium
1052,FashionVault_0152,fashion,2025-01-13 01:44:45,2211.36,1333.22,2,small
1053,FreshMart_0150,grocery,2025-01-23 23:23:04,651.05,446.72,64,medium
1054,LookBook_0153,fashion,2025-01-18 06:42:20,2660.85,917.5,51,large
1055,DailyNeeds_0151,grocery,2025-02-10 20:58:01,599.27,369.87,9,small
1056,DigitalNex_0137,digital_services,2025-01-23 04:01:36,345.79,279.33,36,medium
1057,RoomStyle_0098,home,2025-02-02 02:54:38,4759.2,3241.77,3,small
1058,GreenBasket_0152,grocery,2025-02-19 20:51:36,692.48,387.07,11,small
1059,TravelNest_0055,travel,2025-01-09 07:45:49,12198.94,10789.21,1,small
1060,PlatformX_0138,digital_services,2025-01-20 12:12:16,503.83,306.17,8,small
1061,GameVerse_0083,entertainment,2025-01-25 15:01:38,734.7,520.87,16,medium
1062,MentorLab_0078,education,2025-01-25 12:13:16,3390.86,2104.74,10,medium
1063,QuickGrocery_0153,grocery,2025-01-23 07:54:06,711.34,335.17,15,medium
1064,ByteShift_0139,digital_services,2025-01-06 03:20:45,553.13,307.21,21,medium
1065,PantryPlus_0154,grocery,2025-01-14 13:03:04,731.19,252.11,52,medium
1066,ShowTime_0084,entertainment,2025-02-02 13:44:29,791.4,273.11,6,small
1067,QuickEats_0143,food_delivery,2025-01-08 13:26:41,425.63,177.73,11,small
1068,CloudSync_0140,digital_services,2025-02-04 23:43:07,488.55,270.89,3,small
1069,PowerTech_0077,electronics,2025-01-31 14:13:08,10026.48,3804.51,6,medium
1070,TastyTrail_0144,food_delivery,2025-01-16 10:33:51,382.29,230.83,91,large
1071,BuildMart_0099,home,2025-01-23 07:39:27,4620.59,2649.81,2,small
1072,KnowPath_0079,education,2025-01-20 02:46:12,2672.33,2189.84,10,medium
1073,SpiceRoute_0145,food_delivery,2025-01-26 21:46:50,464.12,168.58,48,medium
1074,TicketBay_0085,entertainment,2025-01-08 10:45:14,933.27,333.74,19,medium
1075,HomeNest_0100,home,2025-01-26 01:35:04,3644.29,2368.39,10,medium
1076,NatureFresh_0155,grocery,2025-02-01 18:56:58,592.75,264.82,55,medium
1077,VoyagePlan_0056,travel,2025-01-25 23:32:46,14208.21,4908.31,2,medium
1078,ChefDoor_0146,food_delivery,2025-01-18 22:24:31,485.61,188.61,217,large
1079,DataFlow_0141,digital_services,2025-01-23 21:09:52,555.47,317.97,6,small
1080,ValueMart_0156,grocery,2025-01-20 07:12:33,701.6,260.7,166,large
1081,StaplePick_0157,grocery,2025-02-15 08:54:29,694.32,292.26,14,small
1082,InteriorCo_0101,home,2025-01-23 17:53:53,6517.37,2869.43,11,medium
1083,EventPulse_0086,entertainment,2025-01-23 23:55:25,735.23,508.54,3,small
1084,DecorVault_0102,home,2025-02-05 15:36:55,4499.52,3026.15,4,small
1085,MediaWave_0087,entertainment,2025-01-12 07:54:45,530.75,471.91,8,small
1086,StreamLine_0142,digital_services,2025-01-15 22:53:15,478.24,289.72,6,small
1087,FitPath_0088,health,2025-01-18 22:01:35,1520.22,634.83,2,small
1088,HealZone_0089,health,2025-02-19 00:15:59,1503.19,1023.61,2,small
1089,HungryOwl_0147,food_delivery,2025-01-26 05:19:17,421.22,181.91,14,small
1090,DineExpress_0148,food_delivery,2025-01-18 13:07:50,418.29,157.53,15,small
1091,FarmDirect_0158,grocery,2025-01-14 22:54:32,762.09,358.99,32,medium
1092,AppForge_0143,digital_services,2025-01-15 10:12:36,488.92,176.96,86,large
1093,GroceHub_0159,grocery,2025-01-10 06:18:20,607.96,284.66,30,medium
1094,FreshMart_0160,grocery,2025-01-25 14:30:17,606.93,419.47,15,small
1095,LearnHub_0080,education,2025-01-22 12:15:09,2803.91,2240.96,2,small
1096,CraveTown_0149,food_delivery,2025-01-05 23:55:55,498.57,205.82,154,large
1097,DailyNeeds_0161,grocery,2025-02-18 19:53:34,706.31,308.25,16,small
1098,MediCare_0090,health,2025-01-20 00:07:15,1799.48,828.82,3,small
1099,FurniWorld_0103,home,2025-02-07 07:03:25,5608.74,2744.91,38,large
1100,WearHouse_0154,fashion,2025-01-15 00:54:36,1974.88,1016.24,53,large
1101,SmartBuy_0078,electronics,2025-02-01 16:04:00,7451.23,4658.03,2,small
1102,GreenBasket_0162,grocery,2025-01-03 14:37:06,558.27,345.0,33,medium
1103,HealthFirst_0091,health,2025-02-02 15:13:17,1904.69,1377.56,3,small
1104,HouseJoy_0104,home,2025-02-04 00:54:38,4980.4,3014.66,10,medium
1105,ThreadBarn_0155,fashion,2025-01-13 10:18:00,2140.53,994.22,4,small
1106,WellnessHub_0092,health,2025-01-10 13:06:31,1713.38,819.04,4,small
1107,UrbanStitch_0156,fashion,2025-01-20 04:41:15,2235.64,1145.26,21,medium
1108,BiteBuddy_0150,food_delivery,2025-01-27 00:39:19,339.84,250.91,11,small
1109,StarStream_0088,entertainment,2025-01-15 01:44:18,831.73,441.19,14,medium
1110,ModaFit_0157,fashion,2025-01-03 09:44:54,2673.0,1645.49,4,small
1111,ClosetBox_0158,fashion,2025-01-14 07:20:02,2320.77,1213.68,68,large
1112,FoodDash_0151,food_delivery,2025-01-18 18:16:57,323.21,215.08,39,medium
1113,EduVerse_0081,education,2025-01-22 06:20:06,1733.03,2319.73,4,small
1114,AmusePark_0089,entertainment,2025-01-28 13:08:01,701.59,579.08,27,medium
1115,FunZone_0090,entertainment,2025-02-05 19:47:16,798.1,512.05,2,small
1116,ChipNex_0079,electronics,2025-02-26 22:40:26,7640.6,4725.61,2,small
1117,FabricLane_0159,fashion,2025-01-23 16:06:45,2332.24,1231.96,7,small
1118,PharmEasy_0093,health,2025-02-05 20:50:24,1670.84,1321.08,37,large
1119,QuickGrocery_0163,grocery,2025-01-09 05:32:43,827.89,264.25,42,medium
1120,LivingSpace_0105,home,2025-01-07 12:34:36,4145.68,3083.68,41,large
1121,NetPulse_0144,digital_services,2025-02-12 20:45:05,534.09,373.22,71,large
1122,StyleStreet_0160,fashion,2025-01-12 00:06:27,1903.78,1203.87,44,large
1123,WallCraft_0106,home,2025-02-04 15:18:10,4332.73,2424.82,4,small
1124,TrendSet_0161,fashion,2025-01-01 22:06:15,2069.38,1542.26,45,large
1125,MealBox_0152,food_delivery,2025-02-15 06:35:45,488.91,222.31,37,medium
1126,SkillCraft_0082,education,2025-01-05 13:34:18,3775.4,3464.17,3,small
1127,GlobeHopper_0057,travel,2025-02-11 03:16:08,14163.06,9109.23,5,medium
1128,SaaSPoint_0145,digital_services,2025-01-18 01:08:46,516.78,332.84,11,small
1129,CodeBridge_0146,digital_services,2025-02-03 07:59:00,378.31,314.84,8,small
1130,PlayBox_0091,entertainment,2025-01-23 06:25:22,741.27,629.6,4,small
1131,JoyRide_0092,entertainment,2025-01-24 20:33:23,590.78,579.57,3,small
1132,RouteMaster_0058,travel,2025-01-15 21:36:23,7372.94,9453.23,1,small
1133,FashionVault_0162,fashion,2025-02-01 11:10:37,2370.18,1093.82,26,large
1134,DigitalNex_0147,digital_services,2025-02-23 23:38:33,393.28,283.67,18,medium
1135,GameVerse_0093,entertainment,2025-02-05 12:54:48,846.06,453.75,21,medium
1136,PantryPlus_0164,grocery,2025-01-14 03:28:55,666.29,377.08,13,small
1137,QuickEats_0153,food_delivery,2025-02-02 19:48:08,429.37,207.36,16,small
1138,TastyTrail_0154,food_delivery,2025-01-09 18:53:00,304.27,225.86,15,small
1139,TechZone_0080,electronics,2025-01-10 16:23:20,9176.86,2970.53,7,medium
1140,PlatformX_0148,digital_services,2025-01-19 05:01:58,401.76,344.68,5,small
1141,SpiceRoute_0155,food_delivery,2025-01-18 00:22:11,394.28,221.37,40,medium
1142,VitalCare_0094,health,2025-01-21 00:41:58,1521.48,1181.34,15,medium
1143,CozyCorner_0107,home,2025-01-26 10:22:20,5149.86,3509.23,9,medium
1144,CureQuick_0095,health,2025-02-06 03:19:46,1738.62,870.38,37,large
1145,ChefDoor_0156,food_delivery,2025-01-24 06:38:59,418.33,182.68,17,small
1146,NatureFresh_0165,grocery,2025-02-10 00:21:16,774.38,377.88,184,large
1147,ByteShift_0149,digital_services,2025-02-25 21:15:47,436.5,189.72,36,medium
1148,LifePulse_0096,health,2025-02-10 13:05:34,1568.45,945.26,5,medium
1149,PackNGo_0059,travel,2025-01-29 18:58:11,9841.9,5596.44,4,medium
1150,RoomStyle_0108,home,2025-01-21 15:08:34,4144.9,3053.98,13,medium
1151,LookBook_0163,fashion,2025-02-18 21:51:26,2443.69,810.68,53,large
1152,BuildMart_0109,home,2025-01-23 21:15:10,4600.58,2941.3,2,small
1153,WearHouse_0164,fashion,2025-01-31 13:36:35,2273.64,1033.95,14,medium
1154,ThreadBarn_0165,fashion,2025-02-10 21:47:31,2626.22,1031.06,10,medium
1155,JetSetGo_0060,travel,2025-01-16 09:02:40,11851.9,6191.09,1,small
1156,GadgetHub_0081,electronics,2025-01-04 23:24:41,8086.64,5158.9,23,large
1157,ElectroMart_0082,electronics,2025-01-25 09:40:09,8714.29,2295.88,2,small
1158,DigitalWorld_0083,electronics,2025-01-31 20:46:50,8612.04,3468.07,8,medium
1159,HungryOwl_0157,food_delivery,2025-01-22 13:13:06,460.21,157.62,16,small
1160,DocConnect_0097,health,2025-03-02 20:40:05,2159.14,954.41,2,small
1161,ByteStore_0084,electronics,2025-01-24 09:41:52,8286.9,4683.69,5,medium
1162,CloudSync_0150,digital_services,2025-02-09 03:09:34,552.07,259.32,9,small
1163,FitPath_0098,health,2025-01-29 01:41:56,1630.7,886.6,5,small
1164,UrbanStitch_0166,fashion,2025-01-06 02:17:18,1692.73,1316.49,6,small
1165,ModaFit_0167,fashion,2025-01-05 08:50:45,2446.79,880.54,2,small
1166,HomeNest_0110,home,2025-02-18 12:47:21,3823.54,3094.74,10,medium
1167,HealZone_0099,health,2025-01-26 05:57:48,1418.49,825.45,27,large
1168,TripWise_0061,travel,2025-01-20 07:17:13,11566.21,11175.51,1,small
1169,MediCare_0100,health,2025-01-23 10:26:29,1506.91,773.37,14,medium
1170,ClosetBox_0168,fashion,2025-01-16 12:00:38,2185.12,984.91,4,small
1171,DineExpress_0158,food_delivery,2025-02-12 19:08:08,402.51,211.84,90,medium
1172,DataFlow_0151,digital_services,2025-02-08 18:52:40,549.58,294.42,7,small
1173,ValueMart_0166,grocery,2025-01-16 01:16:44,508.94,401.36,14,small
1174,HealthFirst_0101,health,2025-01-30 15:58:59,1660.17,1242.67,3,small
1175,SkyRoute_0062,travel,2025-02-15 13:26:47,13859.43,8473.92,4,medium
1176,WellnessHub_0102,health,2025-01-28 09:37:00,1513.53,970.89,15,medium
1177,CraveTown_0159,food_delivery,2025-01-06 00:30:06,419.51,217.59,10,small
1178,BiteBuddy_0160,food_delivery,2025-01-26 22:04:07,496.8,212.52,31,medium
1179,StaplePick_0167,grocery,2025-01-15 05:30:15,626.48,415.2,24,medium
1180,FarmDirect_0168,grocery,2025-02-16 21:10:27,537.55,345.14,19,small
1181,PharmEasy_0103,health,2025-02-17 06:23:29,1598.23,1099.05,12,medium
1182,FabricLane_0169,fashion,2025-02-10 09:06:10,1987.77,1238.67,38,large
1183,StyleStreet_0170,fashion,2025-01-25 01:34:01,2071.19,801.29,4,small
1184,TrendSet_0171,fashion,2025-01-19 05:45:55,2523.67,1213.78,19,medium
1185,FashionVault_0172,fashion,2025-02-25 18:31:07,2408.92,1185.71,3,small
1186,VitalCare_0104,health,2025-01-04 05:10:05,1654.12,705.9,11,medium
1187,FoodDash_0161,food_delivery,2025-01-14 14:53:07,458.76,268.62,17,small
1188,ShowTime_0094,entertainment,2025-01-25 11:12:00,670.27,356.06,18,medium
1189,LookBook_0173,fashion,2025-02-03 04:42:05,2492.24,1147.05,5,small
1190,StreamLine_0152,digital_services,2025-01-21 20:44:08,483.7,343.02,15,medium
1191,MealBox_0162,food_delivery,2025-01-27 12:31:16,546.25,155.5,185,large
1192,QuickEats_0163,food_delivery,2025-01-07 02:11:08,433.67,195.37,13,small
1193,InteriorCo_0111,home,2025-01-21 19:26:51,4730.04,3274.51,39,large
1194,TicketBay_0095,entertainment,2025-02-27 17:25:52,1011.19,533.18,90,large
1195,DecorVault_0112,home,2025-02-22 17:04:06,4583.68,3646.46,33,large
1196,WearHouse_0174,fashion,2025-02-01 10:44:28,2002.29,1243.5,5,small
1197,GroceHub_0169,grocery,2025-01-09 04:56:42,646.62,378.9,50,medium
1198,AppForge_0153,digital_services,2025-01-15 11:12:18,497.9,123.37,13,small
1199,FreshMart_0170,grocery,2025-01-13 03:10:54,618.75,292.37,7,small
1200,NetPulse_0154,digital_services,2025-01-27 08:23:58,469.72,266.24,70,large
1201,ClassBridge_0083,education,2025-01-15 05:47:12,2988.41,2764.87,16,medium
1202,StudyNest_0084,education,2025-01-07 07:32:45,4115.43,3061.3,8,medium
1203,CureQuick_0105,health,2025-01-25 02:26:37,1831.4,1085.3,2,small
1204,SaaSPoint_0155,digital_services,2025-02-21 10:37:11,461.68,351.27,39,medium
1205,CircuitCity_0085,electronics,2025-01-08 06:42:25,8580.89,3043.87,7,medium
1206,MegaPixel_0086,electronics,2025-02-08 01:01:16,6770.4,4060.16,2,small
1207,BrainWorks_0085,education,2025-01-26 22:16:01,3296.97,2620.86,33,large
1208,TastyTrail_0164,food_delivery,2025-02-22 17:14:34,465.41,151.94,13,small
1209,DailyNeeds_0171,grocery,2025-01-07 14:36:08,693.03,460.51,11,small
1210,SpiceRoute_0165,food_delivery,2025-01-21 19:38:46,483.05,235.13,47,medium
1211,LifePulse_0106,health,2025-02-05 02:44:24,2144.52,1240.43,50,large
1212,DocConnect_0107,health,2025-01-05 19:10:27,1937.53,1472.03,2,small
1213,CourseTrail_0086,education,2025-01-11 13:29:05,5093.06,2884.15,4,small
1214,ChefDoor_0166,food_delivery,2025-01-07 12:22:30,430.8,233.78,21,small
1215,GreenBasket_0172,grocery,2025-01-04 10:44:11,535.83,338.57,42,large
1216,WanderBook_0063,travel,2025-01-25 07:46:29,11572.0,6694.39,1,small
1217,QuickGrocery_0173,grocery,2025-01-07 17:21:10,956.98,470.25,22,medium
1218,AcadEdge_0087,education,2025-01-05 11:10:32,3916.8,2899.47,26,large
1219,CodeBridge_0156,digital_services,2025-01-23 22:20:55,516.05,316.56,5,small
1220,PowerTech_0087,electronics,2025-01-24 07:15:12,7262.4,4137.84,8,medium
1221,SmartBuy_0088,electronics,2025-01-07 17:12:29,7649.72,3364.5,7,medium
1222,PantryPlus_0174,grocery,2025-02-15 11:45:41,743.05,344.65,59,medium
1223,FurniWorld_0113,home,2025-02-14 01:38:09,3873.76,3115.87,2,small
1224,DigitalNex_0157,digital_services,2025-01-01 19:01:49,552.92,253.1,14,small
1225,ThreadBarn_0175,fashion,2025-02-03 02:32:22,1591.38,1611.72,4,small
1226,HouseJoy_0114,home,2025-01-21 08:01:46,4997.18,3800.71,12,medium
1227,HungryOwl_0167,food_delivery,2025-01-05 11:46:41,406.2,224.0,78,medium
1228,DineExpress_0168,food_delivery,2025-01-15 18:55:28,396.76,284.74,16,small
1229,EventPulse_0096,entertainment,2025-01-10 16:49:38,735.02,410.67,5,small
1230,ChipNex_0089,electronics,2025-01-29 21:34:42,6153.67,3667.8,22,large
1231,NatureFresh_0175,grocery,2025-01-23 12:36:45,537.19,402.35,11,small
1232,MentorLab_0088,education,2025-01-11 02:26:01,3023.15,2337.33,3,small
1233,UrbanStitch_0176,fashion,2025-01-23 22:45:29,2226.36,1031.77,15,medium
1234,PlatformX_0158,digital_services,2025-01-22 15:34:09,495.44,231.63,8,small
1235,ValueMart_0176,grocery,2025-01-10 11:01:44,710.83,390.05,11,small
1236,ModaFit_0177,fashion,2025-02-07 01:10:52,2443.64,964.81,3,small
1237,StaplePick_0177,grocery,2025-01-19 14:20:53,623.62,454.83,12,small
1238,CraveTown_0169,food_delivery,2025-01-18 20:12:15,433.48,261.77,45,medium
1239,ClosetBox_0178,fashion,2025-02-11 07:44:03,3004.5,1077.29,10,medium
1240,FabricLane_0179,fashion,2025-02-22 02:26:06,2140.11,1140.22,11,medium
1241,LivingSpace_0115,home,2025-02-07 04:04:22,6841.78,3191.18,3,small
1242,FarmDirect_0178,grocery,2025-01-15 01:57:21,601.5,309.56,52,medium
1243,BiteBuddy_0170,food_delivery,2025-02-13 02:12:18,349.45,154.29,13,small
1244,TechZone_0090,electronics,2025-01-08 20:03:40,10121.26,3700.39,8,medium
1245,FoodDash_0171,food_delivery,2025-01-06 08:05:29,451.66,251.85,7,small
1246,GroceHub_0179,grocery,2025-01-05 22:05:46,727.28,336.08,51,medium
1247,KnowPath_0089,education,2025-01-10 21:47:20,2885.54,2512.2,2,small
1248,FreshMart_0180,grocery,2025-01-29 11:14:10,544.74,260.37,9,small
1249,WallCraft_0116,home,2025-02-12 20:27:02,4616.94,2545.85,2,small
1250,MediaWave_0097,entertainment,2025-01-14 19:09:08,517.13,462.94,7,small
1251,StyleStreet_0180,fashion,2025-02-13 07:16:35,2453.86,1179.14,4,small
1252,TrendSet_0181,fashion,2025-01-03 16:23:36,1901.83,1589.87,24,medium
1253,FashionVault_0182,fashion,2025-02-06 04:27:13,2259.34,1821.76,11,medium
1254,LearnHub_0090,education,2025-01-13 06:23:20,2561.69,2145.19,2,small
1255,LookBook_0183,fashion,2025-01-19 12:45:03,3032.34,1132.52,33,large
1256,CozyCorner_0117,home,2025-01-23 22:53:58,3691.39,3684.01,12,medium
1257,FitPath_0108,health,2025-01-26 10:27:36,1654.36,624.84,23,large
1258,HealZone_0109,health,2025-01-28 06:29:48,2316.37,1137.76,12,medium
1259,FlyEasy_0064,travel,2025-01-10 11:55:54,16485.2,11133.32,4,medium
1260,StarStream_0098,entertainment,2025-01-25 00:18:49,797.36,441.8,18,medium
1261,GadgetHub_0091,electronics,2025-01-12 00:12:02,6716.41,2807.69,3,medium
1262,MealBox_0172,food_delivery,2025-01-06 22:00:16,515.06,137.54,237,large
1263,DailyNeeds_0181,grocery,2025-01-26 05:00:04,573.31,471.61,10,small
1264,AmusePark_0099,entertainment,2025-01-23 00:45:00,565.07,628.38,8,small
1265,EduVerse_0091,education,2025-01-04 07:15:16,2820.46,2334.17,2,small
1266,MediCare_0110,health,2025-01-09 05:14:31,1763.84,1021.57,32,large
1267,WearHouse_0184,fashion,2025-01-04 19:12:45,1545.2,1060.59,5,small
1268,FunZone_0100,entertainment,2025-02-19 11:05:12,768.67,467.26,14,medium
1269,TravelNest_0065,travel,2025-01-06 18:22:50,10535.88,10254.32,3,medium
1270,VoyagePlan_0066,travel,2025-01-24 00:36:16,13729.98,8075.29,16,large
1271,PlayBox_0101,entertainment,2025-01-22 03:43:28,690.15,464.82,5,small
1272,QuickEats_0173,food_delivery,2025-02-15 20:03:43,418.76,213.26,56,medium
1273,TastyTrail_0174,food_delivery,2025-01-03 11:08:07,580.36,211.13,63,large
1274,SkillCraft_0092,education,2025-02-21 21:33:31,4372.26,2398.06,4,small
1275,ThreadBarn_0185,fashion,2025-02-09 01:06:01,2729.53,1078.74,18,medium
1276,GreenBasket_0182,grocery,2025-01-29 14:04:07,587.63,350.19,14,small
1277,UrbanStitch_0186,fashion,2025-01-30 06:13:23,2600.68,1414.85,15,medium
1278,ModaFit_0187,fashion,2025-01-28 20:09:29,3094.03,1112.4,7,medium
1279,RoomStyle_0118,home,2025-01-08 01:38:23,3226.77,3884.4,2,small
1280,ClassBridge_0093,education,2025-01-22 07:42:57,3619.29,2228.74,2,small
1281,SpiceRoute_0175,food_delivery,2025-02-05 11:06:08,402.77,218.85,14,small
1282,ChefDoor_0176,food_delivery,2025-02-04 11:43:13,476.1,213.58,13,small
1283,HungryOwl_0177,food_delivery,2025-01-22 21:05:53,362.48,138.17,95,medium
1284,ByteShift_0159,digital_services,2025-01-16 21:50:18,633.04,380.41,7,small
1285,JoyRide_0102,entertainment,2025-01-17 06:24:36,801.43,418.46,3,small
1286,GameVerse_0103,entertainment,2025-01-04 17:56:00,711.68,632.62,25,medium
1287,DineExpress_0178,food_delivery,2025-01-30 20:03:35,391.8,187.41,61,medium
1288,QuickGrocery_0183,grocery,2025-01-07 20:36:44,590.05,355.57,44,medium
1289,CraveTown_0179,food_delivery,2025-01-12 11:16:12,473.46,210.17,120,large
1290,StudyNest_0094,education,2025-01-02 17:58:48,3086.77,1933.18,1,small
1291,BiteBuddy_0180,food_delivery,2025-01-08 13:47:48,443.12,232.65,29,medium
1292,CloudSync_0160,digital_services,2025-01-13 23:35:16,524.57,347.08,4,small
1293,BrainWorks_0095,education,2025-01-06 06:39:00,3297.06,3323.11,11,medium
1294,PantryPlus_0184,grocery,2025-02-16 04:46:59,453.6,396.08,93,large
1295,NatureFresh_0185,grocery,2025-01-03 05:38:15,722.59,301.69,39,medium
1296,FoodDash_0181,food_delivery,2025-01-14 08:00:51,417.75,200.13,41,medium
1297,ClosetBox_0188,fashion,2025-01-07 16:27:03,2119.53,917.85,17,medium
1298,FabricLane_0189,fashion,2025-01-20 15:07:36,2263.1,812.03,5,small
1299,DataFlow_0161,digital_services,2025-01-29 11:47:12,484.13,309.71,36,medium
1300,MealBox_0182,food_delivery,2025-01-22 23:24:37,469.69,246.61,45,medium
1301,ValueMart_0186,grocery,2025-02-03 15:56:31,758.62,358.6,138,large
1302,CourseTrail_0096,education,2025-02-22 00:51:44,3802.72,3120.37,3,small
1303,HealthFirst_0111,health,2025-02-06 06:32:37,1667.12,871.75,3,small
1304,StaplePick_0187,grocery,2025-01-03 19:19:23,570.19,276.35,14,medium
1305,WellnessHub_0112,health,2025-02-06 22:19:42,1335.22,1397.08,2,small
1306,ShowTime_0104,entertainment,2025-01-15 02:02:17,1085.52,540.32,5,small
1307,AcadEdge_0097,education,2025-02-07 06:21:10,2374.55,2502.33,4,small
1308,StreamLine_0162,digital_services,2025-01-18 02:10:08,640.19,316.45,19,medium
1309,ElectroMart_0092,electronics,2025-01-30 13:35:05,7351.4,3317.93,3,small
1310,TicketBay_0105,entertainment,2025-02-11 03:38:18,1044.76,519.59,5,small
1311,QuickEats_0183,food_delivery,2025-01-26 17:50:47,542.92,160.86,15,small
1312,EventPulse_0106,entertainment,2025-02-07 05:44:40,869.44,413.72,48,large
1313,MentorLab_0098,education,2025-01-07 22:22:15,2964.7,3208.36,15,medium
1314,DigitalWorld_0093,electronics,2025-01-19 23:18:33,8637.75,3785.43,1,small
1315,ByteStore_0094,electronics,2025-01-12 16:43:07,8502.1,3559.82,2,small
1316,AppForge_0163,digital_services,2025-01-18 06:08:27,537.19,275.68,28,medium
1317,KnowPath_0099,education,2025-01-11 10:53:23,3360.91,2341.22,2,small
1318,CircuitCity_0095,electronics,2025-02-21 07:38:49,9414.64,2583.41,11,medium
1319,NetPulse_0164,digital_services,2025-01-07 10:13:14,512.2,336.6,10,small
1320,BuildMart_0119,home,2025-02-08 17:29:43,3862.75,2451.38,20,large
1321,GlobeHopper_0067,travel,2025-01-27 09:15:42,11407.04,9118.73,1,small
1322,TastyTrail_0184,food_delivery,2025-01-23 23:59:12,486.48,105.28,44,medium
1323,MegaPixel_0096,electronics,2025-02-12 19:01:54,9900.56,3863.22,1,small
1324,PharmEasy_0113,health,2025-01-27 11:18:58,1602.95,394.4,25,large
1325,FarmDirect_0188,grocery,2025-02-05 23:39:50,761.01,309.22,103,large
1326,HomeNest_0120,home,2025-02-20 11:21:04,2401.37,2021.5,13,medium
1327,SpiceRoute_0185,food_delivery,2025-01-16 11:56:39,487.04,148.1,12,small
1328,LearnHub_0100,education,2025-01-29 18:21:06,3478.12,1901.94,1,small
1329,GroceHub_0189,grocery,2025-01-04 22:51:18,633.28,390.08,47,medium
1330,StyleStreet_0190,fashion,2025-01-14 10:27:46,2515.09,827.15,15,medium
1331,VitalCare_0114,health,2025-01-14 15:44:07,1719.46,982.56,3,small
1332,RouteMaster_0068,travel,2025-02-22 04:32:19,10414.92,3171.54,2,small
1333,PackNGo_0069,travel,2025-01-29 19:39:12,12791.98,5625.14,1,small
1334,MediaWave_0107,entertainment,2025-01-13 00:39:27,732.9,458.1,15,medium
1335,StarStream_0108,entertainment,2025-01-12 17:02:24,880.54,420.02,13,medium
1336,InteriorCo_0121,home,2025-01-23 10:46:07,5518.57,2892.67,9,medium
1337,TrendSet_0191,fashion,2025-02-02 01:18:54,2449.29,1039.78,12,medium
1338,EduVerse_0101,education,2025-01-10 00:38:21,3729.29,1729.31,3,small
1339,DecorVault_0122,home,2025-02-18 21:45:13,3819.86,3513.28,3,small
1340,ChefDoor_0186,food_delivery,2025-01-07 07:08:31,474.87,135.72,14,small
1341,FashionVault_0192,fashion,2025-01-04 19:02:22,1776.18,1191.15,4,medium
1342,CureQuick_0115,health,2025-01-11 15:38:03,1337.75,1237.81,3,small
1343,HungryOwl_0187,food_delivery,2025-02-28 07:16:09,428.77,163.65,10,small
1344,SkillCraft_0102,education,2025-01-16 04:36:55,3650.12,2328.18,4,small
1345,AmusePark_0109,entertainment,2025-01-19 11:37:38,772.29,505.87,3,small
1346,ClassBridge_0103,education,2025-02-07 22:43:32,3229.48,2588.5,8,medium
1347,DineExpress_0188,food_delivery,2025-01-22 06:07:33,420.86,213.08,21,small
1348,CraveTown_0189,food_delivery,2025-02-15 07:52:36,458.7,245.77,17,small
1349,BiteBuddy_0190,food_delivery,2025-01-09 23:19:17,515.06,175.61,46,medium
1350,LookBook_0193,fashion,2025-02-14 05:32:03,2127.0,1331.11,5,small
1351,LifePulse_0116,health,2025-01-30 09:34:47,1837.52,1175.34,2,small
1352,FurniWorld_0123,home,2025-01-01 05:31:07,5296.84,3609.49,3,small
1353,FreshMart_0190,grocery,2025-01-27 00:09:21,664.09,399.93,29,medium
1354,DailyNeeds_0191,grocery,2025-01-15 09:56:41,670.83,371.04,7,small
1355,HouseJoy_0124,home,2025-01-23 04:22:10,4927.13,2250.71,8,medium
1356,PowerTech_0097,electronics,2025-01-09 11:15:59,8547.71,3415.41,24,large
1357,JetSetGo_0070,travel,2025-02-11 20:55:47,12159.74,6687.71,5,medium
1358,FoodDash_0191,food_delivery,2025-02-21 18:36:32,404.15,291.52,14,small
1359,SaaSPoint_0165,digital_services,2025-01-10 10:12:05,394.58,240.94,40,medium
1360,WearHouse_0194,fashion,2025-02-02 04:09:16,2052.71,872.7,5,small
1361,CodeBridge_0166,digital_services,2025-01-21 01:59:53,462.6,339.21,11,small
1362,MealBox_0192,food_delivery,2025-01-14 00:57:58,466.47,295.84,24,medium
1363,StudyNest_0104,education,2025-01-24 05:12:31,2886.54,2372.02,5,small
1364,SmartBuy_0098,electronics,2025-01-23 09:37:23,10657.6,5030.95,1,small
1365,QuickEats_0193,food_delivery,2025-01-17 00:20:38,409.35,166.86,11,small
1366,TripWise_0071,travel,2025-02-13 17:05:50,15582.49,7609.97,1,small
1367,GreenBasket_0192,grocery,2025-01-24 09:45:21,731.31,233.55,12,small
1368,ThreadBarn_0195,fashion,2025-02-04 15:33:14,1805.13,1129.34,12,medium
1369,UrbanStitch_0196,fashion,2025-01-26 20:25:15,1970.33,1254.14,47,large
1370,QuickGrocery_0193,grocery,2025-01-12 19:34:49,626.92,375.95,8,small
1371,ModaFit_0197,fashion,2025-01-31 05:34:14,2445.37,1150.51,12,medium
1372,FunZone_0110,entertainment,2025-01-21 05:02:10,680.79,475.86,9,small
1373,TastyTrail_0194,food_delivery,2025-02-19 17:30:25,446.2,154.22,19,small
1374,DocConnect_0117,health,2025-02-06 15:12:16,1658.42,1056.75,2,small
1375,PlayBox_0111,entertainment,2025-03-02 11:50:24,992.12,440.92,8,small
1376,ClosetBox_0198,fashion,2025-02-21 17:00:37,1822.27,1129.7,6,small
1377,DigitalNex_0167,digital_services,2025-01-13 23:48:27,515.14,436.29,8,small
1378,LivingSpace_0125,home,2025-01-10 15:34:14,4731.34,4143.09,1,small
1379,PlatformX_0168,digital_services,2025-01-04 20:49:35,352.6,252.27,37,medium
1380,SpiceRoute_0195,food_delivery,2025-01-11 19:49:33,353.41,223.88,17,small
1381,ChefDoor_0196,food_delivery,2025-01-26 05:18:00,570.86,241.82,16,small
1382,ChipNex_0099,electronics,2025-01-24 01:37:13,10130.96,4431.12,2,small
1383,SkyRoute_0072,travel,2025-01-07 13:22:54,9252.95,7089.02,4,medium
1384,JoyRide_0112,entertainment,2025-01-24 22:48:25,826.25,286.48,5,small
1385,GameVerse_0113,entertainment,2025-01-27 07:14:18,804.29,554.75,29,medium
1386,TechZone_0100,electronics,2025-01-22 23:15:17,8722.78,3272.35,1,small
1387,ByteShift_0169,digital_services,2025-01-11 11:01:08,561.83,247.85,11,small
1388,PantryPlus_0194,grocery,2025-02-14 07:54:57,796.73,241.91,139,large
1389,WallCraft_0126,home,2025-01-20 12:24:10,5663.36,3611.42,1,small
1390,GadgetHub_0101,electronics,2025-01-18 16:14:56,7475.62,2975.86,2,small
1391,ShowTime_0114,entertainment,2025-01-09 01:09:34,862.0,230.21,5,small
1392,CozyCorner_0127,home,2025-03-05 15:35:32,5220.65,3088.79,31,large
1393,FabricLane_0199,fashion,2025-01-29 15:24:01,2068.6,945.85,14,medium
1394,ElectroMart_0102,electronics,2025-01-13 00:42:18,8562.51,4492.2,9,medium
1395,RoomStyle_0128,home,2025-01-23 14:57:51,4577.28,3656.95,26,large
1396,StyleStreet_0200,fashion,2025-01-29 22:22:32,1680.15,1314.49,4,small
1397,WanderBook_0073,travel,2025-01-21 12:43:16,13192.64,5976.88,23,large
1398,BuildMart_0129,home,2025-02-01 16:44:37,5139.45,2827.2,2,small
1399,BrainWorks_0105,education,2025-01-10 22:20:27,4307.87,1949.12,16,medium
1400,HungryOwl_0197,food_delivery,2025-01-15 03:22:01,413.21,268.82,14,small
1401,DineExpress_0198,food_delivery,2025-01-28 23:42:49,544.84,170.61,15,small
1402,DigitalWorld_0103,electronics,2025-02-17 03:06:29,9465.7,4529.66,31,large
1403,TicketBay_0115,entertainment,2025-01-14 06:54:16,726.88,508.48,8,small
1404,NatureFresh_0195,grocery,2025-01-27 07:09:10,575.95,390.08,112,large
1405,TrendSet_0201,fashion,2025-02-04 09:57:13,2274.11,1220.29,3,small
1406,ValueMart_0196,grocery,2025-01-23 18:29:58,622.63,360.15,38,medium
1407,EventPulse_0116,entertainment,2025-01-07 07:54:04,1035.91,601.0,65,large
1408,FashionVault_0202,fashion,2025-03-11 09:54:49,1925.27,1002.23,7,small
1409,HomeNest_0130,home,2025-01-10 03:49:39,3591.1,3068.32,33,large
1410,CloudSync_0170,digital_services,2025-01-25 12:08:28,471.98,239.87,22,medium
1411,InteriorCo_0131,home,2025-01-11 22:15:40,4008.15,2574.3,13,medium
1412,MediaWave_0117,entertainment,2025-01-20 09:58:26,798.63,447.62,6,small
1413,DecorVault_0132,home,2025-01-21 15:05:54,5101.16,2793.23,12,medium
1414,StarStream_0118,entertainment,2025-01-09 11:38:15,609.33,617.13,19,medium
1415,LookBook_0203,fashion,2025-01-08 03:22:13,2182.72,1033.68,2,small
1416,FitPath_0118,health,2025-01-14 22:06:35,1300.0,847.44,4,small
1417,FlyEasy_0074,travel,2025-01-20 06:25:47,9692.93,5522.48,1,small
1418,TravelNest_0075,travel,2025-02-10 06:15:32,11076.4,7447.2,14,large
1419,FurniWorld_0133,home,2025-01-11 00:37:21,5429.35,3749.55,4,small
1420,AmusePark_0119,entertainment,2025-01-18 14:07:02,556.26,414.41,24,medium
1421,DataFlow_0171,digital_services,2025-01-16 11:24:51,459.14,351.65,95,large
1422,CraveTown_0199,food_delivery,2025-01-23 19:56:07,544.75,241.71,19,small
1423,BiteBuddy_0200,food_delivery,2025-02-12 16:37:37,425.29,196.1,13,small
1424,FoodDash_0201,food_delivery,2025-01-31 22:50:27,359.65,258.87,61,medium
1425,MealBox_0202,food_delivery,2025-01-16 18:52:16,429.3,252.18,12,small
1426,QuickEats_0203,food_delivery,2025-02-05 17:56:13,339.71,240.29,30,medium
1427,WearHouse_0204,fashion,2025-01-06 10:19:38,2129.52,1249.47,16,medium
1428,ByteStore_0104,electronics,2025-01-16 01:45:23,9518.08,4464.68,9,medium
1429,HealZone_0119,health,2025-02-02 06:16:44,1562.77,1058.85,1,small
1430,TastyTrail_0204,food_delivery,2025-01-30 11:34:02,543.73,143.9,44,medium
1431,FunZone_0120,entertainment,2025-01-16 00:16:12,602.17,426.98,20,medium
1432,CourseTrail_0106,education,2025-01-15 10:37:41,3103.43,3072.12,3,small
1433,CircuitCity_0105,electronics,2025-01-05 22:34:29,7944.51,3893.13,10,medium
1434,ThreadBarn_0205,fashion,2025-01-23 22:29:15,2527.19,926.69,35,large
1435,StaplePick_0197,grocery,2025-01-07 20:08:11,699.85,374.74,27,medium
1436,PlayBox_0121,entertainment,2025-01-10 20:14:51,912.37,410.91,8,small
1437,FarmDirect_0198,grocery,2025-01-24 16:31:46,705.59,270.77,10,small
1438,VoyagePlan_0076,travel,2025-02-28 18:12:36,10688.49,8255.8,1,small
1439,JoyRide_0122,entertainment,2025-01-28 19:36:41,628.18,360.57,6,small
1440,GameVerse_0123,entertainment,2025-01-23 14:48:30,842.94,510.55,6,small
1441,GroceHub_0199,grocery,2025-01-04 03:48:26,585.01,362.88,211,large
1442,MegaPixel_0106,electronics,2025-01-16 02:43:38,9909.48,3769.27,2,small
1443,UrbanStitch_0206,fashion,2025-03-04 21:17:36,1170.24,1456.49,18,medium
1444,PowerTech_0107,electronics,2025-01-20 18:13:10,7847.41,2854.63,1,small
1445,ModaFit_0207,fashion,2025-02-08 13:38:26,2359.98,1178.56,5,small
1446,AcadEdge_0107,education,2025-01-24 09:42:08,3564.83,2983.38,3,small
1447,HouseJoy_0134,home,2025-01-29 01:15:53,5245.92,1746.19,1,small
1448,GlobeHopper_0077,travel,2025-02-08 14:24:55,11125.56,9727.31,7,medium
1449,StreamLine_0172,digital_services,2025-02-06 20:05:36,485.22,263.31,37,large
1450,FreshMart_0200,grocery,2025-01-01 22:10:22,740.67,311.49,226,large
1451,MediCare_0120,health,2025-01-01 23:10:12,1578.18,1421.06,4,small
1452,MentorLab_0108,education,2025-01-15 23:14:45,2728.8,2616.07,12,medium
1453,LivingSpace_0135,home,2025-02-19 08:21:51,4297.27,3502.79,3,small
1454,ShowTime_0124,entertainment,2025-01-30 10:07:58,889.45,498.35,38,large
1455,DailyNeeds_0201,grocery,2025-01-25 17:47:09,641.94,362.32,17,medium
1456,ClosetBox_0208,fashion,2025-01-15 23:48:14,2260.92,1176.77,2,small
1457,GreenBasket_0202,grocery,2025-01-12 09:27:20,615.03,328.17,18,small
1458,SpiceRoute_0205,food_delivery,2025-01-07 14:57:09,463.21,241.44,14,small
1459,TicketBay_0125,entertainment,2025-03-10 08:28:45,518.91,567.23,4,small
1460,ChefDoor_0206,food_delivery,2025-01-16 18:57:03,429.86,157.88,153,large
1461,HealthFirst_0121,health,2025-01-10 01:01:23,2119.55,1186.55,17,medium
1462,RouteMaster_0078,travel,2025-01-17 15:31:00,16147.1,4726.6,9,large
1463,FabricLane_0209,fashion,2025-02-14 02:14:18,1549.05,1351.66,3,small
1464,QuickGrocery_0203,grocery,2025-02-08 16:42:43,598.64,334.84,44,medium
1465,AppForge_0173,digital_services,2025-02-20 08:28:38,366.32,224.47,9,small
1466,NetPulse_0174,digital_services,2025-01-16 10:05:42,607.89,298.48,22,medium
1467,HungryOwl_0207,food_delivery,2025-02-05 03:23:23,321.11,238.11,11,small
1468,PantryPlus_0204,grocery,2025-01-14 18:12:48,529.52,229.93,6,small
1469,SaaSPoint_0175,digital_services,2025-01-30 08:02:05,413.49,285.67,19,medium
1470,StyleStreet_0210,fashion,2025-01-06 05:37:58,2266.85,1140.85,7,small
1471,EventPulse_0126,entertainment,2025-02-03 19:31:35,544.33,516.15,6,small
1472,TrendSet_0211,fashion,2025-03-07 05:30:02,1829.0,1222.86,18,medium
1473,FashionVault_0212,fashion,2025-01-13 13:47:13,2234.74,1532.27,1,small
1474,PackNGo_0079,travel,2025-01-06 16:52:17,9978.64,10360.09,19,large
1475,JetSetGo_0080,travel,2025-03-13 22:09:06,13297.23,9973.14,2,medium
1476,TripWise_0081,travel,2025-02-09 07:00:54,13909.47,9702.99,4,medium
1477,DineExpress_0208,food_delivery,2025-01-28 09:36:54,607.75,207.85,17,medium
1478,MediaWave_0127,entertainment,2025-02-21 23:00:41,857.19,428.01,26,medium
1479,CraveTown_0209,food_delivery,2025-02-13 05:32:48,482.88,176.08,72,medium
1480,BiteBuddy_0210,food_delivery,2025-01-16 02:21:10,506.37,166.88,143,large
1481,FoodDash_0211,food_delivery,2025-01-08 21:20:44,481.02,185.43,44,medium
1482,SmartBuy_0108,electronics,2025-02-13 04:47:07,8544.07,3147.36,1,small
1483,KnowPath_0109,education,2025-01-09 02:38:31,3679.35,1505.55,2,small
1484,NatureFresh_0205,grocery,2025-01-12 07:49:42,463.98,234.61,45,medium
1485,CodeBridge_0176,digital_services,2025-02-25 13:25:58,479.99,284.5,5,small
1486,ChipNex_0109,electronics,2025-01-10 21:59:38,7712.98,4301.16,2,small
1487,StarStream_0128,entertainment,2025-01-22 15:58:11,923.4,596.51,5,small
1488,MealBox_0212,food_delivery,2025-02-22 21:42:02,338.87,169.73,48,medium
1489,WallCraft_0136,home,2025-01-04 02:04:59,3801.16,2367.23,3,small
1490,QuickEats_0213,food_delivery,2025-02-21 19:54:40,595.82,180.47,49,medium
1491,TechZone_0110,electronics,2025-01-04 01:14:44,6925.56,4994.72,10,medium
1492,WellnessHub_0122,health,2025-01-16 13:40:48,2041.72,1271.96,10,medium
1493,DigitalNex_0177,digital_services,2025-01-06 17:48:33,472.78,402.59,10,small
1494,PharmEasy_0123,health,2025-01-21 16:15:09,1134.23,1090.96,9,medium
1495,TastyTrail_0214,food_delivery,2025-01-21 02:53:25,503.89,216.33,23,medium
1496,PlatformX_0178,digital_services,2025-01-06 16:38:24,524.19,312.64,9,small
1497,CozyCorner_0137,home,2025-01-26 09:25:08,5017.98,3897.58,11,medium
1498,ByteShift_0179,digital_services,2025-01-08 02:30:18,502.06,368.88,15,small
1499,ValueMart_0206,grocery,2025-01-29 23:13:55,746.08,364.43,135,large
1500,CloudSync_0180,digital_services,2025-01-11 05:12:03,523.04,301.11,14,small
